--[[
Encrypted by Hackers House
Tool : https://hackershouse.tech/online-lua-obfuscator-free-unlimited
Version: 1.1.0
]]
_G["azGnwvFP"]=function(src)
  local box={__src=src}
  return setmetatable({}, {
    __index=function(_,k) return box.__src[k] end,
    __newindex=function(_,k,v) box.__src[k]=v end
  })
end
_G["WL7rCKBTzgn"]=function(a,b)
  if type(a)~="table" then return nil end
  local mt=getmetatable(a)
  if mt and mt.__index then return a[b] end
  local p=_G["azGnwvFP"](a)
  return p[b]
end
_G["hGvYIJBDIJpaV"]={{k=84,b={165,139,134,187,135,171,196,185,134}},{k=40,b={122,115,129,118,156,105,121,92}},{k=63,b={179,160,161,171,164}},{k=29,b={110,84,79,132,80,116,141,130,79}},{k=104,b={213,153,159,185,154,225,154,155,204,182,174}},{k=22,b={93,134,91,125,131,139,123,125,117}},{k=119,b={201,194,208,197,235,184,200,171}},{k=49,b={151,166,159,148,165,154,160,159}},{k=163,b={16,212,218,244,213,28,213,214,7,241,233}},{k=20,b={245,246,171,251,171,244,72,103,180,241,139,139,159,180,96,82,159,139,142,114,247,82,9,114,145,184,198,86,16,23,241,139,139,159,180,96,82,159,139,166,1,184,194,103,233,82,159,250,5,86,37,44,241,139,139,138,117,139,195,195,195,142,114,247,82,9,114,145,184,198,209,166,1,184,194,103,233,82,159,250,5,202,230,195,142,114,247,82,9,114,145,245,245,37,244,244,244,27,110,112,15,80,63,110,52,73,87,68,81,60,91,12,12,0,0,245,12,5,68,83,73,5,13,13,13,13,104,100,89,68,247,100,79,110,112,14,80,245,245,207,244,244,244,77,149,132,158,179,125,174,171,150,129,230,229,226,230,234,231,231,146,142,131,174,221,142,165,132,138,229,226,230,228,231,170,149,132,158,179,125,174,171,150,129,229,226,230,230,230,218,218,223,230,239,163,167,178,169,197,171,168,172,174,171,239,151,220,214,157,224,173,132,176,159,144,127,223,159,127,218,220,214,224,197,171,168,172,174,171,239,124,225,160,245,244,167,244,244,244,51,249,250,255,238,26,251,228,215,177,30,15,16,19,12,199,27,25,28,12,199,11,22,177,199,199,16,13,199,31,218,224,25,222,9,242,14,23,238,247,215,23,247,228,228,218,224,222,199,27,15,12,21,177,199,199,199,199,250,221,30,249,250,255,245,246,93,1,185,244,76,248,52,161,118,148,27,104,135,148,213,248,52,161,140,218,223,253,253,253,253,178,139,253,101,148,27,104,135,148,213,248,52,161,127,40,114,166,101,148,27,104,135,148,213,248,52,161,127,40,114,118,118,205,253,65,165,126,243,253,117,244,66,39,40,87,44,152,13,248,109,205,13,109,118,40,53,66,253,126,217,52,126,253,117,244,66,39,40,245,244,170,244,244,244,56,12,245,17,26,241,250,218,26,250,231,219,218,224,218,202,15,24,14,180,202,202,15,22,29,15,19,16,202,34,221,227,28,225,12,245,17,26,241,250,218,26,250,231,231,225,226,227,202,30,18,15,24,180,202,180,180,22,25,13,11,22,202,12,242,225,20,23,26,245,245,49,244,244,244,59,96,68,248,106,83,100,17,244,17,78,80,68,76,251,110,76,61,98,76,67,63,72,82,76,9,110,65,108,78,68,60,76,78,86,9,9,0,10,249,249,4,249,249,8,8,8,43,69,70,82,80,69,17,69,105,110,254,103,254,110,88,74,60,97,112,64,250,17,77,70,17,245,245,132,244,244,244,56,240,243,231,229,240,164,185,214,202,216,239,208,212,212,152,161,235,229,241,233,158,203,233,216,183,233,214,218,237,231,233,172,203,212,201,235,241,217,233,235,195,172,172,150,175,151,156,177,151,156,173,173,173,159,164,240,204,203,155,210,155,203,189,239,217,180,197,213,245,244,106,244,244,244,38,167,191,220,176,222,213,182,218,218,158,138,207,216,206,116,214,217,205,203,214,138,211,163,211,221,194,215,205,171,194,178,218,177,161,165,138,206,217,138,214,217,205,203,214,138,204,155,162,158,156,245,246,16,7,15,244,62,190,1,77,96,143,151,181,67,39,143,94,85,143,172,57,143,134,210,219,105,143,8,85,96,47,181,39,191,143,181,29,8,8,217,65,236,236,103,236,236,27,27,27,113,112,219,75,219,153,152,39,105,227,152,104,96,85,37,151,86,179,56,236,198,190,1,77,96,143,112,143,58,124,206,245,244,10,244,244,244,61,118,121,109,107,118,42,110,117,130,82,60,75,92,76,58,84,94,69,42,110,121,42,118,121,109,107,118,42,110,82,60,120,120,85,86,61,97,125,71,113,107,119,111,68,81,111,126,93,111,124,128,115,109,111,50,81,122,79,113,119,127,111,113,105,50,50,62,53,66,64,55,66,64,245,244,152,244,244,244,75,193,193,193,211,184,252,3,16,224,202,217,234,218,200,226,236,213,252,224,202,6,6,227,228,203,239,11,184,253,6,252,162,4,7,251,249,4,184,13,16,208,16,220,230,13,219,220,218,219,10,230,12,253,211,184,252,7,184,4,7,251,249,4,184,241,7,221,209,17,235,231,209,225,8,213,250,224,207,2,5,8,233,5,209,227,250,229,245,245,7,244,244,244,30,49,83,112,100,102,115,55,115,102,94,106,85,28,39,90,95,31,95,75,81,90,68,75,69,68,85,81,91,106,34,62,112,74,30,94,52,80,30,78,87,39,106,245,244,59,244,244,244,40,169,159,69,69,167,170,158,156,167,91,159,172,116,131,159,140,140,169,130,112,138,163,167,175,118,91,159,170,91,167,170,158,156,167,91,146,164,133,175,145,112,113,126,161,165,120,99,99,108,111,109,115,245,244,128,244,244,244,46,178,179,178,185,177,170,177,169,171,168,181,173,181,169,169,187,160,228,241,185,200,228,209,209,238,199,181,207,232,236,244,189,215,233,202,244,214,181,182,195,230,234,160,229,238,228,138,233,230,160,231,225,237,229,174,208,236,225,245,245,37,244,244,244,34,70,72,108,73,5,67,0,5,73,52,252,109,73,84,84,83,106,248,114,77,81,57,5,57,77,72,83,47,5,5,5,5,56,61,253,61,105,115,56,102,105,103,102,55,115,57,245,246,11,9,49,244,38,84,205,50,168,42,210,83,222,59,180,126,252,164,84,126,214,83,83,100,146,142,188,142,104,104,104,221,171,171,171,171,101,84,143,164,101,17,221,84,17,63,221,221,231,38,42,0,231,171,126,245,246,38,249,193,244,78,131,152,61,202,136,46,41,22,137,162,16,192,21,132,16,77,198,26,81,198,66,81,21,11,66,198,222,136,121,217,71,167,36,107,57,87,137,86,127,41,71,111,31,41,1,238,238,52,253,62,62,7,62,62,243,243,77,198,41,131,152,61,202,136,46,41,22,137,162,16,192,21,132,16,87,222,136,121,217,71,167,36,107,57,198,31,76,26,88,192,245,244,157,244,244,244,45,232,246,235,17,222,238,209,197,252,228,201,197,3,18,11,0,17,6,12,11,197,198,9,12,0,254,9,189,8,218,197,197,206,205,207,199,206,198,200,197,206,207,202,206,207,198,198,216,9,12,0,254,9,189,255,218,24,245,246,53,11,155,244,53,179,156,225,41,205,205,179,133,156,251,156,228,18,205,156,84,64,156,84,228,228,41,205,205,205,156,84,84,18,156,248,228,64,156,248,228,18,205,248,64,248,228,228,41,205,205,179,156,133,18,156,38,228,64,156,38,228,41,205,205,205,179,156,133,18,245,246,50,251,171,244,76,158,81,109,158,81,95,74,144,151,109,144,151,81,81,157,207,252,59,80,18,17,221,137,102,39,224,18,238,59,18,38,59,231,217,38,18,108,221,224,175,17,189,109,31,207,18,17,252,18,108,214,74,74,130,88,137,81,95,74,158,109,158,81,81,18,94,10,245,52,18,108,221,108,95,74,74,144,165,172,88,137,81,95,74,186,109,186,81,245,245,44,244,244,244,64,5,12,81,74,80,247,12,78,87,69,89,249,63,64,62,69,74,83,10,79,68,77,62,4,66,5,12,81,74,80,247,12,62,81,64,65,62,74,12,64,77,78,72,81,10,79,75,74,79,77,64,4,78,5,12,81,74,80,5,4,5,5,4,82,65,74,79,64,69,75,74,4,5,12,94,103,245,244,108,244,244,244,63,197,186,224,173,189,160,148,203,179,152,148,210,225,218,207,224,213,219,218,148,149,216,219,207,205,216,140,215,169,148,148,163,165,150,157,149,151,148,157,159,153,157,159,149,149,167,216,219,207,205,216,140,206,169,231,148,148,148,157,165,160,151,157,158,149,153,157,158,149,151,148,159,153,159,149,245,246,23,9,49,244,34,116,179,95,95,95,28,175,7,158,28,7,116,200,28,7,116,158,95,70,200,70,116,116,179,28,196,112,179,95,95,95,28,154,175,158,175,116,200,175,116,158,95,28,28,200,28,245,244,33,244,244,244,52,82,74,74,77,82,89,88,77,82,89,85,77,73,73,73,82,90,82,76,82,83,74,78,82,83,74,76,73,89,78,89,74,74,77,73,73,82,88,88,75,82,74,76,73,83,82,78,83,82,74,74,77,73,73,82,90,81,76,82,82,74,78,82,82,245,244,142,244,244,244,69,183,186,182,182,191,197,196,184,191,183,185,182,198,187,198,183,183,186,182,182,191,199,193,185,191,195,183,187,191,195,183,186,191,197,199,11,201,244,253,0,174,247,203,182,182,182,191,185,191,192,183,187,191,192,183,185,182,193,187,193,183,183,186,177,240,174,242,253,174,250,253,241,239,250,174,4,203,240,233,247,235,245,245,35,244,244,244,64,246,56,8,3,58,61,3,77,7,251,251,19,248,12,250,246,12,250,3,79,59,62,53,3,77,6,77,248,251,251,17,14,13,248,18,12,250,246,18,12,250,3,62,53,63,8,3,65,104,58,102,6,80,79,81,58,53,60,245,64,59,66,81,251,77,250,3,62,53,63,8,3,81,62,79,78,245,246,55,7,15,244,45,173,97,151,211,106,125,59,182,161,144,116,97,144,106,211,47,125,66,151,182,97,163,66,47,66,66,47,220,50,181,40,115,69,239,220,199,124,219,125,77,144,105,125,66,151,182,97,163,66,245,245,151,245,77,200,210,1,245,246,71,249,193,244,31,139,140,220,75,15,34,170,35,241,19,60,60,65,19,100,100,19,100,90,19,60,55,95,19,60,55,95,241,20,15,69,144,109,54,139,84,114,109,15,20,121,231,231,245,245,130,244,244,244,42,162,162,214,213,225,227,214,162,209,195,183,204,209,195,210,204,236,192,162,167,162,208,185,203,180,238,195,211,174,154,208,185,203,180,238,195,211,174,154,197,189,150,154,220,239,212,225,238,219,213,212,154,155,214,245,245,96,244,244,244,52,247,3,1,244,64,251,69,56,56,56,81,80,72,59,79,57,53,79,57,59,56,83,53,83,57,57,75,244,247,3,1,244,64,2,69,11,56,56,81,72,81,59,81,78,57,53,81,78,57,52,56,56,56,82,81,72,59,83,57,53,83,57,59,56,245,244,11,244,244,244,64,61,59,56,61,59,52,52,55,51,51,61,61,62,53,60,52,54,51,60,65,56,60,65,52,52,55,51,51,51,61,61,63,54,66,52,56,66,52,54,51,66,56,66,52,52,55,51,51,61,59,64,53,60,52,54,51,60,64,56,60,64,52,52,55,51,51,61,60,67,54,60,60,52,56,60,60,245,244,148,244,244,244,71,189,192,188,188,198,196,203,190,197,189,191,188,197,205,193,197,205,189,189,192,188,188,198,196,205,190,197,189,191,188,198,198,193,198,198,189,189,17,207,250,3,6,180,253,209,197,192,183,246,180,248,3,180,0,3,247,245,0,180,10,209,246,239,253,241,193,255,207,180,253,250,180,10,208,188,188,196,191,201,189,193,201,189,245,246,90,1,185,244,34,250,62,162,123,240,250,88,115,88,137,228,11,24,250,123,240,110,89,250,84,249,175,19,115,49,62,36,175,240,149,176,97,162,71,36,98,88,111,250,123,240,110,89,250,36,123,245,245,124,244,244,244,60,240,241,238,218,156,240,221,222,216,225,154,223,219,218,223,221,240,148,222,149,156,225,218,224,149,148,149,149,152,148,226,241,218,223,240,213,219,218,148,149,216,219,223,221,216,156,215,169,148,148,148,164,177,151,177,149,153,177,149,151,148,173,173,153,173,173,149,149,167,216,219,223,245,245,176,244,244,244,25,209,196,144,210,117,187,136,136,129,121,125,138,129,137,139,136,127,133,127,137,137,132,129,120,126,132,136,136,136,130,128,124,139,124,137,133,124,245,245,168,244,244,244,57,145,147,144,121,122,141,121,122,145,145,189,131,198,207,186,136,209,125,144,144,121,146,121,145,147,144,122,122,141,122,122,145,145,140,139,202,136,196,207,136,204,207,203,201,204,136,182,125,202,227,209,221,141,211,131,136,209,198,136,182,124,144,144,120,147,121,116,145,141,245,244,181,244,244,244,24,230,233,222,213,41,29,26,35,213,43,242,43,224,221,221,221,231,234,235,224,230,238,222,226,230,238,222,224,221,230,238,226,230,238,222,222,245,244,149,244,244,244,45,181,250,3,249,208,181,247,240,254,242,210,8,9,7,254,3,252,195,248,253,246,7,189,11,190,181,250,3,249,208,181,7,250,9,10,7,3,181,9,246,247,1,250,195,248,4,3,248,246,9,189,247,190,181,250,3,249,245,244,178,244,244,244,46,219,218,219,219,218,249,34,247,25,31,39,23,25,17,218,218,233,221,229,226,223,229,226,219,219,219,188,210,210,210,210,5,243,255,8,5,243,2,8,40,244,224,0,19,31,23,210,239,210,249,34,247,25,31,39,23,25,17,245,244,20,244,244,244,50,60,60,76,63,75,75,65,75,75,61,61,30,52,52,52,52,103,85,97,106,103,85,100,106,138,86,66,102,121,135,121,136,99,130,103,132,117,139,130,52,81,52,122,117,128,135,121,30,52,52,52,52,103,85,97,106,103,85,100,106,138,86,245,246,88,249,193,244,40,62,197,91,126,131,146,81,187,161,101,197,126,151,81,156,248,137,248,156,146,161,81,138,248,248,248,248,247,157,217,6,247,157,232,6,166,162,62,232,61,146,81,126,156,248,137,248,91,61,121,81,122,245,244,126,244,244,244,38,197,227,242,209,227,240,244,231,225,227,166,197,238,195,229,235,243,227,229,221,166,166,183,169,175,181,171,175,181,167,167,167,136,136,158,158,158,158,234,237,225,223,234,158,204,193,191,176,200,229,245,244,187,244,244,244,27,9,12,46,33,50,42,7,237,219,248,219,13,6,20,9,47,252,12,239,227,13,6,20,9,47,252,12,239,227,26,2,231,227,33,48,41,30,47,36,245,246,98,11,155,244,65,91,68,250,17,22,91,71,25,22,66,255,221,250,250,250,37,14,63,83,17,109,83,17,63,250,14,109,14,17,17,175,22,91,71,25,22,66,48,221,111,201,224,83,86,250,250,250,201,60,14,63,201,247,17,109,201,247,17,63,250,201,14,109,201,14,17,17,86,250,250,201,60,129,63,224,17,109,245,245,208,244,244,244,47,226,233,228,232,232,225,223,224,234,225,233,235,232,227,229,227,233,233,228,232,232,225,221,225,234,225,233,235,232,222,229,222,233,233,228,232,232,232,225,222,220,235,225,224,233,229,225,224,233,235,232,225,227,229,225,227,233,233,228,245,244,182,244,244,244,31,222,222,231,235,233,225,231,237,223,227,231,237,223,226,222,222,231,235,235,225,231,230,223,227,231,230,223,51,241,28,37,40,214,31,243,231,226,217,24,214,26,37,214,245,245,109,244,244,244,24,9,10,14,12,9,77,3,56,15,22,4,24,72,6,54,77,4,19,77,3,57,69,69,61,70,52,68,72,52,68,77,1,5,16,11,77,245,245,37,244,244,244,47,59,0,59,14,13,13,247,248,251,15,244,12,14,13,247,246,16,247,246,12,12,5,72,83,73,254,5,71,94,76,96,0,54,57,55,76,83,74,19,70,77,68,55,13,59,12,5,72,83,73,254,5,55,72,57,56,55,83,5,245,246,120,255,151,244,51,116,163,174,28,207,114,185,61,50,185,163,116,48,174,59,216,207,50,196,59,48,59,59,92,48,218,127,50,185,116,251,61,50,48,59,28,61,185,163,28,216,17,23,48,48,147,213,180,70,147,59,81,48,158,158,103,158,158,59,59,1,28,61,245,244,80,244,244,244,77,179,177,188,112,178,141,203,120,120,120,130,136,123,135,121,125,135,121,123,120,129,131,125,129,131,121,121,124,120,120,129,137,123,129,128,121,125,129,128,121,124,120,120,131,135,122,129,121,123,120,132,125,132,121,121,205,139,182,191,194,112,185,141,120,120,129,122,129,121,123,120,129,132,125,129,132,121,121,124,115,178,112,180,191,112,188,191,179,177,245,244,200,244,244,244,35,52,232,62,5,42,35,49,37,245,51,3,232,49,46,232,62,4,240,240,248,242,249,241,243,240,249,255,245,249,255,241,241,232,60,48,45,54,232,62,5,62,243,240,240,250,253,254,245,244,142,244,244,244,59,185,192,183,187,192,183,174,243,252,242,201,174,240,233,247,235,203,1,2,0,247,252,245,188,241,246,239,0,182,4,183,174,243,252,242,201,174,0,243,2,3,0,252,174,2,239,240,250,243,188,241,253,252,241,239,2,182,240,183,174,243,252,242,183,182,183,183,182,213,254,211,245,245,173,244,244,244,64,210,200,192,208,210,218,133,133,124,125,134,124,124,125,136,124,124,125,132,132,132,167,141,141,141,141,235,238,236,127,231,210,235,220,190,211,194,202,233,127,139,222,196,183,208,141,120,141,223,230,212,235,193,236,220,129,133,223,230,212,235,193,236,220,129,133,218,242,137,133,211,192,203,206,193,196,245,246,75,9,49,244,64,102,81,147,168,39,102,106,64,39,235,18,76,143,59,34,39,102,106,64,39,235,85,76,98,80,101,164,231,147,147,80,59,227,210,80,80,168,252,80,80,168,231,147,147,80,143,164,189,80,168,210,147,80,80,252,80,80,168,168,231,147,147,147,80,143,248,210,80,227,168,252,80,227,168,210,147,245,245,77,244,244,244,35,85,104,85,100,100,105,101,101,84,93,102,92,95,100,104,92,95,100,24,86,51,42,31,109,36,88,101,101,101,92,102,92,84,100,104,92,84,100,102,101,96,104,96,100,100,105,110,245,245,107,244,244,244,73,9,75,7,12,75,15,12,8,10,15,75,245,62,9,32,18,30,78,16,64,75,18,5,75,245,63,83,83,59,80,66,82,78,66,82,75,247,19,6,13,75,245,62,245,80,83,83,83,57,54,53,80,58,56,82,78,58,56,82,80,83,57,58,78,57,58,82,82,75,6,13,7,64,75,9,32,18,30,62,248,247,249,18,13,4,245,245,83,244,244,244,46,101,48,43,50,33,107,29,106,115,46,37,47,88,115,33,46,31,30,33,37,115,31,50,49,39,46,101,48,36,37,48,50,31,107,49,106,115,46,37,47,106,107,106,106,103,107,45,30,37,48,31,42,36,37,107,106,39,36,245,246,66,255,151,244,64,131,109,230,162,219,225,250,250,159,104,27,93,181,5,49,93,181,5,203,230,7,131,109,230,162,120,225,139,250,250,93,159,126,16,93,5,27,250,181,49,181,5,5,38,250,250,93,170,148,27,126,5,49,126,5,38,250,250,93,170,115,16,93,5,27,250,126,49,126,5,5,38,250,250,93,170,245,245,64,244,244,244,49,113,91,115,89,85,115,89,84,88,88,113,109,109,90,113,89,91,88,113,105,85,113,105,89,89,84,113,111,113,84,88,88,88,113,110,105,91,115,89,85,115,89,91,88,115,85,115,89,89,84,88,88,88,113,104,112,91,113,114,89,85,245,246,195,7,15,244,55,102,121,206,244,187,254,26,254,206,206,7,187,187,102,216,140,244,102,121,206,26,102,121,206,10,36,85,0,57,35,142,74,187,187,187,102,244,102,83,206,26,102,83,206,244,187,102,83,26,102,83,206,206,7,92,9,35,47,0,35,199,0,28,246,199,35,133,245,244,148,244,244,244,52,209,246,239,253,241,193,255,207,180,253,250,180,10,208,188,188,196,190,197,189,191,188,202,193,202,189,189,180,8,252,249,2,180,10,209,10,191,188,188,198,201,202,190,197,189,191,188,197,196,193,197,196,189,189,180,249,2,248,207,180,246,239,253,241,245,246,213,249,193,244,48,6,20,25,15,226,251,216,187,196,221,186,15,157,35,162,117,206,251,201,252,117,15,206,25,30,15,251,117,25,186,191,241,206,187,196,0,251,196,186,25,157,191,162,117,206,251,201,162,157,162,162,157,157,157,202,167,202,162,172,157,245,244,41,244,244,244,76,90,98,86,90,98,82,82,85,81,81,81,90,84,90,97,82,86,90,97,82,84,81,90,91,86,90,91,82,82,82,51,73,73,73,73,119,108,106,91,115,144,119,122,156,143,160,152,117,91,87,107,138,140,148,144,155,152,158,151,141,108,152,149,152,155,92,73,102,73,123,116,130,119,157,106,122,93,81,136,112,132,81,143,158,151,140,157,146,245,244,86,244,244,244,42,197,196,126,127,194,197,185,183,194,118,193,147,126,126,135,136,143,129,139,127,131,139,127,145,194,197,185,183,194,118,184,147,209,126,126,135,143,140,128,135,127,129,126,135,137,131,135,137,127,127,130,126,126,126,245,245,175,244,244,244,30,125,131,127,132,119,134,138,119,134,132,135,126,124,138,126,124,134,134,139,125,124,128,139,135,135,125,131,127,133,126,134,132,135,126,129,138,126,129,134,134,139,135,245,244,56,244,244,244,51,96,96,106,108,107,99,113,97,101,113,97,99,96,109,101,109,97,97,100,96,96,105,112,104,98,105,97,99,96,105,107,101,105,107,97,97,181,115,158,167,170,88,161,117,96,96,105,99,112,97,101,112,97,100,91,154,88,156,167,88,164,167,155,245,245,98,244,244,244,33,3,246,66,12,71,0,41,251,39,55,249,73,66,251,252,66,12,70,58,58,82,57,83,82,59,55,83,82,59,66,14,250,255,244,66,12,71,12,57,58,58,80,79,76,56,245,244,33,244,244,244,76,82,74,76,73,82,90,78,82,90,74,74,65,134,143,133,92,65,131,124,138,126,94,148,149,147,138,143,136,79,132,137,130,147,73,151,74,65,134,143,133,92,65,147,134,149,150,147,143,65,149,130,131,141,134,79,132,144,143,132,130,149,73,131,74,65,134,143,133,74,73,74,126,77,73,135,150,143,132,149,138,144,143,73,74,141,144,132,130,245,244,212,244,244,244,33,64,244,63,17,252,252,252,12,10,255,5,5,253,1,5,5,253,255,252,5,10,1,5,10,253,253,15,64,67,55,53,64,244,54,17,79,252,252,5,12,12,255,5,7,253,245,244,137,244,244,244,65,182,186,188,178,181,177,177,187,185,185,180,186,192,178,182,186,192,178,181,186,194,192,181,177,177,186,194,190,180,188,178,182,188,178,181,186,191,193,181,177,177,186,190,192,179,186,178,180,177,186,186,182,186,186,178,178,181,186,190,187,6,196,239,248,251,169,242,198,177,177,177,186,180,186,192,178,182,245,244,160,244,244,244,56,209,215,201,203,200,209,216,205,209,216,201,201,204,195,2,192,4,15,192,12,15,3,1,12,192,22,221,2,251,9,253,205,11,219,192,9,6,192,22,220,208,192,20,8,5,14,192,22,221,22,203,200,200,210,213,214,203,209,215,201,205,209,215,201,192,5,14,4,245,244,92,244,244,244,77,151,124,190,183,197,185,153,207,208,206,197,202,195,138,191,196,189,206,132,210,133,124,193,202,192,151,124,206,193,208,209,206,202,124,208,189,190,200,193,138,191,203,202,191,189,208,132,190,133,124,193,202,192,133,132,133,133,132,132,132,145,144,135,141,145,133,137,141,145,133,136,132,132,145,147,134,141,133,135,132,142,142,137,142,142,133,133,136,132,245,246,119,247,159,244,28,239,25,16,248,10,34,242,254,10,34,242,242,149,215,215,215,215,97,64,58,13,85,172,97,106,208,169,220,196,91,13,1,61,196,205,163,166,205,112,178,245,245,154,244,244,244,60,208,183,234,195,210,183,190,122,143,122,130,130,138,128,139,131,129,130,139,132,127,139,132,131,131,160,122,122,122,122,220,217,219,136,224,181,220,235,201,180,197,189,222,136,124,234,187,200,183,188,198,122,143,122,233,219,223,228,233,219,234,228,196,216,160,160,122,122,122,122,190,189,245,244,184,244,244,244,37,27,25,36,216,255,232,36,14,232,237,254,250,32,17,234,10,42,216,245,216,10,3,17,6,44,249,9,236,224,10,3,17,6,44,249,9,236,224,23,255,228,224,30,45,38,27,44,33,39,245,245,133,244,244,244,57,243,173,172,241,242,230,228,241,165,238,160,173,173,151,149,151,174,157,172,176,157,172,158,241,242,230,228,241,165,231,160,222,173,173,148,156,175,148,172,174,173,148,150,176,148,150,172,172,177,152,155,177,173,173,155,148,175,148,172,174,173,148,154,176,148,154,172,172,177,245,246,88,247,159,244,60,250,238,220,208,208,208,244,241,217,235,0,211,223,235,0,211,217,208,238,238,223,238,238,211,211,220,247,250,220,208,208,244,247,217,235,232,211,223,235,232,211,220,208,208,244,253,214,235,211,217,208,238,241,223,238,241,211,211,207,9,138,165,174,184,147,15,235,220,193,126,184,132,245,244,158,244,244,244,64,13,190,10,13,1,255,10,190,20,219,0,249,7,251,203,9,217,190,7,4,190,20,218,206,190,18,6,3,12,190,20,219,20,201,198,198,198,208,211,212,201,207,210,199,203,207,210,199,201,198,207,208,203,207,208,199,199,190,3,12,2,217,190,0,249,7,251,219,17,18,16,7,12,5,204,1,245,246,75,1,185,244,56,147,56,21,83,73,96,235,108,225,95,74,235,21,108,47,60,21,225,235,47,56,69,199,108,161,82,238,225,82,56,47,83,69,96,235,108,225,95,96,83,96,96,135,83,121,60,225,82,47,160,238,225,83,96,199,238,82,56,199,235,186,100,83,83,83,252,187,122,245,244,122,244,244,244,63,172,163,167,172,163,165,162,171,174,167,171,174,163,163,181,230,233,221,219,230,154,220,183,245,162,162,171,176,170,165,173,163,167,173,163,166,162,162,171,175,171,165,171,174,163,167,171,174,163,166,162,162,162,171,176,179,165,171,172,163,167,171,172,163,165,162,171,173,167,171,173,163,163,247,181,245,245,77,244,244,244,48,51,42,31,109,36,88,101,101,101,92,102,92,94,100,104,92,94,100,102,101,92,94,104,92,94,100,100,105,110,47,109,49,42,109,41,42,46,44,41,109,35,88,47,246,36,248,104,38,86,109,36,51,109,35,89,101,101,93,103,92,245,245,123,244,244,244,70,162,160,163,167,158,167,162,162,155,231,227,214,221,155,229,174,229,160,163,163,169,166,165,161,170,162,160,163,169,171,158,169,171,162,162,155,214,221,215,176,155,217,208,226,206,174,232,231,233,226,221,212,157,216,227,218,233,163,229,162,155,214,221,215,176,155,233,214,231,230,233,221,155,231,218,217,223,214,157,216,220,221,245,246,36,255,151,244,60,101,79,32,220,90,231,132,123,222,112,231,220,231,231,220,49,244,27,145,211,43,123,145,57,220,220,63,63,253,129,118,19,129,118,231,231,231,146,132,132,132,132,49,52,200,214,52,107,38,250,156,247,74,170,10,30,239,222,101,156,233,10,148,233,167,222,32,132,195,132,170,93,245,245,112,244,244,244,73,25,38,252,49,33,60,72,34,43,25,38,252,49,33,60,72,23,47,68,3,252,2,9,6,15,70,19,8,17,2,72,56,62,68,72,72,65,64,65,74,65,73,75,72,65,63,69,65,63,73,73,68,72,72,57,57,75,65,57,73,69,65,57,73,68,72,72,72,65,65,62,75,65,60,73,69,65,60,73,75,72,65,63,69,65,245,246,154,5,229,244,25,65,83,83,134,66,66,66,219,219,219,117,14,83,151,14,83,117,66,219,82,151,219,82,83,83,134,66,66,219,219,14,100,219,83,117,66,99,245,245,207,244,244,244,79,234,214,230,230,235,226,223,230,230,235,231,177,162,169,172,163,166,168,169,231,230,171,168,172,174,171,239,164,218,231,231,231,226,223,228,221,230,234,221,230,228,231,221,221,234,221,221,230,230,212,171,168,172,174,171,239,173,218,148,231,231,231,222,225,223,228,222,226,230,234,222,226,230,228,231,222,225,234,222,225,230,230,235,231,231,231,222,226,222,228,222,245,244,28,244,244,244,46,84,69,73,77,84,69,71,68,78,77,73,78,77,69,69,72,68,68,77,82,85,71,82,69,73,82,69,153,87,130,139,142,60,133,89,68,68,77,70,77,69,71,68,77,78,73,77,78,69,69,72,63,126,60,128,139,60,136,245,245,207,244,244,244,36,168,172,174,171,239,161,218,173,116,166,122,234,164,212,239,166,177,239,161,219,231,231,223,229,222,230,228,231,221,220,234,221,220,230,230,239,163,167,178,169,239,161,218,161,228,231,231,231,245,246,192,11,155,244,55,62,131,154,157,39,85,111,203,39,85,111,157,88,200,203,200,111,111,160,211,162,188,13,160,142,237,47,27,59,21,44,254,47,162,1,226,165,24,119,254,88,90,111,160,211,162,188,13,160,254,211,44,67,254,162,160,44,119,142,116,211,226,165,185,162,165,119,245,244,40,244,244,244,30,156,80,138,81,72,141,150,140,81,80,81,81,80,88,86,93,84,88,86,93,81,50,72,72,72,72,111,88,148,126,88,93,110,106,144,129,90,122,154,86,120,151,245,244,197,244,244,244,54,56,46,57,46,52,51,229,2,229,23,16,30,19,57,6,22,249,237,23,16,30,19,57,6,22,249,237,36,12,241,231,33,253,250,231,243,243,231,33,251,253,231,243,243,231,33,246,245,250,231,243,243,231,33,246,245,254,231,243,243,231,33,250,245,231,238,245,245,182,244,244,244,24,226,222,152,171,160,149,170,159,161,160,222,223,162,161,149,151,162,214,157,243,235,235,237,162,161,149,151,162,214,148,243,173,222,222,222,231,245,244,93,244,244,244,47,146,148,136,145,134,138,145,134,136,133,142,142,138,142,142,134,134,137,133,133,142,147,150,135,142,134,136,133,142,144,138,142,144,134,134,137,142,147,147,137,133,133,142,147,145,136,142,149,134,138,142,149,134,137,133,133,142,144,149,245,245,185,244,244,244,30,227,232,224,226,225,232,241,220,232,241,224,224,221,225,225,225,232,228,229,226,232,240,224,220,232,240,224,226,225,232,232,220,232,232,224,224,221,225,225,232,228,235,245,244,57,244,244,244,40,99,106,98,100,97,109,102,109,98,98,101,97,97,97,106,111,108,100,114,98,102,114,98,100,97,106,106,102,106,106,98,98,101,97,97,106,110,111,100,110,98,102,110,98,182,116,159,168,171,89,162,118,245,245,186,244,244,244,30,226,226,235,224,235,227,225,226,235,231,223,235,231,227,227,222,217,152,218,150,157,218,158,157,153,155,158,218,164,239,152,145,163,143,223,161,241,218,163,148,218,164,245,245,139,244,244,244,45,159,179,179,155,176,153,178,174,153,178,171,215,243,230,237,171,213,158,213,176,179,179,153,150,149,177,154,178,176,179,154,151,174,154,151,178,178,171,230,237,231,160,171,233,192,242,190,158,216,215,217,242,237,228,173,232,243,245,244,77,244,244,244,55,174,191,117,195,118,109,178,187,177,136,109,191,178,193,194,191,187,109,193,174,175,185,178,123,176,188,187,176,174,193,117,175,118,109,178,187,177,118,117,118,118,117,125,123,130,121,125,123,130,118,87,109,109,109,109,148,125,185,163,125,130,147,143,181,166,127,159,245,244,43,244,244,244,50,157,89,126,148,165,144,75,104,75,125,118,132,121,159,108,124,95,83,138,114,134,83,145,160,153,142,159,148,154,153,83,84,151,154,142,140,151,75,150,104,83,83,93,93,99,86,100,84,88,100,84,102,151,154,142,140,151,75,141,104,166,83,245,246,64,255,151,244,62,248,135,157,14,91,3,25,248,91,157,47,91,157,3,3,36,248,248,248,124,80,25,91,113,3,47,91,113,3,25,248,113,47,113,3,3,36,157,157,36,248,248,248,168,91,25,91,102,3,47,91,102,3,25,248,135,47,135,3,3,36,248,248,102,102,14,91,3,25,248,91,157,47,91,245,246,104,251,171,244,77,233,135,135,211,5,50,113,134,72,71,19,128,128,191,142,191,135,149,128,219,163,219,135,135,156,93,22,72,36,113,72,92,113,29,15,92,72,162,19,22,229,71,243,163,85,5,72,71,50,72,162,12,184,72,148,64,43,106,72,162,19,162,149,128,128,128,198,219,226,149,191,233,135,163,191,233,135,149,128,191,205,163,191,205,135,135,72,43,106,245,244,155,244,244,244,37,255,214,187,253,246,4,248,216,14,15,13,4,9,2,201,254,3,252,13,195,17,196,187,0,9,255,214,187,13,0,15,16,13,9,187,15,252,253,7,0,201,254,10,9,254,252,15,195,253,245,244,188,244,244,244,45,229,220,33,42,32,229,228,229,25,232,228,34,49,42,31,48,37,43,42,228,229,40,43,31,29,40,220,39,249,228,228,228,240,237,231,237,236,229,233,237,236,229,231,228,237,236,233,237,236,229,229,247,40,43,31,29,40,245,245,37,244,244,244,67,5,71,0,62,13,13,244,248,244,15,244,12,14,13,244,253,16,244,253,12,12,17,13,13,13,244,249,247,14,251,12,16,251,12,14,13,244,248,16,244,248,12,12,17,13,13,244,251,245,15,244,12,14,13,244,249,16,244,249,12,12,64,254,75,82,55,5,76,0,13,13,244,15,244,12,14,13,244,244,245,245,52,244,244,244,77,97,101,101,93,93,96,87,22,84,24,35,84,32,35,23,21,32,84,42,113,22,15,29,17,97,31,111,84,29,26,84,42,112,92,92,100,94,101,93,95,92,101,102,97,101,102,93,93,84,40,28,25,34,84,42,113,42,95,92,92,102,105,106,95,104,93,97,104,93,84,25,34,24,111,84,22,15,29,17,113,39,40,38,29,34,27,98,23,28,245,245,87,244,244,244,63,246,5,63,9,62,55,250,1,251,76,55,5,250,11,10,5,1,55,11,246,245,3,250,65,244,0,1,244,246,11,63,245,62,55,250,1,251,62,63,62,62,63,71,65,79,79,67,63,63,63,71,60,70,74,62,66,70,74,62,60,63,75,66,75,62,62,67,63,63,71,61,70,62,60,63,245,246,190,1,185,244,38,85,7,85,211,211,250,198,198,59,137,46,237,137,211,7,137,211,211,64,94,94,94,94,89,46,58,28,46,111,76,24,6,67,72,232,136,20,24,171,197,45,249,136,97,175,84,210,37,97,58,245,245,215,244,244,244,64,128,133,196,183,210,183,165,156,174,161,139,150,166,203,191,176,152,172,191,121,138,129,116,139,126,128,129,191,190,131,128,116,118,131,183,124,210,191,191,191,198,196,198,188,197,190,194,197,190,188,191,198,200,194,198,200,190,190,204,131,128,116,118,131,183,117,210,140,191,191,191,198,206,207,188,206,245,246,25,5,229,244,76,210,22,226,210,244,193,90,175,22,90,175,210,210,5,193,193,107,141,107,244,90,158,210,22,90,158,210,5,193,193,107,124,226,227,90,210,244,193,90,90,22,90,90,210,210,5,193,193,107,141,107,244,141,210,22,141,210,5,193,193,107,141,158,244,158,210,22,158,210,5,90,209,107,102,4,223,120,171,57,18,38,193,193,90,244,192,210,22,245,246,199,255,151,244,56,36,138,171,72,253,39,19,140,39,107,140,8,242,107,39,217,102,253,176,74,198,182,96,80,39,74,41,39,217,91,127,127,215,149,226,138,160,127,226,25,182,226,25,138,138,39,195,63,30,129,39,217,102,217,160,127,127,237,14,25,160,226,226,138,182,226,226,138,245,244,34,244,244,244,71,66,135,144,134,93,66,132,125,139,127,95,149,150,148,139,144,137,80,133,138,131,148,74,152,75,66,135,144,134,93,66,148,135,150,151,148,144,66,150,131,132,142,135,80,133,145,144,133,131,150,74,132,75,66,135,144,134,75,74,75,127,78,74,136,151,144,133,150,139,145,144,74,75,142,145,133,131,142,66,141,95,74,74,245,245,59,244,244,244,49,105,106,115,96,106,104,98,94,106,104,98,112,31,28,24,26,31,91,25,110,48,101,103,95,99,99,100,101,97,106,98,96,99,105,104,94,105,104,98,98,95,99,99,99,100,104,96,106,100,98,94,106,100,98,96,99,106,105,94,106,105,245,245,163,244,244,244,68,122,122,119,123,123,123,140,146,120,146,139,122,118,146,139,122,120,123,145,147,118,145,147,122,122,119,123,123,143,143,121,146,122,120,123,146,147,118,146,147,122,122,119,144,144,119,123,123,123,145,139,120,145,122,118,145,122,120,123,144,118,144,122,122,198,136,189,180,209,131,186,134,123,123,123,146,120,142,122,118,245,244,139,244,244,244,48,192,180,182,179,188,191,184,188,191,180,180,183,174,237,171,239,250,171,247,250,238,236,247,171,1,200,237,230,244,232,184,246,198,171,244,241,171,1,199,187,171,255,243,240,249,171,1,200,1,182,189,192,193,171,240,249,239,198,171,237,245,245,67,244,244,244,29,8,26,6,102,48,47,49,26,21,28,85,32,27,34,49,91,45,90,99,30,21,31,104,99,49,30,47,46,49,21,99,47,34,33,23,30,85,32,20,21,32,245,244,32,244,244,244,78,129,148,72,130,73,64,133,142,132,73,72,73,73,72,72,72,84,83,74,81,73,75,72,89,77,89,73,73,76,72,72,84,85,75,89,73,77,89,73,76,72,72,72,84,89,75,81,86,73,77,81,86,73,75,72,82,83,77,82,83,73,73,73,42,64,64,64,64,103,80,140,118,80,85,102,98,136,121,82,114,146,78,98,143,146,132,133,146,115,137,245,246,191,5,229,244,63,217,116,15,184,183,116,235,223,204,223,103,103,103,239,154,0,136,120,188,0,136,120,154,103,0,239,188,0,239,120,120,105,223,223,223,223,118,239,235,117,239,68,101,33,167,168,17,49,81,205,15,48,81,116,13,115,223,204,223,237,50,16,17,169,150,237,32,98,133,166,30,203,17,105,105,245,244,183,244,244,244,26,215,215,215,215,35,38,26,24,35,215,45,40,251,37,39,15,11,27,3,238,28,44,215,244,215,9,2,16,5,43,248,8,235,223,9,2,16,5,245,244,139,244,244,244,72,255,204,220,191,179,234,210,183,179,241,0,249,238,255,244,250,249,179,180,247,250,238,236,247,171,246,200,179,179,188,194,194,181,188,180,182,179,195,184,195,180,180,198,247,250,238,236,247,171,237,200,6,179,179,189,192,187,182,188,191,180,184,188,191,180,183,179,179,179,190,188,182,193,180,184,193,180,182,179,189,190,184,189,190,245,246,84,1,185,244,31,105,105,144,92,92,92,235,18,131,18,105,157,18,105,131,92,222,196,157,222,196,105,105,144,235,31,144,209,44,144,235,209,144,222,196,144,92,92,222,222,131,57,105,245,246,195,1,185,244,57,12,168,216,28,194,241,102,141,99,24,220,203,203,203,64,242,64,116,216,12,64,116,216,242,203,155,12,155,216,216,255,138,189,99,215,102,99,63,102,202,176,63,99,193,220,189,98,24,124,12,50,194,99,24,241,99,193,207,203,203,51,229,64,216,242,203,64,103,12,245,246,46,5,229,244,51,111,162,231,231,78,226,22,227,124,78,4,59,4,9,214,214,128,179,196,248,111,231,9,214,128,94,43,128,94,231,231,78,227,124,210,25,78,176,57,39,91,59,209,226,192,39,124,5,60,193,22,159,192,214,4,231,78,227,124,210,25,78,192,245,245,217,244,244,244,41,116,133,132,139,127,185,133,120,123,125,116,191,122,126,127,122,120,133,193,123,192,185,116,127,117,192,193,192,192,189,187,173,200,200,201,173,200,201,200,173,200,200,208,187,192,193,150,137,148,118,124,132,116,245,245,70,244,244,244,78,41,1,110,110,87,84,109,85,91,115,85,91,111,111,111,76,102,102,102,102,24,23,10,48,22,254,250,42,18,89,43,27,112,5,49,20,48,43,20,244,39,42,47,27,21,102,99,102,244,13,255,16,26,7,247,90,110,1,9,253,110,40,27,48,37,26,47,49,48,110,111,50,49,37,39,50,102,45,99,110,110,110,84,87,94,109,91,111,115,91,245,245,202,244,244,244,35,243,241,242,219,219,239,219,219,243,243,225,174,173,169,171,174,234,168,223,161,242,242,214,213,241,219,215,243,239,219,215,243,238,242,242,217,218,241,219,213,243,239,219,213,243,238,242,245,244,26,244,244,244,61,66,80,81,69,77,67,71,77,67,70,66,66,66,81,75,69,75,77,67,71,75,77,67,69,66,76,75,71,76,75,67,67,151,85,128,137,140,58,131,87,66,66,75,69,75,74,67,71,75,74,67,70,61,124,58,126,137,58,134,137,125,123,134,58,144,87,124,117,131,119,71,133,85,245,246,42,255,151,244,34,138,173,140,138,60,190,58,138,38,162,129,228,138,60,201,60,3,226,226,226,80,113,124,3,146,237,25,146,237,3,226,80,80,25,80,80,237,237,138,129,228,118,179,138,96,19,245,246,124,9,49,244,52,25,29,125,235,0,214,25,130,239,66,155,4,113,214,196,42,217,28,197,130,176,83,28,214,197,0,21,214,130,28,0,113,134,88,197,66,155,151,130,155,113,0,196,134,217,28,197,130,176,217,196,217,29,24,196,218,21,130,155,0,25,151,130,196,245,244,41,244,244,244,33,82,149,152,140,138,149,73,148,102,81,81,90,89,94,83,90,82,84,81,97,86,97,82,82,100,149,152,140,138,149,73,139,102,164,81,81,91,90,94,84,90,95,82,86,90,245,244,150,244,244,244,39,204,191,194,190,190,190,200,198,204,193,199,200,191,195,199,200,191,193,190,199,207,195,199,207,191,191,194,190,190,200,200,202,192,199,191,193,190,199,199,195,199,199,191,191,19,209,252,5,8,182,255,245,245,102,244,244,244,37,67,78,78,55,77,55,53,79,83,55,53,79,82,69,4,70,10,17,70,18,17,5,7,18,70,248,67,4,29,15,35,83,13,61,70,15,8,70,248,66,78,78,54,77,55,55,79,83,55,245,246,170,247,159,244,44,61,37,10,6,226,217,244,10,12,97,12,43,34,34,34,64,73,76,43,76,37,49,76,37,43,34,61,58,49,61,58,37,37,10,217,244,214,91,10,208,187,229,193,97,3,6,0,229,244,223,52,211,226,205,0,34,245,246,90,9,49,244,65,8,183,250,163,96,142,49,250,180,163,222,243,180,96,250,222,79,100,54,163,32,121,117,96,121,79,222,162,100,183,250,163,96,142,183,162,183,183,162,162,162,74,225,95,74,183,11,95,74,183,246,162,162,242,225,95,137,183,11,95,137,183,183,44,250,250,250,250,8,159,238,96,138,146,62,142,150,245,244,153,244,244,244,41,208,254,14,199,233,250,11,254,7,13,185,214,185,224,201,5,239,201,206,223,219,1,242,203,235,11,163,163,185,185,185,185,5,8,252,250,5,185,7,227,224,234,236,220,234,202,224,236,185,214,185,235,228,245,244,59,244,244,244,26,148,137,175,124,140,111,99,154,130,150,99,161,176,169,158,175,164,170,169,99,100,167,170,158,156,167,91,166,120,99,99,99,108,108,102,108,107,100,245,244,90,244,244,244,33,135,139,138,131,133,130,141,135,141,131,131,149,198,201,189,187,198,122,188,151,213,130,130,146,142,133,147,131,135,147,131,134,130,130,139,140,139,132,139,131,133,130,140,139,135,245,244,143,244,244,244,77,193,192,184,184,187,183,183,192,193,197,185,192,184,186,183,193,193,188,193,193,184,184,187,183,183,183,192,193,198,186,192,198,184,188,192,198,184,186,183,196,188,196,184,184,187,183,183,192,191,199,185,192,184,186,183,192,191,188,192,191,184,184,187,183,183,192,193,192,185,192,184,186,183,197,188,197,184,184,187,192,192,191,187,183,183,192,192,193,185,245,245,182,244,244,244,47,231,223,221,222,231,238,227,231,238,223,223,179,237,152,161,164,214,159,243,222,222,231,220,231,223,221,222,231,231,227,231,231,223,223,226,213,148,214,154,161,214,162,161,149,151,162,214,168,243,148,141,159,147,227,157,237,214,159,152,245,246,156,249,193,244,70,60,234,200,100,100,140,110,145,105,115,100,145,185,125,145,185,105,105,60,224,164,149,194,60,234,205,234,115,100,100,100,150,165,170,115,175,105,125,175,105,115,100,145,155,125,145,155,105,105,60,149,194,144,195,60,134,99,169,109,205,219,224,214,169,194,159,130,139,164,129,214,100,234,105,60,149,194,144,195,60,214,149,245,244,142,244,244,244,63,2,3,0,252,174,2,239,240,250,243,188,241,253,252,241,239,2,182,240,183,174,243,252,242,183,182,183,235,186,182,244,3,252,241,2,247,253,252,182,183,250,253,241,239,250,174,249,203,182,182,191,195,195,185,191,196,183,187,191,196,183,201,250,253,241,239,250,174,240,203,9,182,182,199,185,245,244,72,244,244,244,73,121,122,113,117,121,122,113,116,120,116,112,112,121,128,114,121,113,115,112,122,120,117,122,120,113,113,197,131,174,183,186,104,177,133,112,112,121,114,121,113,115,112,128,117,128,113,113,116,107,170,104,172,183,104,180,183,171,169,180,104,190,133,170,163,177,165,117,179,131,104,177,174,104,190,132,112,112,120,114,121,113,115,112,123,117,245,244,54,244,244,244,49,105,95,95,86,170,158,155,164,86,172,115,172,97,94,94,94,104,107,108,97,103,110,95,99,103,110,95,97,94,103,103,99,103,103,95,95,86,155,164,154,113,86,152,145,159,147,115,169,170,168,159,164,157,100,153,158,151,168,94,172,95,245,246,60,255,151,244,59,156,147,246,136,197,156,34,147,56,67,34,246,156,56,103,114,224,147,54,125,1,246,125,103,56,244,114,255,156,147,246,136,255,244,255,255,244,73,12,51,169,235,67,147,169,81,244,244,87,109,21,175,87,43,175,87,255,255,255,170,156,156,156,156,246,106,73,183,205,29,183,245,245,118,244,244,244,71,167,185,197,160,180,215,213,221,217,228,225,235,224,218,202,228,215,224,229,230,215,228,219,224,213,239,150,179,150,158,158,167,157,164,159,163,164,159,124,150,150,150,150,224,188,185,199,197,181,199,167,185,197,160,197,223,236,219,150,179,150,196,189,207,192,234,183,199,170,158,209,185,205,158,216,235,224,213,234,223,225,224,158,245,246,151,249,193,244,76,100,179,194,134,124,179,55,174,200,140,180,165,190,179,194,134,124,179,55,129,200,254,95,95,95,145,160,110,140,135,100,120,140,135,100,110,95,145,145,120,145,145,100,100,115,95,95,95,175,110,175,100,120,175,100,110,95,140,155,120,140,155,100,100,115,95,95,95,155,160,110,170,100,120,170,100,110,95,145,145,120,145,145,100,100,115,95,95,245,246,211,7,15,244,70,175,14,241,118,222,4,203,118,175,42,118,175,222,222,23,203,203,137,175,213,241,118,222,4,203,118,175,42,118,175,222,222,26,52,101,16,73,51,158,90,118,23,108,25,51,63,16,51,215,16,44,6,215,51,149,90,25,148,158,186,42,196,52,51,158,101,51,149,71,203,203,203,99,4,14,222,42,14,222,4,203,118,245,245,177,244,244,244,58,121,132,128,121,136,136,145,189,201,204,199,145,191,116,191,138,137,137,131,124,127,138,124,136,132,124,136,145,204,199,205,122,145,211,218,200,212,116,194,189,195,200,199,206,135,210,201,208,195,137,191,136,145,204,199,205,122,145,195,204,189,188,195,199,145,189,208,211,197,204,245,246,126,251,171,244,74,192,51,135,128,51,37,170,150,44,157,94,65,128,58,157,150,157,9,178,150,72,177,128,51,170,93,135,128,150,157,114,135,51,37,114,94,107,41,150,150,150,213,6,241,171,213,213,157,185,213,213,157,171,150,213,213,185,213,213,157,157,27,114,135,51,37,114,94,44,41,219,150,150,150,227,13,171,213,13,157,185,213,13,157,171,150,245,245,70,244,244,244,69,88,115,88,111,111,114,110,110,110,85,86,109,87,90,111,115,87,90,111,109,110,87,86,115,87,86,111,111,114,110,110,110,90,94,109,87,95,111,115,87,95,111,109,110,88,115,88,111,111,35,93,40,49,20,102,47,99,110,110,110,87,109,87,94,111,115,87,94,111,109,110,87,84,115,87,84,111,111,114,101,36,245,246,87,247,159,244,43,183,131,164,183,155,164,128,122,155,183,185,14,125,104,146,110,222,152,8,183,146,137,183,185,11,207,207,231,213,234,210,216,207,237,234,222,237,234,210,210,183,179,143,134,161,183,185,14,185,216,207,207,207,237,246,245,245,36,244,244,244,65,250,15,245,249,13,17,245,249,13,15,12,249,17,249,13,13,4,73,82,72,255,4,70,95,77,97,1,55,56,54,77,82,75,18,71,76,69,54,12,58,13,4,73,82,72,255,4,54,73,56,57,54,82,4,56,69,70,80,73,18,71,83,82,71,69,56,12,70,13,4,73,82,72,13,12,13,13,245,244,46,244,244,244,69,86,86,86,95,88,95,87,89,86,102,91,102,87,87,90,94,90,86,86,94,89,95,97,87,91,95,97,87,90,86,86,86,98,94,89,100,87,91,100,87,89,86,95,96,91,95,96,87,87,87,56,78,78,78,78,156,120,117,127,129,113,127,95,117,129,92,126,157,161,151,162,151,157,156,78,107,78,128,121,135,124,245,246,181,9,49,244,51,57,10,90,249,253,111,220,2,27,57,10,90,249,253,128,136,81,253,19,78,187,212,57,82,208,187,253,18,145,208,212,170,145,85,124,182,253,253,228,249,39,186,18,60,253,186,228,102,186,228,18,18,140,145,208,212,170,145,85,191,182,204,253,245,245,185,244,244,244,54,225,225,232,232,240,226,234,224,220,234,224,226,225,234,220,234,224,224,221,225,225,232,233,235,226,232,241,224,220,232,241,224,221,225,225,232,234,240,227,232,224,226,225,235,234,220,235,234,224,224,221,232,229,234,221,225,225,241,229,226,232,233,224,220,232,233,245,244,198,244,244,244,68,239,67,1,44,53,56,230,47,3,238,238,247,241,253,239,243,253,239,242,233,40,230,42,53,230,50,53,41,39,50,230,60,3,40,33,47,35,243,49,1,230,47,44,230,60,2,238,238,246,241,254,239,243,254,239,230,58,46,43,52,230,60,3,60,241,238,238,238,248,251,252,241,255,239,243,255,239,241,238,248,245,244,156,244,244,244,53,205,201,206,205,197,197,188,1,10,0,215,188,254,247,5,249,217,15,16,14,5,10,3,202,255,4,253,14,196,18,197,188,1,10,0,215,188,14,1,16,17,14,10,188,16,253,254,8,1,202,255,11,10,255,253,16,196,254,197,188,1,10,0,197,196,245,244,145,244,244,244,24,186,186,189,185,247,6,255,244,5,250,0,255,185,186,253,0,244,242,253,177,252,206,185,185,185,194,199,202,188,194,194,186,190,194,194,186,245,244,52,244,244,244,43,95,92,106,97,106,93,93,111,160,163,151,149,160,84,150,113,175,92,92,92,102,103,95,101,104,93,97,101,104,93,95,92,103,97,103,93,93,96,92,92,101,104,95,101,104,93,97,101,104,93,96,92,92,103,102,245,245,143,244,244,244,58,165,158,166,164,167,162,170,162,166,166,218,148,241,232,221,175,230,154,167,167,158,165,158,166,164,167,158,156,170,158,156,166,166,171,172,237,175,243,232,175,235,232,236,238,235,175,225,154,237,180,230,186,170,228,148,175,230,241,175,225,155,167,167,167,159,164,151,166,170,151,245,245,128,244,244,244,52,153,155,152,177,172,149,177,172,153,153,160,236,216,221,214,160,238,165,238,155,152,152,178,173,174,155,177,176,153,149,177,176,153,160,221,214,220,171,160,226,203,217,197,165,243,236,242,217,214,223,150,227,216,225,242,152,238,153,160,221,214,220,171,160,245,246,51,1,185,244,29,253,84,23,36,253,201,211,23,32,45,175,84,137,58,214,201,58,32,23,59,45,72,211,84,201,71,72,59,72,72,59,59,59,59,163,98,176,241,72,124,176,245,244,181,244,244,244,70,235,222,224,221,235,226,235,222,222,225,221,221,221,229,224,230,231,222,226,230,231,222,224,221,230,238,226,230,238,222,222,225,221,221,221,229,224,234,222,226,234,222,224,221,230,233,226,230,233,222,222,225,230,229,222,191,213,213,213,213,35,255,252,6,8,248,6,230,252,8,227,251,36,35,41,213,242,213,250,35,42,34,245,244,101,244,244,244,44,147,171,212,211,217,147,184,212,218,215,200,202,184,198,211,216,184,202,210,206,199,212,209,201,111,133,133,133,133,211,175,172,182,184,168,182,150,172,184,147,185,202,221,217,133,162,133,172,213,170,204,210,218,202,204,196,245,246,160,5,229,244,31,72,72,225,20,123,225,225,88,157,225,225,88,89,89,74,192,192,192,192,238,138,87,1,35,19,1,225,87,35,174,52,85,152,84,19,255,204,255,50,3,192,173,192,245,245,25,244,244,244,65,107,98,112,95,69,88,104,5,1,110,86,114,1,55,68,63,58,69,64,62,63,1,0,61,62,58,56,61,249,66,12,1,1,8,4,10,2,5,0,252,5,0,18,61,62,58,56,61,249,59,12,82,1,1,11,11,9,3,8,0,2,1,16,252,16,0,0,253,1,1,17,3,8,0,2,1,6,245,245,201,244,244,244,36,236,214,240,240,237,241,241,241,212,242,216,218,240,236,216,218,240,242,241,216,219,236,216,219,240,240,237,241,241,241,225,242,225,240,236,225,240,242,241,216,214,236,216,214,240,240,237,241,245,244,157,244,244,244,74,197,197,206,206,200,212,198,202,212,198,200,197,207,205,202,207,205,198,198,201,197,197,207,205,209,200,206,207,198,202,206,207,198,26,216,3,12,15,189,6,218,197,197,206,199,206,198,200,197,206,205,202,206,205,198,198,201,192,255,189,1,12,189,9,12,0,254,9,189,19,218,255,248,6,250,202,8,216,189,6,3,189,19,217,197,197,245,244,118,244,244,244,76,166,161,167,167,159,163,167,167,159,150,234,222,219,228,150,236,179,236,161,158,158,168,171,172,160,167,159,161,158,168,166,163,168,166,159,159,150,219,228,218,177,150,216,209,223,211,179,233,234,232,223,228,221,164,217,222,215,232,158,236,159,150,219,228,218,177,150,232,219,234,235,232,228,150,234,215,216,226,219,164,217,229,228,217,215,234,158,216,245,246,125,251,171,244,51,156,93,64,127,57,156,149,156,8,177,107,1,212,212,205,1,212,205,212,1,212,212,12,107,156,149,149,149,212,170,212,233,156,184,212,233,156,177,149,149,149,212,170,212,233,156,184,212,233,156,170,149,233,184,233,156,156,177,149,149,212,170,240,245,244,107,244,244,244,27,148,152,160,148,148,117,139,139,139,139,217,181,178,188,190,174,188,156,178,190,153,191,208,227,223,190,212,229,208,139,168,139,147,147,147,157,163,150,156,245,244,58,244,244,244,75,114,99,103,107,114,99,101,98,115,103,115,99,99,68,90,90,90,90,168,132,129,139,141,125,139,107,129,141,104,138,155,172,159,168,174,90,119,90,129,106,166,144,106,111,128,124,162,147,108,140,172,68,68,90,90,90,90,166,169,157,155,166,90,173,170,172,147,165,157,160,142,155,171,133,153,109,90,119,90,140,133,147,136,174,123,139,110,245,244,120,244,244,244,60,160,202,195,209,198,236,185,201,172,160,215,191,164,160,222,237,230,219,236,225,231,230,160,161,228,231,219,217,228,152,227,181,169,174,179,228,231,219,217,228,152,218,181,243,160,160,160,176,177,163,169,169,161,165,169,169,161,163,160,169,176,165,169,176,161,161,164,160,160,169,170,174,245,246,69,1,185,244,71,103,194,90,116,77,207,194,142,207,194,90,90,129,77,77,194,220,194,116,16,90,142,16,90,129,77,77,194,220,207,116,194,246,90,142,194,246,90,129,77,77,77,194,194,220,116,194,181,90,142,194,181,90,116,77,194,207,142,194,207,90,90,129,77,77,77,194,207,3,116,194,16,90,142,194,16,90,116,77,207,181,142,207,245,245,80,244,244,244,32,96,105,105,100,104,104,104,97,97,93,107,88,105,101,88,105,107,104,95,101,95,105,105,100,104,104,104,97,97,95,107,92,105,101,92,105,107,104,98,96,101,98,96,105,245,244,172,244,244,244,68,213,41,231,18,27,30,204,21,233,212,212,221,214,221,213,215,212,221,226,217,221,226,213,213,216,207,14,204,16,27,204,24,27,15,13,24,204,34,233,14,7,21,9,217,23,231,204,21,18,204,34,232,212,212,220,215,221,229,213,217,221,229,213,204,32,20,17,26,204,34,233,34,215,212,212,212,222,225,226,215,245,246,164,9,49,244,35,169,148,1,85,169,148,1,43,236,169,60,85,169,60,1,1,68,237,170,216,123,68,174,27,65,69,165,19,40,254,65,170,23,106,195,44,153,254,236,82,1,68,237,170,216,123,68,245,244,163,244,244,244,76,21,8,23,24,21,17,195,23,4,5,15,8,209,6,18,17,6,4,23,203,5,204,195,8,17,7,204,203,204,204,207,203,9,24,17,6,23,12,18,17,203,204,15,18,6,4,15,195,14,224,203,203,214,216,206,212,214,204,208,212,214,204,222,15,18,6,4,15,195,5,224,30,203,203,212,215,216,206,212,217,204,208,212,217,204,207,203,203,245,244,58,244,244,244,41,107,109,112,100,107,99,101,98,115,103,115,99,99,102,98,98,107,111,110,100,107,99,101,98,107,109,103,107,109,99,99,183,117,160,169,172,90,163,119,98,98,98,107,101,107,107,99,103,107,107,99,101,98,245,244,79,244,244,244,24,131,124,131,120,120,123,114,177,111,179,190,111,187,190,178,176,187,111,197,140,177,170,184,172,124,186,138,111,184,181,111,197,139,119,119,119,245,246,127,251,171,244,28,207,172,214,214,158,186,214,214,158,172,151,214,7,186,214,7,158,158,95,171,87,66,129,95,185,42,185,172,151,151,151,221,242,249,172,7,158,186,7,158,245,246,30,1,185,244,49,77,38,246,103,246,51,51,190,63,180,50,29,190,24,189,115,215,55,245,2,232,115,180,89,116,37,102,11,232,38,28,51,190,63,180,50,29,190,232,63,2,15,232,180,190,2,11,24,154,63,116,37,193,180,37,11,2,38,24,51,190,245,245,94,244,244,244,44,3,248,2,55,54,55,55,54,33,14,35,1,251,19,3,1,41,54,54,79,83,53,81,83,59,81,83,55,55,55,84,62,62,62,62,13,14,12,39,245,253,0,50,255,15,21,41,77,56,28,255,253,245,1,12,249,245,246,72,7,15,244,52,247,114,180,132,190,123,114,209,152,123,190,199,114,161,67,168,207,168,64,64,235,102,235,83,121,64,235,254,159,235,254,83,83,6,168,168,168,168,209,152,190,227,57,161,218,132,123,171,217,85,17,178,113,19,86,199,168,207,168,94,217,227,18,228,245,244,169,244,244,244,59,234,250,221,209,251,244,2,247,29,234,250,221,209,8,240,213,209,15,30,23,12,29,18,24,23,209,210,21,24,12,10,21,201,20,230,209,209,218,217,222,212,226,210,214,226,210,228,21,24,12,10,21,201,11,230,36,209,209,218,226,217,212,218,224,210,214,218,224,210,213,209,245,245,95,244,244,244,57,55,78,80,76,53,78,54,52,55,78,71,58,78,71,54,54,59,55,55,55,77,78,79,52,71,54,58,71,54,52,55,70,58,70,54,54,59,77,78,83,59,55,55,78,82,82,53,78,54,52,55,77,78,58,77,78,54,54,10,68,1,248,13,63,246,74,55,55,55,245,246,64,249,193,244,63,53,23,53,83,13,33,53,83,13,23,8,53,88,33,53,88,13,13,28,239,42,224,52,107,224,92,107,47,37,92,224,142,113,42,7,77,17,33,87,103,224,77,62,224,142,108,8,8,48,23,78,13,33,78,13,224,132,72,57,102,224,142,113,142,23,8,8,58,73,78,18,53,13,23,8,245,245,174,244,244,244,37,125,139,125,135,135,142,211,200,210,117,142,204,213,199,219,123,189,194,188,199,200,209,136,205,198,207,188,134,192,135,142,211,200,210,117,142,188,211,194,195,188,200,142,194,207,204,202,211,136,245,246,100,249,193,244,78,83,143,138,83,73,168,44,78,49,4,93,138,88,49,44,49,49,64,44,98,173,138,83,168,113,143,138,44,49,128,143,83,73,128,4,123,149,44,44,94,114,54,89,49,59,44,94,99,69,94,99,49,49,139,128,143,83,73,128,4,78,149,203,44,44,89,99,114,54,89,49,59,44,89,89,69,89,89,49,49,64,44,44,89,94,119,54,89,49,59,245,245,207,244,244,244,41,231,222,227,234,222,227,230,230,235,231,231,222,227,226,229,222,230,228,231,222,220,234,222,220,230,230,154,212,177,168,157,239,166,218,231,231,222,229,222,230,228,231,226,234,226,230,230,235,236,173,239,179,168,245,245,87,244,244,244,63,55,3,0,244,246,3,55,9,82,245,44,254,50,66,252,76,55,254,249,55,9,83,63,63,71,61,70,62,60,63,70,74,66,70,74,62,62,55,11,255,250,1,55,9,82,9,60,63,63,63,69,74,73,60,70,73,62,66,70,73,62,60,63,70,79,66,70,79,62,62,55,250,1,251,76,245,244,35,244,244,244,65,67,133,126,140,128,96,150,151,149,140,145,138,81,134,139,132,149,75,153,76,67,136,145,135,94,67,149,136,151,152,149,145,67,151,132,133,143,136,81,134,146,145,134,132,151,75,133,76,67,136,145,135,76,75,76,76,75,83,81,92,79,75,75,83,77,84,76,78,75,85,85,80,85,85,76,76,79,245,246,12,11,155,244,75,164,164,92,233,115,115,187,23,115,115,187,0,164,164,164,230,92,233,230,187,23,230,187,233,164,115,161,23,115,161,187,187,187,242,236,236,236,236,97,28,74,11,169,241,54,152,195,51,201,149,161,46,60,5,97,123,120,123,5,238,236,135,236,106,201,11,14,120,227,83,184,164,106,201,11,14,120,227,83,184,164,149,109,0,164,54,143,245,244,172,244,244,244,47,26,15,32,21,27,26,212,213,24,27,15,13,24,204,23,233,221,227,223,231,24,27,15,13,24,204,14,233,39,212,212,212,222,215,224,213,217,224,213,215,212,221,221,217,221,221,213,213,216,222,224,221,216,212,212,212,222,222,215,245,245,253,244,244,244,39,37,20,24,37,20,22,21,44,47,24,44,47,20,20,25,21,21,47,51,22,50,20,24,50,20,25,21,21,21,47,47,46,22,37,20,24,37,20,22,21,44,36,24,44,36,20,20,104,38,99,90,245,246,155,5,229,244,67,45,187,148,168,220,135,238,29,187,63,250,187,199,250,46,12,199,187,113,168,29,166,148,200,152,182,134,187,148,97,187,113,151,67,67,203,101,220,84,118,67,66,152,66,84,84,187,79,131,80,233,187,113,168,113,118,67,67,237,32,49,118,254,84,152,254,84,187,80,233,63,134,187,29,166,148,200,168,62,245,246,162,5,229,244,67,86,52,155,240,121,176,53,138,19,52,74,120,91,194,87,240,70,141,194,52,87,86,103,52,240,194,86,19,36,206,87,176,53,1,240,53,19,86,74,36,91,194,87,240,70,91,74,91,91,142,74,104,103,240,53,86,155,1,240,74,91,206,1,53,19,206,194,189,175,74,74,227,22,5,125,107,91,159,107,245,244,44,244,244,244,67,85,103,152,155,143,141,152,76,142,105,167,94,97,95,88,84,84,84,94,96,96,87,93,100,85,89,93,100,85,87,84,99,89,99,85,85,88,84,84,98,87,93,97,85,89,93,97,85,169,103,146,155,158,76,149,105,84,84,84,93,87,95,85,89,95,85,87,84,96,89,96,85,85,88,79,142,76,144,155,245,245,120,244,244,244,77,152,220,223,219,217,220,152,230,173,218,211,225,205,157,227,179,152,225,214,152,230,172,160,160,168,163,169,164,161,157,169,164,161,152,228,224,213,222,152,230,173,230,163,170,165,166,152,213,222,212,179,152,218,211,225,205,173,235,228,234,225,222,215,158,219,224,217,234,160,230,161,152,213,222,212,179,152,234,213,228,229,234,222,152,228,217,218,220,213,245,245,23,244,244,244,47,1,52,64,65,52,54,75,255,53,254,247,58,65,59,254,255,254,254,255,7,1,7,10,3,255,255,7,253,6,254,252,255,9,2,9,254,254,3,255,255,7,252,9,254,2,9,254,3,255,255,10,10,253,6,254,252,255,6,10,245,244,166,244,244,244,64,211,215,219,207,207,207,176,198,198,198,198,25,22,24,255,17,9,12,250,7,23,241,5,217,212,236,21,20,26,198,227,198,235,20,27,19,212,236,21,20,26,212,249,21,27,24,9,11,249,7,20,25,176,198,198,198,198,25,22,24,255,17,9,12,250,7,23,241,5,217,212,250,11,30,26,253,245,244,146,244,244,244,63,4,243,2,2,247,246,178,207,178,6,4,7,247,156,178,178,178,178,5,2,4,235,253,245,248,230,243,3,221,241,197,192,230,247,10,6,178,207,178,217,2,215,249,255,7,247,249,241,186,186,195,200,189,200,194,191,200,194,187,187,156,178,178,178,178,5,2,4,235,253,245,248,230,243,3,245,245,166,244,244,244,56,237,225,117,144,218,203,190,186,229,209,210,209,180,117,134,131,134,212,237,223,240,186,231,215,122,142,225,233,221,142,200,187,208,197,186,207,209,208,142,143,210,209,197,199,210,134,205,131,142,142,116,121,141,127,143,147,127,143,125,210,209,197,199,210,134,196,131,189,245,245,180,244,244,244,52,220,220,237,232,222,229,221,223,220,229,231,225,229,231,221,221,224,220,220,220,229,231,236,223,229,230,221,225,229,230,221,223,220,235,225,235,221,221,224,220,220,229,231,233,223,229,230,221,225,229,230,221,224,220,220,229,231,236,222,229,221,223,220,229,245,244,167,244,244,244,67,219,212,216,219,208,208,211,207,207,216,219,216,210,222,208,212,222,208,211,207,207,222,223,209,216,208,210,207,216,224,212,216,224,208,208,36,226,13,22,25,199,16,228,207,207,207,216,210,216,223,208,212,216,223,208,210,207,217,215,212,217,215,208,208,211,202,9,199,11,22,199,19,22,10,8,19,199,29,228,245,244,191,244,244,244,53,33,26,40,28,236,42,250,223,40,37,223,53,251,239,223,51,39,36,45,223,53,252,53,234,231,231,241,244,245,234,240,246,232,236,240,246,232,223,36,45,35,250,223,33,26,40,28,252,50,51,49,40,45,38,237,34,39,32,49,231,53,232,223,36,45,245,246,23,5,229,244,45,187,2,55,169,204,203,220,169,101,55,203,136,153,67,204,37,170,118,101,170,136,203,191,153,208,55,204,101,187,208,191,208,68,3,191,221,220,101,170,203,16,118,101,191,208,67,118,170,136,67,55,50,36,88,173,190,2,245,246,46,251,171,244,36,34,55,227,213,34,14,220,217,139,133,147,98,70,70,140,161,84,133,77,91,70,168,105,168,77,77,98,70,70,70,140,140,91,133,175,77,105,133,175,77,91,70,154,105,154,77,77,98,245,245,26,244,244,244,27,2,2,2,8,10,1,11,10,3,255,11,10,3,1,2,11,9,255,11,9,3,3,254,2,2,2,8,6,19,1,11,19,3,255,11,19,3,1,2,245,245,210,244,244,244,26,227,219,231,227,219,235,235,230,234,234,224,225,218,233,227,221,235,231,227,221,235,230,234,234,234,224,225,225,233,227,219,235,231,227,219,235,233,234,245,246,64,9,49,244,25,69,48,241,69,48,157,157,129,23,158,91,154,224,221,65,136,136,69,199,153,157,241,153,157,220,31,74,224,116,91,224,28,91,95,53,28,224,245,245,32,244,244,244,48,78,5,66,107,57,101,245,59,11,0,57,62,0,78,4,16,0,76,56,61,54,0,78,5,78,251,248,248,18,13,14,250,17,249,251,248,17,18,245,17,18,249,249,0,61,54,60,11,0,66,107,57,101,5,83,76,82,57,54,63,245,245,7,244,244,244,33,49,100,111,102,85,47,89,46,39,106,113,107,28,39,85,106,91,90,85,113,39,91,102,101,115,106,49,100,112,113,100,102,91,47,101,46,39,106,113,107,46,47,46,46,47,245,244,254,244,244,244,76,38,38,38,48,48,46,41,48,39,43,48,39,41,38,47,47,43,47,47,39,39,42,38,38,38,48,48,46,41,47,53,39,43,47,53,39,41,38,47,51,43,47,51,39,39,42,38,38,48,48,46,41,47,46,39,43,47,46,39,39,8,30,30,30,30,113,110,112,87,105,97,100,82,95,111,73,93,49,44,82,99,118,114,81,103,120,99,30,245,244,102,244,244,244,54,163,134,142,142,142,151,158,145,151,150,143,147,151,150,143,145,142,151,153,147,151,153,143,143,112,134,134,134,134,217,214,216,191,209,201,204,186,199,215,177,197,153,148,182,199,216,203,212,218,134,163,134,173,150,210,188,150,155,172,168,206,191,152,184,216,112,245,245,150,244,244,244,69,156,118,118,118,118,194,193,181,183,194,118,233,212,138,224,195,238,217,235,228,230,142,139,217,218,118,147,118,228,221,239,224,202,215,231,138,126,241,217,237,126,184,203,192,181,202,191,193,192,126,127,194,193,181,183,194,118,189,147,135,139,143,141,194,193,181,183,194,118,180,147,205,132,133,132,130,126,126,135,133,125,245,245,66,244,244,244,75,108,91,87,108,91,86,90,90,90,115,106,89,115,112,91,87,115,112,91,89,90,112,113,87,112,113,91,91,86,90,90,115,107,89,115,112,91,87,115,112,91,86,90,90,114,88,115,91,89,90,113,87,113,91,91,86,90,90,115,113,89,108,91,87,108,91,86,90,90,112,89,115,110,91,87,115,110,91,86,90,90,110,88,115,91,89,90,245,244,67,244,244,244,42,116,123,112,116,123,108,108,192,126,169,178,181,99,172,128,107,107,116,109,116,108,110,107,116,121,112,116,121,108,108,111,102,165,99,167,178,99,175,178,166,164,175,99,185,128,165,158,172,160,112,174,126,99,172,245,244,58,244,244,244,69,160,90,176,118,98,98,106,100,107,99,101,98,115,103,115,99,99,90,174,162,159,168,90,176,119,176,101,98,98,98,108,111,112,101,107,110,99,103,107,110,99,101,98,114,103,114,99,99,90,159,168,158,117,90,156,149,163,151,119,173,174,172,163,168,161,104,157,162,155,172,98,176,99,90,159,168,158,117,90,172,159,245,245,141,244,244,244,58,225,224,223,235,173,225,236,239,233,240,171,238,234,235,238,236,225,165,239,164,173,240,235,241,164,165,164,184,169,222,225,223,228,235,242,171,238,229,236,223,165,156,156,157,169,165,165,165,156,157,156,166,156,149,164,168,156,149,164,166,165,159,156,168,159,156,164,164,169,165,245,244,5,244,244,244,51,45,54,54,62,48,54,62,46,50,54,62,46,46,46,45,76,117,74,108,114,122,106,108,100,45,45,54,60,48,54,53,58,50,54,53,58,46,46,46,15,37,37,37,37,92,71,57,83,114,93,76,90,87,85,61,58,76,73,51,70,115,104,109,245,244,130,244,244,244,59,241,244,210,241,235,240,246,162,191,162,212,205,219,208,246,195,211,182,170,212,205,219,208,246,195,211,182,170,225,201,174,170,232,247,240,229,246,235,241,240,170,171,238,241,229,227,238,162,237,191,170,170,179,186,184,172,179,171,173,170,186,175,186,171,171,189,238,241,229,227,238,245,246,90,5,229,244,28,122,220,103,133,2,2,155,240,36,155,19,53,2,206,87,206,19,19,70,2,2,189,155,36,155,19,53,2,155,138,87,155,138,19,19,70,2,2,172,35,245,245,165,244,244,244,40,142,121,140,144,121,140,145,141,141,141,121,123,142,116,117,140,144,116,117,140,142,141,118,144,118,140,140,145,141,141,121,116,143,116,140,142,141,119,118,144,119,118,140,140,145,141,141,121,121,142,116,117,245,246,141,247,159,244,45,8,20,32,29,8,17,5,5,5,35,38,47,14,47,8,20,47,8,14,5,32,53,20,32,53,8,8,4,62,191,218,227,237,200,68,5,5,32,11,32,8,14,5,32,50,20,32,50,8,8,17,246,179,237,185,218,237,245,246,176,255,151,244,52,84,117,241,219,84,16,194,79,230,153,51,175,159,73,57,16,51,18,16,194,68,104,104,192,137,225,115,159,225,115,16,172,40,7,106,16,194,79,194,137,104,104,214,247,2,137,247,115,159,247,115,16,7,106,252,57,16,230,153,51,175,79,161,172,245,244,179,244,244,244,51,37,28,33,26,225,22,27,20,37,219,41,220,211,24,33,23,238,211,37,24,39,40,37,33,211,39,20,21,31,24,225,22,34,33,22,20,39,219,21,220,211,24,33,23,220,219,220,220,223,38,39,37,28,33,26,225,22,27,20,37,219,219,219,245,246,86,255,151,244,73,113,113,102,47,201,25,69,201,25,58,14,14,14,113,102,113,47,113,102,25,69,113,102,25,47,14,113,102,69,113,102,25,25,58,14,14,113,113,201,36,113,25,47,14,124,102,69,124,102,25,25,25,25,14,102,80,157,58,113,25,196,182,182,182,182,19,44,146,176,5,30,99,253,220,198,190,157,99,66,80,198,27,71,217,82,245,245,173,244,244,244,66,196,202,203,141,120,141,223,230,212,235,193,236,220,129,133,223,230,212,235,193,236,220,129,133,218,242,137,133,211,192,203,206,193,196,202,203,133,132,201,202,206,204,201,141,198,120,124,131,127,118,201,202,206,204,201,141,207,120,182,133,133,127,129,130,134,116,132,136,116,132,137,133,133,133,127,126,125,134,245,246,73,251,171,244,59,209,104,132,209,104,118,97,160,216,132,160,216,104,104,125,97,97,160,160,118,174,104,132,174,104,125,97,97,160,188,118,209,104,132,209,104,125,97,97,167,160,167,118,188,104,132,188,104,180,230,19,82,103,41,40,244,97,97,160,111,160,104,118,97,160,202,132,160,202,104,104,245,245,215,244,244,244,75,195,180,117,183,123,128,183,131,128,116,118,131,183,137,210,117,172,126,178,194,124,204,183,126,121,183,137,211,191,191,191,199,188,198,198,190,194,198,198,190,188,191,198,207,194,198,207,190,190,183,139,127,122,129,183,137,210,137,188,191,191,191,197,202,201,188,197,190,194,197,190,188,191,197,198,194,197,198,190,190,183,122,129,123,204,183,117,245,244,54,244,244,244,25,145,159,147,115,169,170,168,159,164,157,100,153,158,151,168,94,172,95,86,155,164,154,113,86,168,155,170,171,168,164,86,170,151,152,162,155,100,245,245,86,244,244,244,52,245,1,0,245,247,10,62,244,63,54,251,0,250,63,62,63,63,66,52,50,71,71,70,52,64,64,52,50,71,70,71,52,64,64,52,50,71,71,79,52,63,62,70,64,75,66,62,62,70,61,71,68,63,67,71,68,63,66,62,62,62,71,61,73,245,244,139,244,244,244,38,180,184,194,180,182,179,188,188,184,188,188,180,180,183,184,188,189,180,149,171,171,171,171,226,205,191,217,248,227,210,224,221,219,195,192,210,207,185,222,244,5,240,171,200,171,221,214,228,217,255,245,245,67,244,244,244,43,2,18,111,91,17,248,10,245,47,2,18,111,91,4,252,87,91,29,46,21,32,47,26,20,21,91,90,23,20,32,34,23,99,24,102,114,115,110,104,23,20,32,34,23,99,33,102,40,114,106,115,87,91,91,114,245,246,160,1,185,244,31,107,55,194,29,181,207,168,29,133,233,29,133,181,181,220,168,168,42,29,16,194,29,181,207,168,29,16,233,29,16,181,181,220,168,168,42,29,68,194,29,181,207,168,245,246,38,1,185,244,45,176,176,111,176,176,59,59,98,46,46,163,215,215,85,163,228,59,111,163,228,59,127,37,84,201,240,198,123,63,46,46,46,163,85,189,59,111,189,59,85,46,163,163,111,163,163,59,59,98,237,32,198,58,201,198,162,201,245,246,117,11,155,244,38,90,44,41,85,15,240,67,162,228,208,128,18,194,85,228,159,85,15,217,13,13,197,59,220,36,82,13,220,102,128,220,102,36,36,85,225,205,136,87,85,15,240,15,82,13,13,13,243,56,79,245,246,188,255,151,244,48,149,215,14,127,171,215,14,127,149,116,215,237,171,215,237,127,127,28,19,118,8,69,28,242,165,63,187,91,173,184,162,63,118,41,182,253,52,231,162,116,206,127,28,19,118,8,69,28,162,19,184,195,162,118,28,184,231,242,96,19,245,246,153,1,185,244,51,239,160,60,47,160,134,125,161,147,174,57,186,47,173,174,161,174,174,213,161,199,138,47,160,125,238,60,47,161,174,21,60,160,134,21,57,8,178,22,74,113,152,21,60,160,134,21,57,147,178,216,161,161,22,35,200,22,9,174,226,22,9,174,245,246,93,255,151,244,57,65,21,21,21,142,54,120,175,32,76,120,175,32,54,21,208,76,208,32,32,65,21,21,131,120,43,120,32,54,21,120,153,76,120,153,32,32,188,230,191,34,67,189,224,252,21,21,120,43,120,32,54,21,142,76,142,32,32,65,222,147,189,169,34,189,1,34,158,136,245,246,148,11,155,244,39,72,116,46,15,98,193,3,239,159,49,225,116,3,190,116,46,248,44,44,44,228,113,251,64,67,159,251,64,67,113,44,179,159,179,67,67,116,0,236,167,118,116,46,15,46,113,44,44,18,87,110,245,244,174,244,244,244,52,216,223,215,217,214,224,225,219,224,225,215,215,206,19,28,18,233,206,16,9,23,11,235,33,34,32,23,28,21,220,17,22,15,32,214,36,215,206,19,28,18,233,206,32,19,34,35,32,28,206,34,15,16,26,19,220,17,29,28,17,15,34,214,16,245,245,164,244,244,244,25,141,132,201,210,200,141,140,141,141,140,116,146,120,118,144,140,140,116,143,117,123,141,145,117,123,141,144,140,140,116,142,117,141,143,140,117,116,245,245,136,244,244,244,72,173,153,152,177,177,172,176,176,176,148,154,179,153,148,177,173,153,148,177,179,176,153,148,173,153,148,177,177,177,146,168,168,168,168,183,202,148,206,237,192,199,181,186,184,160,149,199,196,174,180,229,224,212,168,157,168,199,216,197,231,237,213,229,231,191,176,176,153,160,179,153,153,154,173,153,153,154,177,177,146,168,168,168,168,245,246,73,9,49,244,80,108,179,141,175,58,129,28,66,3,217,225,162,28,221,15,7,100,79,205,233,74,233,242,79,226,58,15,7,100,79,205,15,24,100,226,163,104,146,24,62,79,184,24,146,58,230,83,100,37,125,27,233,233,233,233,108,179,141,175,58,129,28,66,3,217,225,162,28,221,15,45,146,33,205,24,230,75,146,233,74,233,145,145,99,57,208,183,166,250,183,166,27,245,244,157,244,244,244,61,189,189,189,189,244,223,209,235,10,245,228,242,239,237,213,210,228,225,203,241,2,21,17,224,12,9,12,15,208,189,218,189,239,232,246,235,17,222,238,209,197,252,228,248,197,3,18,11,0,17,6,12,11,197,198,9,12,0,254,9,189,8,218,197,197,197,206,213,205,200,206,209,198,245,245,17,244,244,244,34,36,32,29,40,42,41,35,34,36,35,34,40,40,26,101,102,114,112,101,49,115,20,90,41,41,41,35,29,30,42,32,33,40,36,32,33,40,42,41,24,36,24,40,40,37,41,245,244,46,244,244,244,78,86,97,99,88,95,87,89,86,99,91,99,87,87,90,97,96,90,86,86,86,97,99,89,95,99,87,91,95,99,87,89,86,96,97,91,96,97,87,87,90,86,86,97,102,88,95,87,89,86,96,96,91,96,96,87,87,90,86,86,96,97,95,89,102,87,91,102,87,171,105,148,157,160,78,151,107,86,86,95,89,95,100,87,91,95,100,87,90,81,144,245,244,152,244,244,244,33,184,252,7,184,4,7,251,249,4,184,14,213,250,243,1,245,197,3,211,184,1,254,184,14,212,200,184,12,0,253,6,184,14,213,14,195,192,192,202,205,206,194,201,193,195,245,246,178,249,193,244,32,122,172,177,147,172,177,127,127,82,171,216,166,217,82,156,121,191,131,227,241,246,236,191,216,181,152,161,186,151,236,122,0,127,82,171,216,166,217,82,236,171,246,251,236,245,244,153,244,244,244,45,7,185,13,250,251,5,254,199,252,8,7,252,250,13,193,251,194,185,254,7,253,194,193,194,246,197,193,255,14,7,252,13,2,8,7,193,194,5,8,252,250,5,185,4,214,193,193,202,206,209,195,202,194,196,193,203,201,245,245,91,244,244,244,45,62,73,75,66,66,80,255,252,248,250,255,59,249,78,16,67,67,67,74,73,64,83,66,62,83,66,64,67,82,62,82,66,66,63,67,67,67,72,64,74,75,66,62,74,75,66,64,67,74,73,62,74,73,66,66,63,73,245,246,124,7,15,244,58,31,195,221,14,185,242,220,71,3,116,116,31,154,31,135,173,116,50,50,211,50,50,135,135,192,21,194,220,232,185,220,128,185,213,175,128,220,62,3,194,61,71,99,211,109,221,220,71,14,220,62,240,116,116,12,154,31,135,173,116,69,211,69,135,135,220,24,52,251,166,245,244,121,244,244,244,59,153,239,182,239,164,171,174,175,153,222,231,221,180,153,219,212,226,214,182,236,237,235,226,231,224,167,220,225,218,235,161,239,162,153,222,231,221,180,153,235,222,237,238,235,231,153,237,218,219,229,222,167,220,232,231,220,218,237,161,219,162,153,222,231,221,162,161,162,162,161,161,245,245,131,244,244,244,27,155,178,152,170,154,150,170,154,151,155,155,178,153,178,154,152,155,177,176,150,177,176,154,154,151,155,155,178,152,177,154,150,177,154,154,121,163,163,163,245,244,0,244,244,244,40,32,87,66,52,78,109,88,71,85,82,80,56,53,71,68,46,66,97,99,107,103,114,111,117,110,100,67,111,108,111,114,51,32,61,32,82,75,89,78,116,65,81,52,40,82,75,89,78,116,65,81,52,245,245,63,244,244,244,35,87,8,0,91,87,33,50,25,28,51,22,24,25,87,86,27,24,28,30,27,95,20,106,87,87,110,109,115,84,110,112,86,90,110,112,86,100,27,24,28,30,27,95,29,106,36,87,245,244,135,244,244,244,44,175,184,192,184,178,184,189,176,180,184,189,176,179,185,186,188,179,175,175,185,186,185,178,184,192,176,180,184,192,176,179,175,175,185,186,188,178,187,176,180,187,176,179,175,175,175,185,186,191,178,191,176,180,191,176,178,245,246,119,9,49,244,30,191,145,124,40,145,124,212,212,19,191,191,191,124,250,208,254,124,103,212,40,124,103,212,254,191,124,229,40,124,229,212,212,184,78,213,146,209,23,20,120,191,191,245,245,165,244,244,244,54,141,116,142,125,140,144,125,140,142,141,119,116,144,119,116,140,140,145,134,199,133,201,210,133,209,210,198,196,209,133,187,128,199,222,204,224,144,206,126,133,204,203,133,187,129,141,141,141,117,142,116,118,140,144,116,118,140,142,141,119,117,144,119,117,140,140,245,244,188,244,244,244,51,220,48,36,33,42,220,50,249,50,231,238,241,242,220,33,42,32,247,220,30,23,37,25,249,47,48,46,37,42,35,234,31,36,29,46,228,50,229,220,33,42,32,247,220,46,33,48,49,46,42,220,48,29,30,40,33,234,31,43,42,31,29,48,245,244,178,244,244,244,47,218,20,219,210,23,32,22,219,218,219,219,222,218,24,39,32,21,38,27,33,32,218,219,30,33,21,19,30,210,29,239,227,230,237,30,33,21,19,30,210,20,239,45,218,218,227,227,232,221,227,229,219,223,227,229,219,222,218,218,245,246,50,247,159,244,49,170,197,200,218,179,209,173,185,209,173,179,170,200,200,185,200,200,173,173,182,170,170,197,200,209,176,197,173,179,170,200,197,185,200,197,173,173,182,170,170,170,197,200,203,179,197,221,173,185,197,221,173,179,170,212,185,212,173,173,182,221,245,245,49,244,244,244,40,255,5,9,9,249,252,11,0,8,10,9,0,254,4,0,254,8,8,5,9,9,9,249,1,10,0,1,8,4,0,1,8,10,9,3,3,4,3,3,8,8,52,250,79,70,67,17,72,244,9,9,0,245,244,108,244,244,244,24,150,157,149,151,148,157,156,153,157,156,149,149,152,143,206,140,208,219,140,216,219,207,205,216,140,226,169,206,199,213,201,153,215,167,140,213,245,244,169,244,244,244,32,15,201,31,229,209,209,217,211,218,210,212,209,218,218,214,218,218,210,210,201,29,17,14,23,201,31,230,31,212,209,209,219,222,223,211,218,210,212,209,218,218,214,218,218,245,244,211,244,244,244,63,252,252,243,56,65,55,14,243,53,46,60,48,16,70,71,69,60,65,58,1,54,59,52,69,251,73,252,243,56,65,55,14,243,69,56,71,72,69,65,243,71,52,53,63,56,1,54,66,65,54,52,71,251,53,252,243,56,65,55,252,251,252,252,251,3,255,251,251,4,9,5,253,4,252,254,245,245,188,244,244,244,28,212,229,217,229,213,213,216,212,212,238,241,241,215,237,238,213,217,237,238,213,213,182,220,220,220,220,147,126,240,122,153,132,131,145,142,140,228,241,131,128,245,245,64,244,244,244,48,86,16,33,50,29,22,44,96,101,96,255,112,20,14,112,109,254,2,24,9,114,18,50,58,58,96,96,96,96,20,23,35,33,20,96,251,19,33,10,105,24,35,3,114,114,255,252,24,253,96,101,96,18,251,9,246,44,1,17,108,245,245,154,244,244,244,42,130,232,225,243,220,198,219,235,134,130,237,213,126,120,238,133,137,238,139,139,138,238,139,139,135,238,139,139,132,238,147,133,238,139,139,138,238,147,147,238,139,138,139,120,131,126,120,238,139,139,138,120,124,124,245,246,213,9,49,244,79,159,97,218,197,218,159,155,155,159,97,218,218,130,159,50,29,168,5,126,72,198,110,30,72,160,29,29,218,239,92,25,25,134,25,25,50,50,50,167,117,117,117,117,252,164,202,55,130,93,244,84,239,239,168,105,93,126,155,84,240,47,219,30,47,143,202,9,114,110,68,117,214,117,143,252,34,59,89,42,122,25,29,143,252,34,59,89,42,122,25,29,245,244,191,244,244,244,35,30,6,235,231,37,52,45,34,51,40,46,45,231,232,43,46,34,32,43,223,42,252,231,231,240,248,244,233,240,232,234,231,240,240,236,240,240,232,232,250,43,46,34,32,43,223,33,245,245,95,244,244,244,71,74,4,55,55,77,83,52,76,54,58,76,54,59,80,59,83,83,59,83,71,10,68,1,248,13,63,246,74,55,55,78,52,80,54,58,80,54,59,60,253,63,3,248,63,251,248,252,254,251,63,17,74,253,36,246,42,58,244,68,63,246,1,63,17,75,55,55,79,52,78,71,54,58,78,71,54,63,19,247,2,249,63,17,245,245,62,244,244,244,58,107,48,85,86,86,108,115,112,84,111,87,85,86,111,111,91,111,111,87,87,94,35,24,34,101,94,28,5,23,11,107,45,50,44,23,24,33,88,29,22,31,44,86,48,87,94,35,24,34,101,94,44,35,50,51,44,24,94,50,31,28,26,35,88,29,25,24,29,31,50,245,246,66,255,151,244,53,250,120,5,162,153,252,142,5,250,5,5,38,250,164,73,252,131,62,197,7,252,250,5,230,7,131,109,230,162,219,225,250,250,104,82,181,27,93,104,5,49,93,104,5,203,230,7,131,109,230,162,120,225,139,250,250,148,115,27,148,5,49,148,5,38,245,244,152,244,244,244,27,192,192,192,205,204,195,207,193,197,207,193,195,192,201,203,197,201,203,193,193,196,192,192,207,202,194,201,193,195,192,206,197,206,193,193,21,211,254,7,245,244,35,244,244,244,72,149,67,140,96,75,75,84,78,87,76,80,87,76,79,70,133,67,135,146,67,143,146,134,132,143,67,153,96,133,126,140,128,80,142,94,67,140,137,67,153,95,75,75,83,78,84,89,76,80,84,89,76,67,151,139,136,145,67,153,96,153,78,75,75,75,85,88,89,78,86,76,80,86,76,78,75,84,86,80,84,86,76,76,67,245,244,151,244,244,244,55,252,5,251,210,183,249,242,0,244,212,10,11,9,0,5,254,197,250,255,248,9,191,13,192,183,252,5,251,210,183,9,252,11,12,9,5,183,11,248,249,3,252,197,250,6,5,250,248,11,191,249,192,183,252,5,251,192,191,192,192,191,199,195,191,191,205,193,245,246,105,7,15,244,38,12,116,154,97,12,164,192,12,164,116,116,116,39,201,201,201,201,250,146,156,23,164,33,194,98,31,31,174,117,33,136,211,89,156,223,232,147,5,201,240,201,222,79,69,51,128,241,174,184,127,245,245,138,244,244,244,54,186,162,151,197,198,144,144,170,170,170,170,181,200,150,204,239,194,197,183,184,186,162,151,197,198,172,207,237,215,217,231,200,215,214,214,237,236,155,201,238,243,233,241,160,201,237,236,236,231,233,214,178,228,215,236,233,214,243,237,236,178,179,144,170,170,170,245,244,72,244,244,244,74,104,104,104,104,104,155,137,149,158,155,137,152,158,190,138,130,140,173,187,188,186,183,193,112,113,82,104,104,104,104,173,182,172,113,82,82,104,104,104,104,180,144,143,127,150,127,143,161,179,189,152,137,185,118,149,183,172,169,180,141,182,169,170,180,173,172,104,133,104,188,186,189,173,82,173,182,172,113,82,82,167,143,163,112,174,189,245,246,85,11,155,244,39,55,58,193,196,78,55,237,4,9,78,58,12,9,53,242,208,93,116,162,9,78,58,12,9,53,35,208,98,237,237,211,165,93,50,24,4,96,24,4,73,188,93,47,73,237,237,237,188,116,1,50,245,244,73,244,244,244,29,123,114,118,123,114,116,113,122,125,118,122,125,114,114,117,113,113,113,123,121,126,116,122,124,114,118,122,124,114,116,113,123,124,118,123,124,114,114,198,132,175,245,245,102,244,244,244,76,17,244,70,15,67,78,78,78,55,77,62,79,83,62,79,77,78,57,83,57,79,79,82,69,4,70,10,17,70,18,17,5,7,18,70,248,67,4,29,15,35,83,13,61,70,15,8,70,248,66,78,78,78,54,77,55,63,79,83,55,63,79,77,78,55,58,83,55,58,79,79,70,250,14,11,16,70,248,67,248,77,78,78,78,52,59,56,77,245,245,44,244,244,244,53,253,1,5,9,253,1,5,7,4,253,253,9,253,253,5,5,12,81,74,80,247,12,78,87,69,89,249,63,64,62,69,74,83,10,79,68,77,62,4,66,5,12,81,74,80,247,12,62,81,64,65,62,74,12,64,77,78,72,81,10,79,75,74,79,77,245,245,9,244,244,244,32,85,49,107,48,41,100,111,101,48,49,48,60,49,49,49,27,51,24,48,50,49,24,23,44,24,23,48,48,48,41,41,41,19,19,41,19,62,70,66,49,103,84,111,106,245,244,64,244,244,244,78,180,169,175,174,104,105,172,175,163,161,172,96,171,125,104,104,104,120,112,107,113,120,105,109,113,120,105,107,104,119,109,119,105,105,123,172,175,163,161,172,96,162,125,187,113,121,114,108,104,104,113,119,121,106,113,105,107,104,113,118,109,113,118,105,105,108,113,119,119,108,113,120,120,108,113,120,120,189,123,166,175,178,96,169,125,104,104,113,107,113,245,244,27,244,244,244,57,76,68,72,76,76,68,71,62,125,59,127,138,59,135,138,126,124,135,59,145,88,125,118,132,120,72,134,86,59,132,129,59,145,87,67,67,67,75,70,76,83,68,72,76,83,68,70,67,76,82,72,76,82,68,68,59,143,131,128,137,59,145,88,145,70,67,67,77,80,245,245,254,244,244,244,76,48,20,47,23,21,22,47,38,27,47,38,23,23,30,99,88,98,37,30,92,69,87,75,43,109,114,108,87,88,97,24,93,86,95,108,22,112,23,30,99,88,98,37,30,108,99,114,115,108,88,30,114,95,92,90,99,24,93,89,88,93,95,114,22,92,23,30,99,88,98,23,22,23,75,22,96,115,88,93,114,87,89,88,22,23,30,115,102,245,246,0,247,159,244,65,168,104,204,234,95,201,204,198,201,86,234,92,47,138,240,68,35,107,47,86,213,95,59,174,210,59,74,44,210,59,86,89,92,201,56,59,68,44,120,213,80,207,53,71,95,47,53,29,120,120,147,171,129,162,135,162,123,123,123,174,204,47,89,92,86,77,107,120,123,96,47,74,44,123,30,30,68,245,245,101,244,244,244,63,18,6,4,17,69,46,23,56,40,252,9,39,60,250,40,28,23,39,250,39,38,62,69,9,18,69,17,18,6,4,17,69,20,31,27,7,7,44,252,20,47,29,45,58,64,23,46,28,51,249,36,20,57,77,34,42,30,77,11,248,19,6,249,12,18,19,77,76,17,18,6,4,17,69,14,245,246,86,251,171,244,72,1,110,110,173,208,215,124,173,117,131,110,173,173,145,173,173,117,117,243,74,95,11,253,74,54,4,1,179,110,110,180,194,166,131,173,187,117,145,173,187,117,138,110,110,110,180,173,131,173,208,117,145,173,208,117,131,110,187,145,187,117,117,138,110,110,180,208,131,173,173,117,145,173,173,117,138,110,110,180,215,124,173,117,131,245,244,93,244,244,244,56,133,150,138,150,134,134,137,133,133,149,135,142,134,136,133,145,138,145,134,134,137,133,133,143,142,136,142,149,134,138,142,149,134,137,133,133,133,142,141,136,142,150,134,138,142,150,134,136,133,146,138,146,134,134,137,133,133,142,143,135,142,134,136,133,142,148,138,142,245,244,27,244,244,244,44,82,68,68,152,86,129,138,141,59,132,88,67,67,76,69,76,68,70,67,84,72,84,68,68,71,62,125,59,127,138,59,135,138,126,124,135,59,145,88,125,118,132,120,72,134,86,59,132,129,59,145,87,75,59,143,131,245,244,117,244,244,244,61,218,227,149,235,178,235,160,167,170,171,149,218,227,217,176,149,215,208,222,210,178,232,233,231,222,227,220,163,216,221,214,231,157,235,158,149,218,227,217,176,149,231,218,233,234,231,227,149,233,214,215,225,218,163,216,228,227,216,214,233,157,215,158,149,218,227,217,158,157,158,210,161,157,245,246,56,1,185,244,62,102,41,206,63,28,141,219,206,64,77,180,219,63,37,180,216,167,81,64,64,64,246,233,103,16,77,129,16,77,103,64,181,233,129,181,233,77,77,55,180,219,63,37,180,216,50,81,119,64,64,64,181,3,233,103,181,194,77,129,181,194,77,103,64,181,246,129,181,246,77,77,116,64,64,245,245,24,244,244,244,67,9,6,6,3,7,1,253,7,1,252,0,0,9,16,4,2,9,1,3,0,5,253,5,1,1,77,19,54,63,74,248,65,13,0,0,9,3,9,17,1,253,9,17,1,252,251,58,248,52,63,248,60,63,59,57,60,248,70,13,58,115,65,109,253,67,19,248,65,54,248,70,12,0,0,0,8,3,9,5,245,246,117,7,15,244,44,128,204,24,100,128,166,109,43,5,204,43,5,128,128,213,17,45,244,159,213,55,252,55,166,109,109,109,43,100,119,166,81,128,204,81,128,166,109,43,24,204,43,24,128,128,213,244,159,225,214,213,187,54,64,92,252,245,246,94,255,151,244,80,79,90,68,225,24,203,88,159,214,137,68,22,112,33,190,181,24,170,231,190,68,181,90,101,68,24,190,90,137,148,2,181,88,159,35,24,159,137,90,22,148,33,190,181,24,170,33,22,33,33,22,107,46,85,203,13,101,181,203,115,22,22,132,110,55,121,121,121,77,121,121,121,33,33,33,231,190,151,228,165,85,145,170,52,209,123,85,49,228,52,123,52,245,244,46,244,244,244,31,113,107,127,136,132,144,144,119,167,127,120,134,118,101,78,147,156,146,56,121,128,99,115,167,146,112,103,165,115,135,128,112,165,112,113,92,124,143,155,147,78,107,78,245,244,174,244,244,244,53,245,30,243,21,27,35,19,21,13,214,214,223,231,217,225,219,225,215,215,184,249,0,227,243,39,18,240,231,37,243,7,0,240,37,240,241,220,254,15,32,19,28,34,206,235,206,35,38,230,38,242,252,35,241,242,240,241,32,252,34,19,232,5,15,23,245,245,6,244,244,244,57,90,72,113,84,69,110,111,114,106,46,73,86,75,105,115,91,107,105,65,46,46,20,23,45,23,24,51,23,24,47,47,47,12,77,52,27,75,95,106,68,31,89,75,63,52,68,89,68,69,48,52,107,85,107,90,81,112,53,86,103,89,112,38,35,38,104,103,114,85,245,245,153,244,244,244,65,180,163,226,235,132,212,208,181,219,144,198,212,240,235,219,198,219,218,127,224,182,191,190,203,180,214,196,192,224,191,202,180,197,121,140,121,197,203,196,180,163,163,189,190,186,184,189,121,225,136,209,187,211,218,134,184,197,226,219,233,181,184,146,121,181,190,121,189,190,186,184,189,121,182,221,183,134,245,244,36,244,244,244,37,120,112,106,111,125,93,87,107,97,118,111,125,114,152,101,117,88,76,118,111,125,114,152,101,117,88,76,131,107,80,76,138,153,146,135,152,141,147,146,76,77,144,147,135,133,144,68,143,97,245,245,16,244,244,244,70,40,40,33,34,25,43,33,32,41,37,33,32,41,27,100,103,115,113,100,48,114,21,91,40,40,34,32,34,42,33,41,43,40,33,30,37,33,30,41,41,36,40,40,34,35,25,42,33,41,43,40,33,33,37,33,33,41,41,36,34,28,28,36,40,40,40,34,28,29,43,33,29,41,37,33,29,41,43,40,34,33,37,245,246,18,255,151,244,48,56,45,213,213,246,202,202,56,56,100,224,45,213,235,202,45,111,1,45,111,213,213,246,202,202,202,56,67,133,235,45,122,213,1,45,122,213,235,202,78,1,78,213,213,246,202,202,56,56,122,224,45,213,235,202,45,56,1,45,56,245,245,171,244,244,244,67,146,146,143,147,147,147,121,120,123,144,122,121,146,142,122,121,146,144,147,121,121,142,121,121,146,146,190,128,197,204,185,139,210,126,147,147,122,145,122,146,144,147,122,131,142,122,131,146,146,143,136,201,139,199,204,139,207,204,200,202,207,139,181,126,201,224,210,222,142,208,128,139,210,197,139,181,127,147,147,245,246,8,9,49,244,73,248,143,34,101,185,34,101,168,140,144,81,14,168,182,9,182,143,80,80,80,34,97,118,143,13,160,101,185,13,160,101,143,80,13,139,185,13,139,101,101,168,81,14,60,223,168,18,127,165,169,9,119,140,98,165,14,123,206,39,144,253,98,80,182,101,168,81,14,60,223,168,98,81,140,161,98,14,168,140,253,18,228,81,206,39,245,244,119,244,244,244,44,230,229,218,216,235,159,217,160,151,220,229,219,160,159,160,160,163,159,221,236,229,218,235,224,230,229,159,160,227,230,218,216,227,151,226,180,173,173,178,227,230,218,216,227,151,217,180,242,159,159,168,174,173,162,171,160,245,245,190,244,244,244,64,219,242,215,218,214,214,239,240,241,212,239,215,213,214,239,237,219,239,237,215,215,218,214,214,239,230,243,212,239,215,213,214,241,219,241,215,215,171,229,160,153,172,222,151,235,214,214,239,212,239,215,213,214,230,219,230,215,215,218,221,156,222,162,153,222,154,153,157,159,154,222,176,235,156,133,151,245,246,82,247,159,244,25,105,217,147,3,178,141,132,178,180,6,202,202,226,211,229,253,205,217,229,253,205,178,174,138,129,156,178,180,9,180,211,202,202,202,232,241,244,245,244,79,244,244,244,52,122,128,130,120,124,128,130,120,122,119,128,133,124,128,133,120,120,111,180,189,179,138,111,177,170,184,172,140,194,195,193,184,189,182,125,178,183,176,193,119,197,120,111,180,189,179,138,111,193,180,195,196,193,189,111,195,176,177,187,180,125,178,190,189,245,246,55,7,15,244,36,144,106,211,47,125,66,151,182,97,163,66,47,66,66,47,124,135,86,220,78,230,182,220,68,47,47,218,0,104,218,199,237,142,218,199,237,66,66,66,152,151,143,218,31,125,69,48,76,245,246,119,9,49,244,45,108,251,158,225,7,171,108,120,234,179,213,250,91,179,53,158,196,36,166,74,23,192,125,171,73,95,124,79,129,121,246,250,108,251,158,225,7,171,108,61,70,20,121,192,23,120,23,49,158,196,221,251,204,28,187,191,49,245,244,89,244,244,244,24,164,178,167,205,154,170,141,129,184,160,133,129,191,206,199,188,205,194,200,199,129,130,197,200,188,186,197,121,196,150,139,139,142,148,197,200,245,245,86,244,244,244,37,245,247,2,54,244,83,13,62,62,62,75,74,61,78,63,67,78,63,61,62,71,70,67,71,70,63,63,66,62,62,69,73,60,71,63,61,62,68,70,67,68,70,63,63,66,62,62,73,74,245,245,110,244,244,244,29,69,67,71,75,67,71,74,65,54,74,63,55,251,53,16,9,252,78,7,59,70,70,63,69,60,71,75,60,71,74,77,12,78,18,9,78,10,9,13,15,10,245,244,140,244,244,244,31,172,2,201,238,231,245,233,185,247,199,172,245,242,172,2,200,180,180,188,183,194,181,185,194,181,172,0,244,241,250,172,2,201,2,183,180,180,190,193,194,182,189,181,245,245,24,244,244,244,44,3,0,10,9,253,10,9,1,1,248,53,62,52,19,248,58,115,65,109,13,75,68,74,65,62,55,254,59,64,57,74,0,70,1,248,53,62,52,19,248,74,53,68,69,74,62,248,68,57,58,60,53,254,59,63,62,245,246,41,1,185,244,68,48,22,13,49,35,62,201,74,191,61,62,49,62,62,101,49,87,26,191,48,13,126,204,191,49,62,165,204,48,22,165,201,152,66,166,166,192,40,165,204,48,22,165,201,35,66,104,49,49,179,179,192,88,14,62,114,14,62,101,49,49,179,166,205,88,166,14,62,114,166,14,62,101,49,49,179,192,179,88,1,245,246,5,1,185,244,26,26,78,221,26,94,4,51,168,207,165,90,30,130,65,204,255,165,25,168,165,129,168,12,242,129,165,3,30,255,164,90,190,78,116,4,165,90,51,245,246,10,5,229,244,74,42,224,6,178,178,58,212,75,195,229,178,109,7,109,195,195,42,190,242,191,88,42,224,23,224,229,178,178,92,143,160,229,211,195,7,211,195,42,191,88,174,245,42,140,21,3,55,23,173,190,156,3,88,225,24,157,242,123,156,178,224,195,42,191,88,174,245,42,156,191,190,207,156,88,42,190,123,140,54,191,24,157,105,88,157,123,245,244,97,244,244,244,62,213,137,195,138,129,198,207,197,138,137,138,138,137,137,137,145,140,146,147,138,142,146,147,138,141,129,137,137,147,150,145,139,146,138,140,137,146,147,142,146,147,138,138,141,129,137,137,145,139,146,138,140,137,147,147,142,147,147,138,138,141,129,137,137,137,148,145,140,146,153,138,142,146,153,245,245,202,244,244,244,25,243,241,242,219,213,239,219,213,243,243,243,208,146,219,162,168,160,137,213,171,150,145,136,122,166,171,236,122,173,153,179,150,179,173,172,234,223,245,244,158,244,244,244,49,190,240,233,247,236,18,223,239,210,198,240,233,247,236,18,223,239,210,198,253,229,202,198,4,19,12,1,18,7,13,12,198,199,10,13,1,255,10,190,9,219,198,198,198,207,211,213,201,207,214,199,203,207,214,199,201,198,207,212,203,207,245,245,144,244,244,244,45,158,169,169,155,228,231,243,241,228,176,242,149,219,168,168,162,156,162,170,161,169,171,168,162,161,165,162,161,169,169,164,168,168,168,162,162,157,171,161,152,169,165,161,152,169,171,168,161,160,165,161,160,169,169,164,168,168,245,244,40,244,244,244,75,94,83,96,81,85,96,81,84,80,80,89,88,83,89,94,81,85,89,94,81,84,80,80,90,88,95,83,89,92,81,85,89,92,81,165,99,142,151,154,72,145,101,80,80,89,82,89,81,83,80,90,88,85,90,88,81,81,84,75,138,72,140,151,72,148,151,139,137,148,72,158,101,138,131,145,133,85,147,99,72,145,142,72,158,100,80,80,245,244,11,244,244,244,38,59,53,60,52,54,51,60,65,56,60,65,52,52,43,127,115,112,121,43,129,72,129,54,51,51,61,64,65,54,60,68,52,56,60,68,52,43,112,121,111,70,43,109,102,116,104,72,126,127,125,245,246,176,9,49,244,37,77,182,35,118,207,56,165,10,248,94,13,80,249,182,228,135,80,10,249,52,73,10,182,80,52,165,186,140,249,118,207,203,182,207,165,52,248,186,13,80,249,182,228,13,248,13,13,76,248,245,246,39,5,229,244,55,237,236,117,186,219,32,134,117,207,224,83,134,186,152,83,71,66,52,207,207,121,121,223,2,189,224,36,189,224,18,83,134,186,152,83,71,169,52,82,207,207,207,223,121,2,104,155,224,36,104,155,224,2,207,189,36,189,224,224,19,207,207,206,138,2,104,223,245,245,149,244,244,244,30,124,128,132,141,124,129,125,125,140,132,127,132,124,126,125,132,134,128,132,134,124,124,208,142,187,194,199,117,188,144,125,125,132,127,132,124,126,125,136,128,136,124,245,244,7,244,244,244,74,48,51,42,105,39,107,118,39,115,118,106,104,115,39,125,68,105,98,112,100,52,114,66,39,112,109,39,125,67,47,47,55,50,60,48,52,60,48,39,123,111,108,117,39,125,68,125,50,47,47,47,57,60,61,50,56,57,48,52,56,57,48,50,47,56,58,52,56,58,48,48,39,108,117,107,66,39,105,98,112,100,68,122,123,121,112,245,246,73,5,229,244,59,151,32,87,220,49,186,219,241,31,2,105,254,151,237,52,105,219,254,253,14,219,151,105,253,186,203,117,254,87,220,168,151,220,186,253,241,203,2,105,254,151,237,2,241,2,2,241,121,87,206,53,105,70,241,241,138,155,206,19,138,2,36,241,172,70,172,2,2,53,105,121,245,245,86,244,244,244,65,64,79,68,66,54,62,62,70,61,69,63,67,69,63,63,92,30,71,14,244,12,21,73,247,10,29,20,38,250,247,64,20,247,245,253,249,4,1,11,0,250,42,4,247,0,5,6,247,4,251,0,245,15,54,83,54,62,62,71,60,71,63,61,62,72,67,72,63,63,92,30,71,14,244,12,21,73,245,244,208,244,244,244,31,49,68,27,18,32,52,49,254,36,53,72,68,19,63,60,63,66,3,240,13,240,34,27,41,30,68,17,33,4,248,34,27,41,30,68,17,33,4,248,47,23,252,248,245,245,20,244,244,244,69,58,73,66,55,72,61,67,66,252,253,64,67,55,53,64,244,63,17,6,5,13,15,64,67,55,53,64,244,54,17,79,252,252,252,7,4,255,5,6,253,1,5,6,253,255,252,6,7,1,6,7,253,253,0,252,252,11,8,255,12,253,1,12,253,0,252,252,252,11,5,255,5,13,253,1,5,13,253,255,252,5,245,244,36,244,244,244,47,88,81,85,88,77,77,80,76,76,91,88,79,90,77,81,90,77,80,76,76,76,91,91,79,85,87,77,81,85,87,77,79,76,85,87,81,85,87,77,77,80,76,76,76,85,88,79,87,77,81,87,77,79,76,86,87,81,86,87,245,244,194,244,244,244,54,235,235,63,253,40,49,52,226,43,255,234,234,243,237,247,235,239,247,235,238,229,36,226,38,49,226,46,49,37,35,46,226,56,255,36,29,43,31,239,45,253,226,43,40,226,56,254,234,234,234,242,237,243,247,235,239,243,247,235,237,234,243,243,239,243,243,245,246,38,5,229,244,76,223,223,70,218,14,219,116,70,252,51,252,1,206,206,120,171,188,240,103,223,1,206,137,35,137,223,223,70,219,116,202,17,70,168,49,31,83,51,201,218,184,31,116,253,52,185,14,151,184,206,252,223,70,219,116,202,17,70,184,219,218,235,184,116,70,218,151,168,82,219,52,185,133,116,185,151,218,206,168,223,70,219,116,202,223,206,223,223,245,246,211,249,193,244,30,175,125,159,200,200,195,125,185,185,125,159,200,195,200,125,185,185,125,159,200,200,240,125,160,155,195,185,215,175,115,195,185,225,175,115,195,185,240,160,5,59,200,245,246,141,247,159,244,74,245,179,251,86,50,176,233,110,83,125,185,176,23,137,188,245,233,134,182,176,209,188,185,237,68,237,233,227,236,188,171,101,32,245,179,251,86,50,176,233,110,83,125,185,176,23,95,218,215,233,237,68,237,92,215,236,212,23,95,218,215,233,23,98,218,233,197,176,212,171,101,32,245,179,251,86,50,176,233,110,83,125,185,176,23,137,245,246,207,247,159,244,71,254,55,43,47,134,47,4,58,173,16,203,61,7,4,95,164,179,245,197,248,161,245,237,167,98,55,245,61,152,116,242,43,176,149,191,251,242,89,191,242,37,254,25,43,47,134,47,176,197,110,158,58,251,149,122,52,158,218,197,149,52,149,152,237,237,1,28,37,47,200,119,167,107,101,107,49,4,254,146,47,134,47,71,245,244,90,244,244,244,64,130,139,133,139,142,131,135,139,142,131,134,122,130,130,130,139,140,138,133,140,131,135,140,131,133,130,147,135,147,131,131,122,190,201,100,122,122,122,122,198,201,189,187,198,122,167,188,202,160,173,187,198,195,168,197,172,167,177,177,149,122,190,201,122,198,201,189,187,198,122,156,140,211,201,197,166,245,245,209,244,244,244,25,223,173,224,130,153,121,118,212,131,138,120,135,157,144,128,221,233,131,138,120,135,157,144,128,221,233,118,142,229,233,175,156,167,178,157,168,166,245,244,18,244,244,244,37,128,58,59,126,129,117,115,126,50,125,79,58,58,67,74,75,60,67,59,61,58,68,67,63,68,67,59,59,77,126,129,117,115,126,50,116,79,141,58,58,70,68,60,67,59,61,58,75,63,245,246,101,5,229,244,77,46,30,30,81,13,13,200,149,47,166,30,64,13,166,29,98,166,29,30,30,81,13,13,217,46,47,166,30,64,13,166,46,98,166,46,30,30,81,13,13,200,12,47,166,30,64,13,200,98,200,30,30,178,80,43,196,247,133,94,114,13,13,13,166,64,166,234,30,98,166,234,30,64,13,166,29,98,166,29,30,30,81,184,231,133,9,196,133,145,245,246,142,251,171,244,57,151,67,53,130,110,200,57,60,11,109,25,201,123,43,110,109,88,110,200,50,166,166,222,187,229,222,173,201,229,222,173,110,186,102,81,144,110,200,57,200,187,166,166,236,1,8,180,229,173,187,166,229,222,201,229,222,173,173,110,81,144,74,43,110,60,11,109,25,57,245,245,12,244,244,244,57,95,96,94,101,106,115,42,111,100,109,94,36,98,37,44,113,106,112,23,44,94,113,96,97,94,106,44,96,109,110,104,113,42,111,107,106,111,109,96,36,110,37,44,113,106,112,37,36,37,37,40,36,114,97,106,111,96,101,107,106,36,37,104,107,111,109,104,44,103,245,246,130,1,185,244,60,155,138,138,138,255,38,64,177,255,64,151,203,255,64,151,177,138,255,255,203,255,255,151,151,129,254,37,137,111,254,34,124,155,193,138,138,38,177,51,151,203,51,151,190,138,138,138,12,38,25,177,255,38,151,203,255,38,151,177,138,255,77,203,255,77,151,151,190,138,138,138,242,245,246,69,255,151,244,46,30,96,140,8,52,96,140,8,30,253,118,52,118,8,8,41,253,253,107,129,151,19,96,8,30,253,107,85,52,107,85,8,8,41,96,41,253,253,107,140,140,19,96,8,30,253,96,85,52,96,85,8,8,164,206,167,10,43,245,244,108,244,244,244,71,140,213,169,148,148,157,151,163,149,153,163,149,152,143,206,140,208,219,140,216,219,207,205,216,140,226,169,206,199,213,201,153,215,167,140,213,210,140,226,168,148,148,148,156,151,165,149,153,165,149,151,148,158,159,153,158,159,149,149,140,224,212,209,218,140,226,169,226,151,158,161,162,140,209,218,208,167,140,206,199,213,201,169,245,244,28,244,244,244,69,143,144,142,133,138,131,74,127,132,125,142,68,146,69,60,129,138,128,87,60,142,129,144,145,142,138,60,144,125,126,136,129,74,127,139,138,127,125,144,68,126,69,60,129,138,128,69,68,69,69,68,68,68,68,78,71,84,69,73,84,69,71,68,77,81,73,77,81,69,69,72,60,68,68,68,85,84,71,77,79,69,245,246,88,255,151,244,77,71,115,137,27,49,16,137,71,137,27,27,27,184,93,184,16,16,115,104,104,49,115,115,27,71,115,115,27,225,184,167,142,40,90,233,131,252,219,178,241,222,167,21,21,247,46,126,139,29,241,156,170,164,115,233,128,32,109,184,175,18,164,198,184,184,184,184,252,29,153,131,252,184,79,46,7,43,115,29,197,73,139,112,62,153,208,189,225,184,245,245,178,244,244,244,30,206,197,146,198,197,209,211,198,146,240,209,233,243,126,207,189,126,130,187,226,225,119,224,233,219,228,190,243,227,126,138,224,233,219,228,190,243,227,126,138,213,237,245,244,178,244,244,244,27,222,218,24,39,32,21,38,27,33,32,218,219,30,33,21,19,30,210,29,239,218,218,230,226,220,227,219,221,218,232,223,232,219,219,237,30,33,21,19,245,245,46,244,244,244,80,74,14,76,251,53,6,6,6,255,2,247,5,255,254,7,11,255,254,7,5,6,255,253,11,255,253,7,7,10,6,6,255,253,1,4,255,7,5,6,0,11,0,7,7,10,6,6,6,255,3,0,5,3,7,11,3,7,5,6,255,0,11,255,0,7,7,10,6,6,6,255,2,2,5,255,246,7,11,255,246,7,5,6,2,11,2,7,7,59,245,80,73,245,246,65,11,155,244,55,127,33,176,188,217,217,168,30,168,237,240,76,168,237,240,53,102,15,33,61,58,33,245,58,38,248,245,33,219,188,15,110,176,156,76,222,142,33,176,107,33,219,165,217,217,145,30,168,50,240,76,168,50,240,33,173,153,84,35,33,219,188,219,30,191,4,27,245,246,8,5,229,244,54,40,189,86,172,243,40,138,19,1,53,21,171,188,154,1,86,223,22,155,240,121,154,176,222,193,40,189,86,172,243,40,154,189,188,205,154,86,40,188,121,138,52,189,22,155,103,86,155,121,188,176,138,193,40,189,86,172,193,176,193,193,244,176,206,205,86,245,245,181,244,244,244,49,150,169,156,162,163,221,220,161,162,150,148,161,213,158,240,221,221,228,232,230,223,228,220,222,221,232,224,232,220,220,238,161,162,150,148,161,213,151,240,174,221,221,228,228,223,228,220,222,221,228,236,224,228,236,220,220,225,221,221,221,231,245,244,21,244,244,244,75,74,69,64,71,62,66,71,62,64,61,70,72,66,70,72,62,62,65,61,61,76,63,70,62,64,61,70,71,66,70,71,62,62,65,61,61,71,74,72,64,77,62,66,77,62,65,77,65,61,61,75,63,70,62,64,61,70,76,66,70,76,62,62,146,80,123,132,135,53,126,82,61,61,70,64,77,62,66,77,62,65,56,119,53,121,132,53,245,244,154,244,244,244,31,6,9,253,251,6,186,16,215,252,245,3,247,199,5,213,186,3,0,186,16,214,194,194,194,202,197,211,195,199,211,195,197,194,208,199,208,195,195,186,14,2,255,8,245,246,178,9,49,244,53,82,96,179,96,57,250,250,250,204,11,32,57,183,74,15,99,183,74,15,57,250,183,53,99,183,53,15,15,82,251,184,230,137,82,188,41,79,83,179,33,54,12,79,184,37,120,209,58,167,12,250,96,15,82,251,184,230,137,82,12,251,54,75,12,184,245,246,191,1,185,244,73,95,163,172,185,59,224,21,198,98,85,198,172,163,199,185,212,95,224,85,211,212,199,212,212,199,199,199,199,73,238,60,73,212,8,60,73,212,238,199,151,8,151,212,212,251,95,199,199,199,164,47,238,86,212,8,86,212,238,199,60,47,8,60,47,212,212,212,95,34,95,199,199,199,60,47,47,238,60,164,212,8,60,164,212,238,245,246,191,11,155,244,68,87,38,176,202,38,176,110,110,12,159,242,173,138,190,38,184,0,20,158,55,253,164,23,216,58,173,164,124,150,107,210,112,107,15,158,239,52,159,210,161,187,165,159,159,159,159,115,184,164,118,115,159,0,92,101,210,78,130,46,207,213,124,181,78,176,253,210,12,159,187,184,159,115,184,164,118,115,159,9,173,245,244,205,244,244,244,26,26,30,46,16,34,39,65,5,64,10,31,24,38,27,65,14,30,1,245,44,20,40,245,51,66,59,48,65,54,60,59,245,246,57,60,48,46,57,245,244,127,244,244,244,72,159,234,188,167,167,180,176,169,176,168,170,167,176,183,172,176,183,168,168,186,235,238,226,224,235,159,225,188,250,167,167,176,177,179,169,176,168,170,167,176,182,172,176,182,168,168,171,176,181,176,171,167,167,176,181,181,169,176,168,170,167,182,172,182,168,168,171,176,181,182,171,176,179,183,171,167,167,167,176,181,176,170,178,168,245,244,100,244,244,244,76,145,151,141,143,140,152,145,152,141,141,144,140,140,149,153,148,142,149,141,143,140,149,156,145,149,156,141,141,144,140,140,149,153,150,142,149,141,143,140,150,149,145,150,149,141,141,225,159,202,211,214,132,205,161,140,140,140,149,143,149,148,141,145,149,148,141,143,140,156,145,156,141,141,144,135,198,132,200,211,132,208,211,199,197,208,132,218,161,245,245,113,244,244,244,25,19,26,8,20,68,10,58,81,8,15,81,255,53,73,73,73,65,74,64,67,72,68,64,67,72,74,73,64,60,68,64,60,72,72,81,253,9,245,245,37,244,244,244,71,72,83,5,59,0,59,14,13,13,13,247,248,251,14,251,12,16,251,12,14,13,247,245,16,247,245,12,12,5,72,83,73,254,5,71,94,76,96,0,54,57,55,76,83,74,19,70,77,68,55,13,59,12,5,72,83,73,254,5,55,72,57,56,55,83,5,57,68,71,81,72,19,70,82,83,70,68,57,13,71,12,5,72,245,246,2,9,49,244,61,8,54,95,74,95,163,158,74,96,155,8,33,134,159,29,8,74,95,222,29,33,247,222,162,201,3,74,74,74,7,112,7,137,49,95,179,49,95,137,74,28,7,179,28,7,95,95,217,222,29,33,247,222,162,12,3,25,74,74,7,91,116,7,95,137,74,49,179,49,95,95,158,74,245,244,77,244,244,244,69,117,117,131,120,133,118,122,133,118,120,117,126,127,122,126,127,118,118,121,117,117,127,129,120,126,129,118,122,126,129,118,202,136,179,188,191,109,182,138,117,117,126,119,126,118,120,117,131,122,131,118,118,121,112,175,109,177,188,109,185,188,176,174,185,109,195,138,175,168,182,170,122,184,136,109,182,179,109,195,137,117,245,246,174,1,185,244,74,182,30,221,69,195,247,69,195,78,146,246,207,68,78,172,199,172,221,182,182,56,95,108,208,43,195,221,182,43,43,247,43,43,195,195,78,207,68,194,173,78,168,77,3,103,199,133,146,120,3,68,233,4,181,246,155,120,182,172,195,78,207,68,194,173,78,120,207,146,159,120,68,78,146,155,168,42,207,4,181,81,68,181,155,146,182,245,245,136,244,244,244,42,234,177,168,229,238,228,177,176,177,177,176,199,216,197,231,237,213,229,231,191,176,176,153,155,179,153,152,150,173,153,152,150,177,177,177,163,168,231,243,210,229,209,149,241,216,194,211,226,209,151,218,229,157,198,245,245,168,244,244,244,37,234,237,217,201,235,213,226,180,128,187,136,197,206,196,178,136,136,136,136,199,211,242,197,241,117,209,184,226,243,194,241,119,186,197,142,219,209,194,197,136,125,136,218,243,225,238,180,233,217,245,245,7,244,244,244,65,27,47,64,72,60,37,67,31,26,67,25,31,67,22,23,26,67,22,23,30,67,26,23,37,66,51,47,105,90,113,100,91,110,112,113,47,46,115,112,100,102,115,39,108,34,47,47,47,21,21,20,44,22,24,46,50,22,24,46,44,47,21,23,50,21,23,46,46,28,115,112,100,102,115,39,101,34,245,244,197,244,244,244,77,64,237,237,252,252,240,248,238,242,248,238,241,237,237,237,251,253,240,246,253,238,242,246,253,238,240,237,249,242,249,238,238,241,253,251,66,0,43,52,55,229,46,2,237,237,237,246,240,247,238,242,247,238,240,237,246,253,242,246,253,238,238,241,232,39,229,41,52,229,49,52,40,38,49,229,59,2,39,32,46,34,242,48,0,229,46,43,229,59,245,245,11,244,244,244,28,31,51,51,27,49,26,50,48,51,26,25,46,26,25,50,50,43,87,115,102,109,43,85,30,85,48,51,51,51,25,22,21,48,34,50,46,34,50,48,51,245,245,142,244,244,244,76,157,171,157,167,167,174,243,232,242,149,174,236,181,231,187,155,221,226,220,231,232,241,168,237,230,239,220,166,224,167,174,243,232,242,149,174,220,243,226,227,220,232,174,226,239,236,234,243,168,237,233,232,237,239,226,166,236,167,174,243,232,242,167,166,167,167,166,166,166,158,164,159,167,165,166,159,160,171,159,160,167,167,170,174,159,158,158,170,245,245,191,244,244,244,69,223,239,219,223,215,215,237,242,212,237,214,218,237,214,214,181,223,223,223,223,160,148,117,162,118,242,150,175,133,116,165,118,240,173,162,217,143,152,172,150,179,150,152,153,223,234,223,141,116,134,121,179,126,142,243,215,141,116,134,121,179,126,142,243,215,136,128,219,172,179,173,150,153,160,217,156,151,158,173,215,215,245,245,136,244,244,244,55,176,176,160,149,179,153,155,177,173,153,155,177,179,176,161,173,161,177,177,172,176,176,176,150,160,179,153,155,177,173,153,155,177,179,176,160,173,160,177,177,172,176,176,153,152,149,179,153,160,177,173,153,160,177,172,176,176,153,152,161,178,153,177,179,176,150,173,245,245,199,244,244,244,39,217,238,238,243,239,239,218,215,236,214,213,238,242,214,213,238,238,238,243,239,169,154,177,164,155,174,176,177,239,238,179,176,164,166,179,231,172,226,239,239,214,213,217,237,214,238,236,239,214,214,242,245,245,98,244,244,244,50,83,83,59,59,73,246,245,1,3,246,66,0,71,9,58,58,80,81,76,57,78,59,55,78,59,54,58,58,58,80,80,77,57,83,79,59,55,83,79,59,57,58,83,80,55,83,80,59,59,54,58,58,80,78,79,56,83,59,57,58,76,55,245,244,182,244,244,244,35,236,223,223,51,241,28,37,40,214,31,243,231,226,217,24,214,26,37,214,34,37,25,23,34,214,44,243,24,17,31,19,227,33,241,214,31,28,214,44,242,222,222,230,224,231,223,225,245,246,174,7,15,244,43,166,81,157,5,81,157,185,185,14,74,102,45,216,14,112,53,112,223,166,166,100,157,176,204,81,185,223,166,81,214,5,81,214,185,185,14,45,216,26,15,14,244,111,121,149,53,55,74,36,121,216,83,24,7,102,245,245,46,244,244,244,24,79,60,6,64,7,14,83,72,82,245,14,60,83,66,67,60,72,14,66,79,76,74,83,8,77,73,72,77,79,66,6,76,7,14,83,72,245,244,160,244,244,244,37,4,201,200,201,201,200,237,2,16,230,243,1,12,9,238,11,242,237,247,247,204,192,205,200,200,213,208,203,211,201,205,211,201,204,192,229,226,13,249,209,15,7,19,25,232,18,3,8,239,245,246,7,247,159,244,38,139,103,142,127,127,127,154,157,136,169,130,142,169,130,136,127,160,142,160,130,130,130,37,103,103,103,103,60,72,229,54,226,166,66,87,21,232,117,226,172,93,54,145,205,42,48,72,60,93,84,245,244,150,244,244,244,37,11,4,250,234,8,247,4,9,6,247,8,251,4,249,15,182,211,182,199,160,182,182,182,182,253,1,224,251,223,203,255,6,240,225,16,223,205,8,251,196,234,251,14,10,217,5,2,5,8,245,244,6,244,244,244,27,57,38,67,38,88,81,95,84,122,71,87,58,46,88,81,95,84,122,71,87,58,46,101,77,50,46,108,123,116,105,122,111,117,116,46,47,114,117,105,245,245,6,244,244,244,51,103,114,38,109,35,46,46,46,20,23,30,45,23,20,47,51,23,20,47,45,46,20,22,51,20,22,47,47,29,114,113,101,103,114,38,100,35,93,46,46,20,31,44,23,47,45,46,20,20,51,20,20,47,47,50,46,46,25,21,45,26,47,51,245,245,85,244,244,244,39,73,60,65,61,61,61,74,69,62,68,76,60,64,68,76,60,62,61,71,68,64,71,68,60,60,65,61,61,61,74,70,62,70,60,64,70,60,62,61,68,71,64,68,71,60,60,65,74,75,65,61,245,246,138,1,185,244,59,146,7,33,172,7,159,185,146,59,211,59,159,159,227,137,184,45,84,42,223,163,146,146,7,185,7,46,159,211,7,46,159,198,81,132,42,158,45,42,6,45,145,119,6,42,136,163,132,41,223,67,211,249,137,42,223,184,42,136,150,146,146,250,172,7,159,185,146,7,85,211,245,246,169,247,159,244,61,60,78,36,36,9,5,225,216,243,9,11,96,11,42,63,72,75,9,216,243,213,90,9,207,186,228,192,96,2,5,255,228,243,222,51,210,225,204,255,33,11,36,9,216,243,213,90,9,255,216,5,8,255,243,9,5,204,207,237,216,51,210,246,243,210,204,5,33,207,36,9,216,243,245,246,77,1,185,244,78,97,98,85,98,98,137,85,123,62,227,84,49,162,240,227,85,98,201,240,84,58,201,237,188,102,85,85,85,24,37,124,202,50,98,150,202,50,98,124,85,202,241,150,202,241,98,98,76,201,240,84,58,201,237,71,102,140,85,85,202,37,37,111,202,98,124,85,202,241,150,202,241,98,98,137,85,85,202,24,50,124,202,37,98,150,202,37,98,137,85,245,244,38,244,244,244,77,78,78,87,95,93,81,91,79,83,91,79,81,78,87,87,83,87,87,79,79,163,97,140,149,152,70,143,99,87,82,73,136,70,138,149,70,146,149,137,135,146,70,156,99,136,129,143,131,83,145,97,70,143,140,70,156,98,78,78,86,81,87,88,79,83,87,88,79,70,154,142,139,148,70,156,99,156,81,78,78,88,91,92,81,93,79,83,93,79,245,244,28,244,244,244,39,60,129,138,128,87,60,126,119,133,121,89,143,144,142,133,138,131,74,127,132,125,142,68,146,69,60,129,138,128,87,60,142,129,144,145,142,138,60,144,125,126,136,129,74,127,139,138,127,125,144,68,245,245,47,244,244,244,57,77,6,15,82,73,83,6,7,6,6,7,7,7,7,254,4,254,254,6,10,254,254,6,4,7,254,252,10,254,252,6,6,11,15,7,7,255,5,254,6,4,7,2,10,2,6,6,11,15,255,6,37,15,15,15,15,80,68,101,82,102,2,70,63,85,100,53,102,0,245,246,41,5,229,244,42,187,222,55,189,222,33,221,189,187,154,119,204,153,154,187,222,119,188,50,73,54,73,89,55,225,242,211,73,73,73,73,0,68,19,222,2,174,34,153,35,36,67,2,208,187,222,55,189,222,33,221,172,188,154,245,246,2,247,159,244,49,70,49,46,98,185,98,94,88,97,49,32,98,98,98,98,55,67,224,49,221,161,61,82,16,227,112,221,167,88,49,140,212,79,76,94,98,185,98,209,76,97,73,140,212,79,76,94,140,215,79,94,58,37,73,200,79,70,46,32,98,98,245,244,114,244,244,244,31,146,146,217,221,188,215,187,167,219,226,204,189,236,187,169,228,215,160,198,215,234,230,146,175,146,185,226,183,217,223,231,215,217,209,154,154,164,164,157,163,168,159,163,245,246,87,5,229,244,71,237,16,16,1,119,119,119,119,46,114,65,12,48,220,80,199,81,82,113,48,254,233,12,101,167,200,233,12,165,11,119,100,119,82,201,220,236,96,251,185,32,62,236,64,201,185,62,185,202,1,12,165,251,1,1,131,182,234,200,131,119,114,233,234,45,233,65,219,48,46,32,29,11,96,47,250,66,119,251,182,119,131,182,245,245,18,244,244,244,57,113,115,102,50,113,103,102,63,62,26,26,78,70,29,28,63,23,64,73,59,68,94,83,67,30,42,53,77,57,42,108,95,100,113,94,107,101,100,42,43,102,101,113,115,102,50,105,23,42,42,33,33,41,35,35,43,39,35,35,43,25,102,101,113,115,102,50,112,23,245,245,183,244,244,244,80,172,223,223,230,231,233,220,230,238,222,226,230,238,222,227,223,223,230,235,228,221,230,222,220,223,235,226,235,222,222,227,223,223,230,235,239,220,230,232,222,226,230,232,222,227,223,223,223,230,235,238,220,230,234,222,226,230,234,222,220,223,233,226,233,222,222,227,223,223,230,228,231,221,230,222,220,223,235,226,235,222,222,227,223,223,230,235,228,220,239,222,226,245,244,44,244,244,244,36,100,85,88,84,84,93,95,94,87,94,85,89,94,85,88,84,84,93,95,96,86,93,85,87,84,99,89,99,85,85,169,103,146,155,158,76,149,105,84,84,93,87,97,85,89,97,85,88,245,245,58,244,244,244,47,89,24,90,22,29,90,30,29,25,27,30,90,36,111,24,17,35,15,95,33,113,90,35,20,90,36,110,106,90,38,34,23,28,90,36,111,36,97,98,98,104,103,100,96,107,99,97,98,102,95,102,99,99,90,23,28,22,113,90,245,245,130,244,244,244,66,224,201,219,199,167,241,238,240,219,212,221,148,225,218,227,240,154,236,155,162,223,212,222,169,162,240,223,238,239,240,212,162,238,227,224,214,223,148,225,213,212,225,227,238,154,224,155,162,223,212,222,155,154,155,199,150,154,220,239,212,225,238,219,213,212,154,155,214,213,225,227,214,162,217,167,154,154,154,245,244,88,244,244,244,61,137,145,139,131,137,145,129,133,137,145,129,131,128,137,141,133,137,141,129,129,147,196,199,187,185,196,120,186,149,211,128,128,140,143,131,137,142,129,133,137,142,129,132,128,128,139,144,131,137,141,129,133,137,141,129,132,128,128,128,141,142,131,137,140,129,133,137,140,129,131,128,144,133,245,245,57,244,244,244,73,113,96,96,44,114,23,30,43,89,32,108,97,97,97,104,98,103,96,92,103,96,98,97,107,105,92,107,105,96,96,93,90,27,89,21,30,89,29,30,26,24,29,89,39,108,27,18,32,12,92,34,114,89,32,23,89,39,109,97,97,97,105,98,104,100,96,92,104,100,96,98,97,104,112,92,104,112,96,96,89,37,33,20,31,89,245,246,157,251,171,244,39,215,72,215,202,181,181,251,16,23,202,244,2,188,216,244,2,188,125,96,159,89,58,125,75,26,124,40,72,194,201,187,124,159,110,223,82,117,68,187,181,215,188,125,96,159,89,58,125,187,96,201,245,246,78,11,155,244,68,209,140,48,46,186,5,28,2,97,112,51,71,48,51,5,186,230,28,253,46,97,48,74,253,230,253,253,230,175,94,129,143,25,209,97,143,215,230,230,204,227,43,40,40,89,40,40,253,253,253,155,46,235,140,51,232,140,244,106,221,143,109,120,186,45,54,163,201,51,25,2,241,218,86,86,106,34,63,40,241,245,245,103,244,244,244,51,71,10,17,11,109,12,245,4,249,245,45,43,46,8,62,9,251,254,31,244,81,20,14,253,10,71,66,71,21,44,30,49,251,38,22,59,79,32,40,28,69,35,63,57,69,81,81,69,35,54,55,54,69,81,81,69,35,62,62,69,81,81,69,245,246,86,251,171,244,80,218,173,173,208,68,152,152,68,218,173,173,173,68,152,152,68,218,173,173,194,68,152,152,68,218,201,173,68,225,138,68,218,173,173,166,68,152,152,68,218,173,166,173,68,152,152,68,218,173,173,229,68,117,110,187,166,166,138,54,110,110,110,180,131,173,187,117,145,173,187,117,131,110,229,145,229,117,117,138,54,110,110,187,166,166,131,173,229,117,145,173,229,245,246,78,255,151,244,54,17,17,188,231,52,143,96,52,124,58,113,187,193,176,74,129,22,63,72,25,8,143,198,19,52,165,154,174,237,174,74,52,85,165,188,231,52,143,96,52,124,58,113,187,193,176,74,129,22,63,72,47,121,8,47,19,242,242,209,154,165,174,237,174,74,52,245,244,193,244,244,244,34,54,38,203,44,51,36,55,51,11,5,10,40,250,39,53,58,25,52,239,21,51,34,47,52,49,34,51,38,47,36,58,225,254,225,241,239,243,203,44,51,36,55,51,11,5,10,245,244,18,244,244,244,69,121,75,120,134,139,106,133,64,84,132,123,117,125,85,129,126,129,132,50,79,50,100,93,107,96,134,83,99,70,58,100,93,107,96,134,83,99,70,58,113,89,62,58,120,135,128,117,134,123,129,128,58,59,126,129,117,115,126,50,125,79,58,58,58,69,67,61,68,59,63,68,59,61,58,67,69,63,67,69,59,59,245,245,181,244,244,244,39,238,161,162,150,148,161,213,151,240,174,221,221,236,234,223,228,220,222,221,228,235,224,228,235,220,220,225,221,221,221,228,233,232,222,228,232,220,224,228,232,220,222,221,236,224,236,220,220,225,221,221,245,245,153,244,244,244,27,136,138,135,130,132,128,124,132,128,125,129,129,136,138,137,130,136,135,128,124,136,135,128,125,129,129,136,138,145,130,138,128,124,138,128,125,129,129,144,245,246,28,249,193,244,48,52,238,17,233,243,228,17,22,253,17,22,233,233,248,228,228,17,32,22,243,52,233,253,52,233,248,228,228,228,17,27,57,243,37,233,253,37,233,243,228,17,42,253,17,42,233,233,248,228,228,17,32,22,238,17,233,243,228,17,22,245,244,107,244,244,244,24,152,156,157,148,148,151,147,147,156,159,160,150,163,148,152,163,148,232,166,209,218,221,139,212,168,147,147,156,150,156,156,148,152,156,156,148,245,246,158,249,193,244,62,122,77,136,62,146,201,62,186,201,141,131,186,62,236,207,136,101,171,111,127,181,197,62,171,156,62,236,202,102,102,142,117,152,107,127,152,107,62,226,166,151,196,62,236,207,236,117,102,102,152,167,172,112,147,107,117,102,172,127,172,107,107,62,151,196,146,197,62,136,101,171,111,207,221,245,245,135,244,244,244,44,219,213,238,241,232,177,228,239,230,213,175,217,174,167,234,241,235,156,167,213,234,219,218,213,241,167,219,230,229,243,234,177,228,240,241,228,230,219,175,229,174,167,234,241,235,174,175,174,174,179,175,233,218,241,228,219,245,244,158,244,244,244,56,7,13,12,198,199,10,13,1,255,10,190,9,219,198,198,198,207,209,209,201,207,211,199,203,207,211,199,201,198,208,206,203,208,206,199,199,217,10,13,1,255,10,190,0,219,25,208,210,209,202,208,209,210,202,198,198,208,211,208,200,207,199,201,198,207,214,203,207,245,245,110,244,244,244,55,54,71,71,251,53,16,9,252,78,7,59,70,70,63,69,63,64,71,75,63,64,71,74,77,12,78,18,9,78,10,9,13,15,10,78,0,59,12,21,7,27,75,5,53,78,7,16,78,0,58,70,70,62,69,63,60,71,75,63,60,71,78,2,6,19,8,78,245,244,101,244,244,244,78,219,162,219,144,141,141,151,154,155,144,158,142,146,158,142,133,202,211,201,160,133,199,192,206,194,162,216,217,215,206,211,204,147,200,205,198,215,141,219,142,133,202,211,201,160,133,215,202,217,218,215,211,133,217,198,199,209,202,147,200,212,211,200,198,217,141,199,142,133,202,211,201,142,141,142,142,141,172,213,170,204,210,218,202,204,196,141,141,151,153,245,246,170,9,49,244,69,49,175,154,66,91,175,154,66,7,7,7,124,113,4,201,88,4,188,62,167,29,87,8,46,151,226,25,112,16,159,155,243,74,171,74,125,218,83,29,155,67,243,29,117,242,242,196,3,49,238,24,91,238,24,7,7,124,113,4,201,88,4,188,62,167,29,87,8,46,151,226,25,112,58,197,25,71,46,71,197,176,245,246,99,7,15,244,39,195,234,195,121,244,254,45,255,54,102,63,91,121,244,254,45,255,54,102,63,91,112,168,167,91,245,18,141,188,255,46,160,141,91,110,103,160,188,150,103,195,84,234,91,91,91,6,120,6,148,6,245,244,93,244,244,244,43,144,134,138,142,144,134,136,133,142,149,138,142,149,134,134,152,201,204,192,190,201,125,191,154,216,133,133,142,136,147,134,138,147,134,137,133,133,142,147,135,142,134,136,133,142,146,138,142,146,134,134,137,133,133,133,245,245,94,244,244,244,32,79,82,53,71,55,59,71,55,53,54,79,76,59,79,76,55,55,58,54,54,77,79,52,79,55,53,54,71,59,71,55,55,58,54,54,76,80,53,79,70,55,59,79,70,245,244,2,244,244,244,76,43,46,42,42,52,59,45,53,43,47,53,43,46,42,42,52,52,52,45,56,43,47,56,43,127,61,104,113,116,34,107,63,42,42,42,51,45,58,43,47,58,43,45,42,51,53,47,51,53,43,43,46,37,100,34,102,113,34,110,113,101,99,110,34,120,63,100,93,107,95,47,109,61,34,107,104,34,120,62,42,42,42,50,45,55,43,47,55,245,245,14,244,244,244,40,39,37,38,28,29,43,28,29,39,39,46,98,102,115,104,46,96,27,96,37,38,38,38,28,35,32,37,22,39,43,22,39,37,38,33,43,33,39,39,46,115,104,114,21,46,108,53,103,59,27,93,98,245,245,132,244,244,244,76,214,237,242,235,178,231,236,229,214,172,218,173,164,233,242,232,159,164,214,233,216,217,214,242,164,216,229,230,240,233,178,231,243,242,231,229,216,172,230,173,164,233,242,232,173,172,173,173,176,172,234,217,242,231,216,237,243,242,172,173,240,243,231,229,240,164,239,161,149,157,159,240,243,231,229,240,164,230,161,223,172,172,149,150,157,174,149,173,245,246,43,7,15,244,70,92,35,206,45,130,206,45,54,54,111,35,35,206,225,187,92,102,54,130,102,54,111,206,244,83,114,140,189,104,161,139,246,178,35,35,206,73,206,54,92,35,26,130,26,54,54,111,196,113,139,151,104,139,47,104,132,94,47,139,237,178,113,236,246,18,130,28,140,139,246,189,139,237,159,35,35,187,92,206,225,54,130,245,246,17,255,151,244,35,44,55,212,113,13,137,104,203,113,35,176,35,234,201,201,201,55,88,99,234,44,99,212,0,44,99,212,234,201,132,0,132,212,212,113,104,203,93,154,113,71,250,148,16,176,2,13,245,246,30,1,185,244,55,232,115,180,89,116,37,102,11,232,38,28,51,190,63,180,50,29,190,232,63,2,15,232,180,190,2,11,24,154,63,116,37,193,180,37,11,2,38,24,51,190,63,180,50,51,38,51,51,38,142,90,190,103,38,38,38,155,142,142,77,246,51,103,246,51,77,38,245,244,191,244,244,244,31,240,244,236,240,244,232,232,235,223,231,231,231,239,234,240,245,232,236,240,245,232,234,231,241,241,236,241,241,232,232,232,201,42,49,34,53,49,9,3,8,38,248,37,245,246,128,251,171,244,45,172,207,232,165,194,176,39,158,67,130,172,96,43,96,193,137,158,109,165,144,39,53,67,198,198,116,137,53,39,116,96,92,78,208,53,106,78,1,78,92,106,1,211,1,155,236,29,96,60,137,96,116,137,53,39,116,96,245,245,51,244,244,244,76,104,65,99,252,93,104,111,107,250,98,62,62,246,11,11,2,254,9,2,10,8,11,252,6,252,10,10,248,19,111,113,3,80,109,113,252,113,111,109,252,94,252,102,255,246,104,65,99,252,93,104,111,107,250,98,62,62,19,78,69,79,41,71,68,80,82,71,19,90,2,68,106,98,103,106,255,251,60,67,73,63,77,41,79,68,41,19,19,245,246,61,7,15,244,61,65,122,150,112,65,157,168,18,92,149,54,101,25,150,63,65,207,75,196,207,236,103,150,217,8,122,103,53,72,251,65,122,150,112,65,157,197,27,187,6,159,63,243,82,6,8,157,196,157,236,37,101,37,73,7,236,54,73,35,54,179,7,217,188,167,54,245,112,179,112,150,217,188,245,244,10,244,244,244,61,124,20,42,42,42,42,115,112,42,98,116,84,61,96,64,60,65,61,115,42,126,114,111,120,20,42,42,42,42,42,42,42,42,118,121,109,107,118,42,77,108,117,77,86,90,125,109,85,105,97,42,71,42,98,116,84,61,96,64,60,65,61,115,68,80,115,120,110,80,115,124,125,126,245,244,67,244,244,244,80,134,171,172,175,167,107,138,179,136,170,176,184,168,170,162,107,107,117,121,110,123,118,112,123,118,108,108,108,77,99,99,99,99,99,99,99,99,172,169,99,134,165,174,134,143,147,182,166,142,162,154,99,164,177,167,99,134,165,174,134,143,147,182,166,142,162,154,113,153,168,175,178,166,172,183,188,113,156,99,127,99,107,107,115,109,116,108,110,107,116,124,112,245,244,79,244,244,244,24,128,136,120,120,111,195,183,180,189,89,111,111,111,111,111,111,111,111,111,111,111,111,146,177,186,146,155,159,194,178,154,174,166,125,165,180,245,244,206,244,244,244,53,58,61,49,55,66,71,238,11,238,32,25,39,28,66,15,31,2,246,45,21,41,246,52,67,60,49,66,55,61,60,246,247,58,61,49,47,58,238,57,11,246,246,246,0,255,4,249,255,7,247,251,255,7,247,249,246,0,254,251,0,254,247,247,9,58,245,246,102,251,171,244,80,111,27,13,90,70,20,17,195,210,224,154,126,126,126,224,189,147,189,210,133,161,189,210,133,147,126,224,161,224,133,133,154,217,245,154,126,126,231,224,140,189,133,147,126,231,161,231,133,133,154,126,126,126,231,189,147,189,189,133,161,189,189,133,147,126,189,217,161,189,217,133,133,154,126,126,126,231,210,147,224,133,161,224,133,147,126,196,203,161,196,203,133,245,245,80,244,244,244,49,105,100,104,104,97,97,107,97,98,105,101,97,98,105,21,91,46,39,34,112,41,85,104,104,104,97,107,97,88,105,101,97,88,105,107,104,92,101,92,105,105,100,115,50,112,44,39,112,36,39,51,49,36,112,30,85,50,251,41,245,101,245,245,146,244,244,244,61,233,153,178,235,236,178,220,150,170,170,162,168,163,171,169,170,163,157,167,163,157,171,171,178,222,234,239,228,178,220,151,220,169,170,170,160,159,156,168,163,171,169,170,163,163,167,163,163,171,171,178,239,228,238,153,178,240,185,235,183,151,225,222,224,235,228,237,164,241,234,243,224,170,245,244,174,244,244,244,50,36,215,206,19,28,18,233,206,32,19,34,35,32,28,206,34,15,16,26,19,220,17,29,28,17,15,34,214,16,215,206,19,28,18,215,214,215,11,218,214,20,35,28,17,34,23,29,28,214,215,26,29,17,15,26,206,25,235,214,214,223,224,245,245,74,244,244,244,76,90,113,91,99,115,111,91,99,115,97,46,45,41,43,46,106,40,95,33,114,114,88,89,90,112,91,115,113,114,91,91,111,91,91,115,115,110,114,114,88,88,91,113,91,86,115,111,91,86,115,110,114,114,114,88,89,99,113,84,115,111,84,115,113,114,89,111,89,115,115,31,97,36,45,24,106,51,95,114,114,114,91,113,91,99,115,111,91,245,244,168,244,244,244,62,225,209,211,208,217,224,213,217,224,209,209,212,203,10,200,12,23,200,20,23,11,9,20,200,30,229,10,3,17,5,213,19,227,200,17,14,200,30,228,208,208,216,211,220,209,213,220,209,200,28,16,13,22,200,30,229,30,211,218,221,222,200,13,22,12,227,200,10,3,17,5,229,27,28,245,245,202,244,244,244,45,152,179,172,165,236,169,178,171,152,242,148,243,234,167,172,166,225,234,152,167,150,151,152,172,234,150,171,168,174,167,236,169,173,172,169,171,150,242,168,243,234,167,172,166,243,242,243,243,242,137,168,177,137,142,122,153,169,245,246,147,255,151,244,55,204,168,80,141,69,234,55,88,212,22,143,198,141,91,119,243,25,204,102,237,143,94,14,207,75,25,204,102,237,143,94,14,207,75,168,160,119,75,245,154,77,212,143,22,88,77,75,86,55,88,212,190,55,243,44,50,218,218,28,55,88,212,190,55,243,201,50,245,246,177,5,229,244,31,220,242,71,37,157,89,89,89,242,54,3,140,242,105,106,174,242,105,106,140,89,71,174,71,106,106,157,89,89,89,242,88,242,140,20,106,174,20,106,140,89,37,174,245,246,151,255,151,244,64,211,90,90,123,79,79,178,222,10,101,178,90,112,79,244,134,244,90,90,246,32,249,92,125,247,26,54,79,79,79,178,112,178,167,90,134,178,167,90,112,79,200,134,200,90,90,123,24,205,247,227,92,247,59,92,216,194,59,247,169,54,205,128,26,150,134,48,32,247,26,249,247,169,43,79,79,245,245,135,244,244,244,49,175,151,172,150,155,174,178,150,155,174,172,175,149,150,178,149,150,174,174,167,219,239,234,241,167,217,162,217,172,175,175,149,154,153,173,150,174,172,175,150,152,178,150,152,174,174,167,234,241,235,156,167,229,188,238,194,162,212,219,213,238,245,245,134,244,244,244,78,240,233,176,229,238,231,212,174,216,175,166,235,240,234,157,166,212,235,218,219,212,240,166,218,231,228,242,235,176,229,241,240,229,231,218,174,228,175,166,235,240,234,175,174,175,175,178,174,232,219,240,229,218,239,241,240,174,175,242,241,229,231,242,166,237,163,154,159,157,242,241,229,231,242,166,228,163,221,174,174,174,151,155,158,173,153,175,179,153,175,245,246,71,247,159,244,26,200,191,227,206,227,194,194,203,218,227,233,203,191,191,191,218,233,242,200,218,224,194,206,218,224,194,200,191,221,218,206,221,218,194,194,190,248,121,245,246,94,7,15,244,32,155,212,190,41,229,86,86,1,124,1,105,143,86,1,115,181,1,115,105,105,162,247,164,190,202,155,190,98,155,183,145,98,190,32,229,164,31,41,69,181,79,191,190,41,245,244,101,244,244,244,33,203,133,219,161,141,141,141,149,144,150,157,142,146,150,157,142,144,141,150,155,146,150,155,142,142,133,217,205,202,211,133,219,162,219,144,141,141,151,154,155,143,150,142,144,141,245,245,149,244,244,244,78,132,136,128,132,136,124,124,117,184,195,185,142,117,183,238,188,240,144,198,201,199,188,195,186,131,182,189,180,199,125,203,124,117,184,195,185,142,117,199,184,201,200,199,195,117,201,180,183,193,184,131,182,194,195,182,180,201,125,183,124,117,184,195,185,124,125,124,124,125,214,183,190,214,225,229,198,182,222,242,234,131,235,184,193,194,182,188,201,204,131,245,245,73,244,244,244,47,0,109,105,108,5,11,89,42,7,11,86,11,5,7,86,244,86,12,85,112,109,105,10,43,50,10,13,249,26,42,18,254,246,111,247,36,45,46,42,48,21,32,111,3,112,83,105,105,105,105,105,105,105,105,36,47,37,83,105,245,245,181,244,244,244,70,213,213,213,152,163,153,191,213,213,152,163,153,191,213,213,161,162,150,148,161,213,143,121,172,152,232,118,228,138,230,140,152,131,240,221,221,228,222,231,220,224,231,220,191,213,213,161,162,150,148,161,213,153,121,128,170,122,123,125,146,125,118,238,213,153,162,213,161,162,150,148,161,213,125,134,139,151,119,165,121,123,240,245,245,88,244,244,244,37,19,13,83,56,244,20,29,7,23,22,32,47,32,27,77,32,43,38,250,26,8,20,22,56,245,254,244,98,56,56,244,20,29,7,23,22,32,47,32,27,51,73,45,77,246,5,254,251,4,245,244,204,244,244,244,70,53,59,58,244,250,250,250,245,236,62,49,64,65,62,58,236,21,67,17,20,15,4,0,47,2,56,50,70,244,250,250,250,245,236,49,58,48,214,236,236,37,253,59,21,29,24,21,0,4,67,60,54,64,50,9,50,65,58,47,64,53,59,58,244,250,250,250,245,214,236,236,236,236,56,59,47,45,56,236,70,29,59,245,245,201,244,244,244,79,141,219,119,155,167,172,216,212,220,241,241,241,216,242,216,212,240,236,216,212,240,242,241,216,212,236,216,212,240,240,211,233,233,233,233,150,177,176,173,164,233,149,155,148,164,233,165,174,211,233,233,233,233,233,233,176,167,233,163,120,174,141,219,119,155,167,172,216,212,220,220,241,241,216,243,216,240,242,241,216,213,236,216,213,240,240,233,149,177,164,175,245,246,112,1,185,244,74,242,16,16,16,16,16,16,16,16,58,145,84,97,58,6,16,132,228,89,123,11,254,24,67,24,215,15,2,228,149,145,33,215,237,219,7,245,145,102,41,120,198,198,198,133,242,16,16,16,16,16,16,145,236,71,145,242,16,16,16,16,16,16,16,16,58,145,84,97,58,6,16,6,197,236,242,16,16,16,16,16,16,145,6,132,242,245,244,180,244,244,244,68,212,212,212,212,25,34,24,190,212,212,25,34,24,190,25,34,24,190,190,24,31,44,252,230,245,6,246,228,254,8,226,6,25,34,24,25,38,7,40,25,36,36,25,24,238,247,35,34,34,25,23,40,220,26,41,34,23,40,29,35,34,220,221,190,212,212,212,212,32,35,23,21,32,212,6,237,33,19,31,44,245,246,177,11,155,244,44,1,93,176,127,205,70,219,84,145,44,145,52,121,185,121,205,179,52,182,205,159,182,239,179,29,196,211,182,9,104,239,104,150,29,196,239,151,145,145,145,145,32,219,145,15,208,124,58,78,121,1,93,176,127,205,70,245,246,159,249,193,244,61,157,72,63,227,167,152,197,209,63,63,63,63,63,63,63,63,157,202,217,63,233,238,158,147,77,237,67,123,63,27,47,137,228,143,163,152,243,42,1,1,82,63,172,197,63,122,2,102,103,157,232,197,142,227,172,202,197,103,108,187,202,142,132,187,63,182,208,103,103,153,153,183,113,245,245,100,244,244,244,46,53,77,79,76,53,59,81,53,59,77,77,63,16,19,7,5,16,68,6,65,255,60,56,80,76,76,76,58,61,79,53,53,77,81,53,53,77,79,76,53,54,81,53,54,77,77,80,76,76,59,59,78,53,77,79,76,53,59,245,244,136,244,244,244,77,181,185,191,177,177,180,176,176,192,190,178,185,177,179,176,186,185,181,186,185,177,177,180,176,176,192,191,179,187,177,181,187,177,5,195,238,247,250,168,241,197,176,176,185,178,185,177,179,176,190,181,190,177,177,180,171,234,168,236,247,168,244,247,235,233,244,168,254,197,234,227,241,229,181,243,195,168,241,238,168,254,196,176,176,184,179,185,193,177,245,245,72,244,244,244,45,109,89,97,113,104,20,48,37,46,104,22,93,22,115,112,112,112,90,85,86,115,96,113,109,96,113,115,112,90,90,109,90,90,113,113,104,37,46,36,99,104,42,3,49,253,93,27,20,26,49,46,39,110,43,48,41,26,245,246,107,9,49,244,49,179,25,200,11,180,113,159,66,11,197,180,239,4,197,113,11,239,96,117,71,180,49,138,134,113,138,96,239,179,117,200,11,180,113,159,200,179,200,12,179,37,24,92,54,50,67,91,175,184,117,255,154,201,100,45,62,180,239,255,180,218,245,244,119,244,244,244,42,218,220,229,219,216,229,235,234,159,160,160,151,219,230,129,151,151,151,151,151,151,151,151,151,151,151,151,224,221,151,195,199,217,184,167,171,220,187,198,241,241,206,177,192,234,184,159,190,231,188,222,228,236,220,245,246,109,255,151,244,78,218,130,37,37,147,202,70,136,125,169,92,136,125,169,48,48,48,205,105,229,196,39,219,205,205,205,205,205,205,205,205,205,205,205,205,205,205,205,205,177,221,163,56,125,169,196,89,210,171,171,42,103,78,152,39,78,50,17,17,240,185,196,205,12,205,207,152,17,94,196,219,205,205,205,205,205,205,205,205,205,205,205,205,196,39,185,219,205,205,205,245,245,164,244,244,244,65,132,132,132,132,132,201,210,200,174,132,132,132,132,201,210,200,174,132,132,132,132,202,211,182,132,184,243,198,216,205,212,240,144,132,214,236,188,189,205,222,211,120,232,132,205,210,132,227,235,223,140,202,185,210,199,184,205,211,210,140,141,208,211,199,197,208,132,207,129,140,140,117,117,120,143,117,117,245,246,107,251,171,244,68,138,166,194,194,138,8,95,116,32,18,95,75,25,22,200,131,131,201,201,229,145,194,138,152,131,236,166,236,138,138,159,131,131,201,194,194,145,194,138,152,131,222,166,222,138,138,159,131,131,201,194,250,152,194,236,138,166,194,236,138,159,131,131,201,201,243,145,194,138,152,131,201,187,166,201,187,138,138,159,131,245,244,60,244,244,244,32,100,110,110,117,103,117,101,105,117,101,185,119,162,171,174,92,165,121,100,100,100,109,103,109,113,101,105,109,113,101,103,100,114,105,114,101,101,104,95,158,92,160,171,92,245,244,78,244,244,244,53,186,189,177,175,186,110,196,139,176,169,183,171,123,185,137,110,183,180,110,196,138,118,118,126,121,127,133,119,123,127,133,119,110,194,182,179,188,110,196,139,196,121,118,118,128,131,132,121,128,119,123,128,119,110,179,188,178,137,110,176,169,183,171,139,193,245,245,122,244,244,244,28,230,232,227,220,213,156,217,226,219,232,162,228,163,154,215,220,214,177,154,232,215,230,231,232,220,154,230,219,216,222,215,156,217,221,220,217,219,230,162,216,245,246,177,247,159,244,75,44,17,224,251,221,44,41,44,200,41,22,254,7,242,10,1,212,218,224,95,134,224,13,125,224,10,218,224,251,221,212,251,13,10,41,44,44,17,221,254,207,17,17,17,17,17,17,17,17,236,227,17,167,137,25,28,236,191,254,77,125,95,140,10,116,41,134,1,128,230,248,16,224,230,206,41,41,71,89,50,68,65,92,56,68,65,92,245,244,101,244,244,244,80,142,142,142,133,198,211,201,133,183,173,221,222,206,191,212,153,169,133,227,162,133,208,215,200,219,215,175,169,174,204,158,203,217,222,189,216,133,217,205,202,211,111,133,133,133,133,133,133,133,133,133,133,133,133,183,173,221,222,206,191,212,153,169,147,168,198,211,168,212,209,209,206,201,202,133,162,133,203,198,209,216,202,111,133,133,133,133,133,133,133,133,202,245,245,183,244,244,244,53,161,155,189,215,215,215,215,154,161,155,189,215,215,215,215,142,230,160,126,134,131,126,235,239,168,167,157,171,153,223,222,189,154,161,155,222,189,189,163,160,148,150,163,215,153,170,161,148,171,158,160,161,215,131,230,154,153,131,131,163,170,130,132,116,238,245,244,158,244,244,244,67,24,24,4,209,198,199,168,190,190,190,190,4,13,16,190,22,237,244,231,227,213,242,240,246,239,18,10,202,190,235,215,7,230,230,1,243,240,225,211,190,7,12,190,253,229,249,198,4,19,12,1,18,7,13,12,198,199,10,13,1,255,10,190,9,219,198,198,198,207,212,208,201,215,199,203,215,199,201,198,245,246,151,11,155,244,54,21,44,162,21,44,70,70,228,75,144,124,78,75,119,101,18,164,47,47,254,159,93,254,70,116,47,159,162,159,70,70,139,47,47,44,116,159,70,162,159,70,139,47,47,254,254,93,254,70,116,47,182,162,182,70,70,139,21,231,139,21,254,210,228,193,144,245,246,110,251,171,244,67,140,78,77,25,134,134,134,197,155,197,218,141,169,197,218,141,155,134,239,169,239,141,141,162,99,28,78,42,119,78,98,119,35,21,98,78,168,25,28,235,77,249,169,91,11,78,77,56,78,168,18,134,134,190,155,239,141,169,239,141,78,154,70,49,112,78,168,25,168,155,134,134,204,225,232,155,197,218,141,245,245,74,244,244,244,25,111,91,86,115,106,39,44,38,97,106,40,1,51,255,95,25,22,24,51,44,37,108,41,50,43,24,114,20,115,106,39,44,38,97,106,24,39,245,246,196,247,159,244,77,32,35,26,14,36,32,231,234,8,243,78,237,17,14,237,231,32,60,234,63,36,243,14,240,63,60,63,219,60,41,17,26,5,29,20,231,237,243,114,153,243,32,144,243,29,237,243,14,240,231,14,32,29,60,63,63,36,240,17,226,36,36,36,36,36,36,36,36,255,246,36,171,111,255,156,156,237,195,186,141,99,114,159,29,135,60,153,20,147,245,246,185,247,159,244,63,238,0,24,232,238,214,49,49,79,94,58,85,85,64,85,85,52,52,52,25,21,241,232,3,215,25,25,25,25,25,25,25,25,25,25,25,25,253,6,226,220,253,25,232,142,166,9,27,30,154,148,25,112,25,175,154,196,163,21,124,172,85,49,214,142,202,49,235,24,3,226,21,244,6,3,245,244,215,244,244,244,25,255,0,67,70,58,56,67,247,66,20,255,255,8,13,10,2,8,7,0,4,8,7,0,18,67,70,58,56,67,247,57,20,82,9,9,3,255,245,244,212,244,244,244,46,252,6,7,254,5,253,255,252,5,10,1,5,10,253,253,0,252,252,6,5,254,5,253,255,252,6,7,1,6,7,253,253,0,252,252,5,6,254,5,253,255,252,6,4,1,6,4,253,253,0,252,252,252,5,11,255,12,253,245,245,149,244,244,244,53,128,141,124,126,125,140,128,140,124,124,129,125,125,132,133,126,132,137,124,128,132,137,124,208,142,187,194,199,117,188,144,125,125,132,126,132,134,124,128,132,134,124,129,118,183,117,185,194,117,193,194,182,180,193,117,203,144,183,238,188,240,128,190,142,117,245,244,80,244,244,244,33,185,182,112,198,140,120,120,120,128,123,129,128,121,125,129,128,121,123,120,129,135,125,129,135,121,121,112,196,184,181,190,112,198,141,198,123,120,120,120,130,133,134,123,129,133,245,244,6,244,244,244,30,47,51,55,59,47,49,46,58,51,58,47,47,38,107,116,106,65,38,104,97,111,99,67,121,122,120,111,116,109,52,105,110,103,120,46,124,47,38,107,116,106,65,245,245,178,244,244,244,43,146,192,207,190,191,192,196,146,190,211,208,198,207,132,209,197,196,209,211,190,138,208,139,146,207,196,206,139,138,139,215,134,138,204,191,196,209,190,203,197,196,138,139,198,197,209,211,198,146,201,119,138,138,138,129,245,246,133,247,159,244,64,21,6,45,0,12,45,0,6,253,24,45,12,24,45,0,0,54,201,210,174,168,201,229,171,60,246,253,253,24,30,45,6,24,21,0,12,24,21,0,9,24,33,24,9,253,253,24,33,48,3,24,0,6,253,24,30,12,24,30,0,0,9,253,253,24,30,24,3,24,0,6,253,24,24,12,24,245,246,181,251,171,244,36,12,212,212,233,205,205,12,33,33,226,54,212,240,54,212,32,82,127,190,211,149,148,96,205,205,205,12,226,12,12,212,240,12,12,212,226,205,26,240,26,212,212,233,170,99,149,113,190,245,244,140,244,244,244,53,172,248,251,239,237,248,172,2,201,238,231,245,233,185,247,199,172,245,242,172,2,200,180,180,188,183,190,181,185,190,181,172,0,244,241,250,172,2,201,2,183,180,180,190,193,194,183,196,181,185,196,181,172,241,250,240,199,172,238,231,245,233,201,255,0,245,246,84,5,229,244,46,230,77,162,43,98,231,60,197,230,252,42,13,116,9,162,248,63,116,230,9,8,25,230,162,116,8,197,214,128,9,98,231,179,162,231,197,8,252,214,13,116,9,162,248,13,252,13,13,252,113,29,77,28,28,231,249,198,199,245,245,27,244,244,244,65,6,253,93,58,62,54,251,60,73,251,84,75,86,52,62,70,54,52,108,3,3,9,18,0,19,254,19,2,2,2,33,251,251,251,251,251,251,251,251,251,251,251,251,66,53,251,54,84,92,75,69,68,96,98,17,53,66,61,55,3,84,75,86,52,62,70,54,52,108,3,3,8,11,0,19,11,254,245,246,68,255,151,244,66,172,84,7,7,7,164,9,42,164,155,81,169,20,86,97,125,103,194,166,199,254,144,252,81,20,59,177,243,75,155,177,89,252,252,117,95,29,117,51,117,7,7,7,164,64,188,155,254,178,164,164,164,164,164,164,164,164,164,164,164,164,164,164,164,164,42,155,64,75,42,254,164,64,42,75,155,178,164,245,246,49,247,159,244,34,145,145,145,145,145,145,145,145,145,145,145,96,123,93,79,145,145,145,145,145,145,145,145,96,123,93,79,145,145,145,145,96,123,93,79,145,145,145,145,135,96,141,144,135,123,145,245,245,201,244,244,244,69,167,168,173,154,164,211,164,175,165,211,173,174,170,168,173,233,175,219,132,224,171,131,166,131,224,167,140,164,150,153,220,167,148,175,170,149,176,174,175,241,240,211,167,174,155,233,161,142,119,144,132,214,117,123,129,120,149,173,237,233,140,224,176,145,145,170,116,123,138,212,233,176,175,233,126,134,130,241,167,148,175,245,245,166,244,244,244,30,197,186,207,209,208,142,143,210,209,197,199,210,134,205,131,142,142,142,119,126,127,141,119,121,143,147,119,121,143,141,142,116,116,147,116,116,143,143,125,210,209,197,245,245,83,244,244,244,34,50,39,115,49,86,24,107,107,107,95,94,104,98,99,106,102,98,99,106,104,107,90,102,90,106,106,103,107,107,96,99,104,93,106,102,93,106,103,107,107,107,96,91,104,98,91,245,245,254,244,244,244,24,23,27,47,38,23,21,22,51,27,51,23,23,26,22,22,22,50,49,21,47,51,23,27,47,51,23,21,22,48,27,48,23,23,26,22,22,245,245,142,244,244,244,37,166,162,150,165,159,151,167,171,159,151,167,165,166,159,157,171,159,157,167,167,219,149,240,233,220,174,231,155,166,166,166,159,165,159,159,167,171,159,159,167,165,166,161,171,161,167,167,170,173,245,244,139,244,244,244,41,237,171,239,250,171,247,250,238,236,247,171,1,200,237,230,244,232,184,246,198,171,244,241,171,1,199,179,179,187,181,188,180,182,179,188,196,184,188,196,180,180,171,255,243,240,249,171,1,200,1,182,179,179,245,244,122,244,244,244,34,162,172,175,176,165,171,175,163,167,171,175,163,165,162,176,167,176,163,163,154,223,232,222,181,154,220,213,227,215,183,237,238,236,227,232,225,168,221,226,219,236,162,240,163,154,223,245,245,151,244,244,244,50,193,187,140,119,197,186,203,202,197,193,119,203,182,181,195,186,129,180,192,193,180,182,203,127,181,126,119,186,193,187,126,127,126,242,127,200,192,197,188,196,199,182,180,186,141,216,186,203,219,186,196,180,186,193,187,182,193,203,196,127,126,126,245,246,190,11,155,244,28,158,186,183,164,158,158,158,158,158,158,158,158,45,232,158,169,221,45,54,54,163,97,28,195,129,244,77,19,149,86,31,206,241,255,137,65,209,255,71,86,245,244,58,244,244,244,80,98,108,113,101,115,112,103,115,112,99,99,99,90,174,162,159,168,68,90,90,90,90,90,90,90,90,90,90,90,90,166,169,157,155,166,90,159,129,137,170,176,177,133,131,90,119,90,140,133,147,136,174,123,139,110,98,140,133,147,136,174,123,139,110,98,153,129,102,98,160,175,168,157,174,163,169,168,98,99,166,169,157,155,166,90,165,119,107,114,107,117,166,245,244,110,244,244,244,72,221,209,207,218,142,208,171,233,150,150,162,158,152,159,151,153,150,159,166,155,159,166,151,151,154,150,150,162,159,153,159,162,151,155,159,162,151,154,150,150,161,167,153,166,151,155,166,151,154,150,150,161,158,152,159,151,153,150,166,155,166,151,151,154,150,150,161,163,152,159,151,153,150,159,166,155,159,166,151,151,154,150,150,160,245,244,27,244,244,244,49,83,70,83,68,72,83,68,152,86,129,138,141,59,132,88,76,71,62,125,59,127,138,59,135,138,126,124,135,59,145,88,125,118,132,120,72,134,86,59,132,129,59,145,87,67,67,75,70,81,68,72,81,68,59,143,131,128,137,59,145,88,245,244,206,244,244,244,75,68,249,0,3,4,238,51,60,50,9,238,48,41,55,43,11,65,66,64,55,60,53,252,49,54,47,64,246,68,247,238,51,60,50,9,238,64,51,66,67,64,60,238,66,47,48,58,51,252,49,61,60,49,47,66,246,48,247,238,51,60,50,247,246,247,247,250,246,52,67,60,49,66,55,61,60,246,247,58,61,49,47,58,238,57,11,246,245,244,92,244,244,244,51,132,149,143,134,141,133,135,132,141,140,137,141,140,133,133,151,200,203,191,189,200,124,190,153,215,132,132,142,140,141,135,141,147,133,137,141,147,133,136,142,140,144,136,132,132,142,141,142,134,141,133,135,132,142,143,137,142,143,133,133,136,132,132,245,244,177,244,244,244,75,226,234,229,220,226,225,218,222,226,225,218,221,217,217,217,227,225,232,220,226,229,218,222,226,229,218,220,217,228,222,228,218,218,46,236,23,32,35,209,26,238,217,217,217,226,220,228,218,222,228,218,220,217,231,222,231,218,218,221,212,19,209,21,32,209,29,32,20,18,29,209,39,238,19,12,26,14,222,28,236,209,26,23,209,39,237,217,245,245,97,244,244,244,71,57,81,58,80,80,56,52,80,80,56,65,13,249,252,247,65,15,68,15,58,57,57,83,76,79,58,76,56,52,76,56,65,252,247,253,74,65,3,42,248,36,68,18,13,19,248,247,254,55,2,249,0,19,57,15,56,65,252,247,253,74,65,19,252,13,12,19,247,65,13,0,3,245,252,55,2,246,247,2,0,13,57,3,245,246,118,11,155,244,43,37,86,137,88,114,37,14,37,37,14,97,149,229,238,238,91,25,212,123,57,152,120,45,65,137,86,111,180,86,215,134,169,183,65,249,137,183,255,14,14,244,149,83,80,149,129,80,149,37,37,37,92,86,86,86,245,245,15,244,244,244,42,47,47,47,47,47,47,47,47,47,102,113,47,114,80,72,95,97,96,68,70,21,113,102,105,115,39,80,95,82,112,106,98,114,112,56,39,39,28,31,36,34,35,42,34,35,38,38,38,47,104,93,47,114,80,245,245,79,244,244,244,58,8,31,33,32,4,6,85,49,38,41,51,103,16,31,18,48,42,34,50,48,248,103,103,92,94,100,99,92,106,99,92,102,102,102,111,35,39,50,41,69,111,111,111,111,111,111,111,111,111,111,111,111,111,111,111,111,29,50,35,34,29,41,111,35,29,34,50,69,111,111,245,246,123,1,185,244,72,27,27,27,27,27,27,27,27,27,27,156,17,143,253,27,27,27,27,27,27,27,27,156,17,143,253,27,27,27,27,156,17,143,253,27,27,27,27,69,156,95,108,69,17,27,169,104,247,82,156,253,156,17,143,253,253,247,30,130,104,247,27,173,22,247,117,13,44,147,226,113,0,173,156,253,143,30,253,27,27,247,30,130,104,245,245,97,244,244,244,36,245,65,25,51,23,8,80,35,43,13,25,17,19,14,252,68,255,12,247,2,13,248,246,247,57,56,91,245,246,2,0,245,65,15,249,76,9,13,21,18,14,80,8,28,65,68,65,12,245,245,55,244,244,244,77,47,111,47,251,1,42,244,251,245,244,37,1,43,26,97,244,31,22,37,22,20,43,26,37,61,87,87,87,87,30,25,87,33,32,43,87,41,31,106,47,43,3,36,40,102,46,250,87,43,31,26,33,87,37,26,43,42,37,33,87,25,22,35,36,26,87,26,33,27,61,87,87,87,87,35,32,20,22,35,87,28,254,41,245,249,42,101,27,26,245,245,163,244,244,244,37,204,140,241,131,134,131,205,187,142,203,207,215,208,204,146,202,222,137,221,186,181,191,221,186,209,208,207,224,187,186,183,191,123,220,211,222,188,182,206,190,188,228,123,123,144,145,120,141,146,245,246,57,1,185,244,61,130,247,182,78,78,78,187,217,217,217,217,142,103,217,207,220,29,217,168,238,55,147,199,42,195,77,90,68,4,99,217,220,3,217,168,238,55,147,199,42,195,77,90,68,4,99,143,225,90,38,181,29,129,217,69,82,217,65,65,169,104,30,78,130,30,78,217,29,129,90,207,217,3,245,245,114,244,244,244,46,15,254,255,0,4,82,12,19,6,1,15,82,15,4,14,104,82,82,82,82,0,15,254,255,0,4,82,254,0,255,15,104,82,82,15,4,14,104,82,82,6,5,17,19,6,82,21,51,41,36,51,19,61,38,27,34,64,8,245,244,58,244,244,244,29,175,117,90,158,169,90,166,169,157,155,166,90,124,110,132,168,148,168,141,106,112,143,119,98,98,98,107,101,107,114,99,103,107,114,99,101,98,107,108,103,107,245,245,190,244,244,244,68,236,215,215,229,222,137,127,117,120,127,159,241,122,135,142,236,148,179,235,124,242,116,152,132,152,141,238,240,147,222,163,152,162,180,222,222,154,153,157,159,154,222,127,147,150,176,146,123,120,143,155,145,172,237,229,222,162,153,222,154,153,157,159,154,222,172,118,135,154,243,176,125,167,162,157,149,121,235,165,171,245,245,212,244,244,244,51,207,180,149,169,124,138,168,161,162,165,129,171,134,199,209,134,156,173,128,201,138,151,141,120,119,127,163,180,121,130,120,222,180,180,149,169,124,138,168,161,162,165,129,171,134,199,175,197,177,209,122,137,130,119,136,125,131,130,188,194,194,194,189,245,244,185,244,244,244,74,217,43,30,45,46,43,39,217,1,11,7,50,234,251,19,45,1,41,43,48,30,225,231,231,231,226,217,30,39,29,195,217,217,51,0,37,27,19,238,49,252,7,18,51,30,246,31,46,39,28,45,34,40,39,225,231,231,231,226,195,217,217,217,217,37,40,28,26,37,217,5,254,6,35,27,252,240,14,11,16,246,225,225,234,228,239,245,246,191,1,185,244,62,212,8,125,212,65,95,95,95,95,202,7,20,59,224,95,163,137,176,224,95,211,98,65,95,95,95,95,95,95,20,237,95,155,64,168,33,185,38,138,16,233,42,216,216,199,199,60,225,60,212,238,199,164,8,164,212,212,95,163,7,224,85,65,95,95,95,95,95,95,95,95,137,224,163,245,245,48,244,244,244,80,61,66,70,16,113,93,72,62,92,101,102,97,69,95,66,3,91,87,113,107,102,113,81,255,100,89,96,2,74,61,85,8,6,6,6,9,42,16,16,16,16,16,16,77,68,67,77,42,16,16,16,16,16,16,16,16,66,77,60,61,66,70,16,70,73,68,42,16,16,16,16,16,16,77,70,76,42,16,16,16,16,77,70,76,42,16,16,77,70,76,42,77,245,246,51,5,229,244,54,129,215,221,221,95,146,198,164,95,83,165,44,150,218,27,167,80,217,217,182,221,215,146,221,83,83,95,146,198,164,95,83,164,180,95,182,184,165,248,198,250,231,182,64,249,248,129,198,231,44,146,129,219,236,221,95,146,198,164,95,83,234,129,252,10,132,245,246,18,247,159,244,76,249,119,186,77,252,237,119,186,240,114,201,114,113,122,186,122,222,252,113,219,222,216,219,104,252,110,65,156,219,74,53,104,53,59,110,65,104,48,114,114,114,114,104,65,110,113,104,92,114,231,92,189,71,213,249,119,186,77,252,237,119,186,240,114,53,92,62,114,231,92,189,71,213,249,119,186,77,252,237,119,186,240,192,228,77,92,62,228,245,246,60,11,155,244,59,171,122,145,168,65,148,171,240,56,212,157,76,111,125,7,191,79,125,197,212,212,209,209,25,255,209,71,255,209,235,235,235,34,28,28,79,30,56,34,28,28,240,53,33,243,240,28,53,53,122,91,82,36,131,209,4,137,28,56,53,28,240,53,33,243,240,28,226,88,30,140,245,245,31,244,244,244,70,94,57,102,96,10,247,247,247,14,244,14,19,246,250,14,19,246,244,247,12,250,12,246,246,4,255,56,56,77,6,101,103,110,12,71,10,85,99,57,15,94,57,102,96,255,66,57,67,21,255,255,59,56,60,62,59,255,58,14,19,90,112,93,86,103,90,102,53,13,91,87,10,68,74,21,255,255,58,14,19,90,112,245,245,66,244,244,244,78,0,251,10,247,11,24,112,246,250,9,90,90,115,88,115,91,89,90,107,87,107,91,91,7,103,28,47,20,33,46,27,21,20,90,84,84,84,91,98,48,31,46,47,48,20,98,35,51,22,17,111,16,47,33,13,46,17,90,84,84,84,91,98,31,20,30,56,98,98,16,27,113,109,26,110,247,252,252,17,103,28,47,20,33,46,27,21,20,90,84,245,244,100,244,244,244,73,146,146,141,110,132,132,132,132,208,211,199,197,208,132,165,173,216,176,202,150,199,153,210,205,205,187,205,198,161,140,140,149,143,157,141,145,157,141,110,132,132,132,132,219,204,205,208,201,132,216,214,217,201,132,200,211,110,132,132,132,132,132,132,205,202,132,165,173,216,176,202,150,199,153,210,205,205,187,205,198,161,161,140,140,149,245,244,194,244,244,244,30,236,243,235,237,234,246,239,246,235,235,226,54,42,39,48,204,226,226,226,226,226,226,226,226,52,39,54,55,52,48,226,47,243,246,15,25,4,11,26,15,27,44,245,246,27,251,171,244,61,121,47,19,152,36,36,57,170,145,131,82,128,99,166,51,93,93,93,58,97,251,251,251,251,251,251,222,15,64,222,97,251,251,251,251,251,251,251,251,57,222,71,78,57,29,251,29,250,15,97,251,251,251,251,251,251,222,29,215,97,251,251,251,251,222,29,215,97,251,251,222,29,215,245,246,57,5,229,244,61,227,238,135,221,227,227,101,152,204,170,101,89,255,254,135,204,237,50,152,135,89,118,221,118,206,52,118,50,203,52,136,51,170,254,169,156,205,225,242,227,89,89,89,89,101,152,204,170,101,89,15,0,156,238,206,186,220,187,255,173,0,66,86,67,36,89,221,152,89,101,152,204,170,245,244,77,244,244,244,71,185,109,194,133,185,132,198,175,128,125,138,200,202,136,109,195,164,128,178,146,190,192,175,179,129,164,198,154,183,138,194,133,185,132,198,175,128,125,109,178,187,177,87,109,109,109,109,179,188,191,109,152,161,172,187,189,167,172,132,121,109,180,152,125,189,150,152,127,179,128,150,154,109,182,187,109,172,148,168,117,179,194,187,245,244,96,244,244,244,51,195,212,201,207,206,136,137,204,207,195,193,204,128,203,157,136,136,136,151,149,139,145,151,137,141,145,151,137,139,136,145,153,141,145,153,137,137,155,204,207,195,193,204,128,194,157,219,136,136,136,145,152,151,139,145,152,137,141,145,152,137,139,136,245,244,69,244,244,244,47,118,119,114,118,119,110,110,113,109,109,118,124,119,112,118,122,110,114,118,122,110,113,109,109,118,125,117,111,118,110,112,109,119,119,114,119,119,110,110,113,109,109,109,118,125,126,112,120,110,114,120,110,112,109,125,114,125,110,110,245,244,2,244,244,244,29,46,51,59,50,127,61,104,113,116,34,107,63,51,46,37,100,34,102,113,34,110,113,101,99,110,34,120,63,100,93,107,95,47,109,61,34,107,104,34,120,62,245,245,254,244,244,244,54,22,22,46,21,47,49,23,27,47,49,23,30,114,86,99,88,30,112,43,112,21,22,22,22,44,51,48,21,47,47,23,27,47,47,23,21,22,47,48,27,47,48,23,23,30,99,88,98,37,30,92,69,87,75,43,109,114,108,87,88,97,24,93,86,95,108,245,245,37,244,244,244,71,13,59,12,5,72,83,73,254,5,55,72,57,56,55,83,5,57,68,71,81,72,19,70,82,83,70,68,57,13,71,12,5,72,83,73,12,13,12,96,13,58,82,55,78,54,53,68,70,72,255,106,72,57,105,72,54,70,72,83,73,68,83,57,54,13,12,12,5,73,82,47,5,5,5,5,5,5,5,5,76,75,5,74,245,244,207,244,244,244,74,26,255,63,24,26,1,53,2,24,28,9,24,66,16,247,22,63,20,54,60,68,52,54,46,247,247,2,3,250,6,2,252,6,2,248,248,248,239,67,55,52,61,217,239,239,239,239,239,239,239,239,239,239,239,239,59,62,50,48,59,239,22,7,30,57,40,7,56,55,46,16,20,10,239,51,62,239,59,62,50,48,59,239,20,40,34,245,245,87,244,244,244,53,36,255,48,255,29,42,29,6,82,37,28,46,33,11,22,38,75,63,37,28,46,33,11,22,38,75,63,48,24,67,53,51,70,70,74,51,70,70,73,51,70,70,75,51,70,71,74,51,70,70,71,51,70,71,68,53,62,67,63,249,10,1,244,11,254,245,244,215,244,244,244,51,70,69,255,0,67,70,58,56,67,247,66,20,255,255,255,11,14,2,8,12,0,4,8,12,0,2,255,12,4,12,0,0,18,67,70,58,56,67,247,57,20,82,255,255,8,12,12,1,8,0,2,255,9,8,4,9,8,0,0,3,255,255,255,245,244,191,244,244,244,30,240,244,247,234,248,232,236,248,232,234,231,240,239,236,240,239,232,232,235,231,231,240,245,245,233,240,232,234,231,241,242,236,241,242,232,232,235,231,231,240,243,247,245,244,130,244,244,244,69,173,182,171,175,182,171,174,170,170,179,184,179,173,179,186,171,175,179,186,171,255,189,232,241,244,162,235,191,170,170,170,179,173,179,185,171,175,179,185,171,173,170,186,175,186,171,171,174,165,228,162,230,241,162,238,241,229,227,238,162,248,191,228,221,235,223,175,237,189,162,235,232,162,248,190,170,170,170,178,173,179,245,245,96,244,244,244,49,80,57,53,81,80,57,59,56,81,82,53,81,82,57,57,64,12,248,253,246,64,14,69,14,59,56,56,82,77,78,58,81,57,59,56,81,77,53,81,77,57,57,64,253,246,252,75,64,2,43,249,37,69,19,12,18,249,246,255,54,3,245,244,46,244,244,244,66,150,143,160,86,164,87,78,147,156,146,105,78,160,147,162,163,160,156,78,162,143,144,154,147,92,145,157,156,145,143,162,86,144,87,78,147,156,146,87,86,87,87,86,149,121,94,158,119,121,96,148,97,119,123,92,124,143,155,147,78,157,160,78,117,158,115,149,155,163,147,149,141,86,86,97,99,89,95,245,244,2,244,244,244,55,51,57,47,51,51,57,43,43,43,61,34,73,58,81,108,91,58,107,106,97,67,71,63,71,91,85,85,106,97,106,76,87,76,115,34,103,112,102,12,34,34,34,34,34,34,34,34,34,34,34,34,107,104,34,73,58,81,108,91,58,107,106,97,67,71,60,104,245,245,31,244,244,244,75,54,57,67,247,96,79,98,64,58,82,66,64,104,247,247,12,15,244,17,17,250,17,17,246,246,246,255,56,77,255,96,7,88,53,102,7,54,55,104,94,98,5,65,54,57,67,247,96,79,98,64,58,82,66,64,104,247,247,12,17,244,12,19,250,12,19,246,246,246,255,83,55,66,57,21,255,255,255,255,255,255,255,255,255,255,255,255,245,246,57,11,155,244,26,25,25,25,25,151,246,56,59,165,16,128,229,209,151,246,56,59,165,16,128,229,209,194,154,45,209,99,188,27,30,165,168,50,27,209,232,237,50,245,246,117,251,171,244,44,42,28,105,85,98,32,204,4,225,18,105,126,42,28,105,85,35,32,210,141,141,141,232,225,162,204,197,148,176,204,197,148,162,141,204,4,176,204,4,148,148,169,141,141,141,218,232,162,204,4,148,176,204,4,148,162,245,244,192,244,244,244,79,232,241,241,237,241,241,233,233,236,232,232,243,246,234,241,233,235,232,241,243,237,241,243,233,233,236,232,232,244,246,234,241,233,235,232,241,242,237,241,242,233,233,236,232,232,243,249,234,241,233,235,232,241,246,237,241,246,233,233,61,251,38,47,50,224,41,253,232,232,241,234,241,233,235,232,241,241,237,241,241,233,233,236,227,34,224,36,47,224,44,47,245,246,167,255,151,244,44,232,210,75,7,185,70,221,144,42,166,150,64,48,7,42,9,7,185,59,95,95,183,117,194,106,128,95,205,194,150,205,194,106,106,7,163,31,254,97,7,185,70,185,128,95,95,205,238,249,128,194,183,106,150,194,183,245,244,3,244,244,244,47,44,35,104,113,103,62,35,101,94,108,96,64,118,119,117,108,113,106,49,102,107,100,117,43,121,44,35,104,113,103,62,35,117,104,119,120,117,113,35,119,100,101,111,104,49,102,114,113,102,100,119,43,101,44,35,104,113,103,44,245,244,6,244,244,244,55,46,47,47,50,46,108,123,116,105,122,111,117,116,46,47,114,117,105,103,114,38,113,67,56,54,54,65,114,117,105,103,114,38,104,67,129,58,63,50,46,46,59,58,49,59,47,51,59,47,50,59,63,50,46,46,46,58,59,49,55,63,47,51,55,63,47,49,245,246,9,7,15,244,62,1,210,96,210,20,20,77,1,1,248,49,58,210,20,96,210,20,77,1,1,11,153,39,172,20,58,1,191,191,96,191,191,20,20,80,106,155,70,127,105,212,144,1,1,172,39,172,20,58,1,191,172,96,191,172,20,20,77,162,79,105,117,70,105,13,70,98,60,13,105,203,144,79,202,245,244,111,244,244,244,53,216,204,156,218,170,143,216,213,143,229,171,151,151,151,159,154,160,160,152,156,160,160,152,154,151,160,167,156,160,167,152,152,143,227,215,212,221,143,229,172,229,154,151,151,161,164,165,153,160,152,154,151,165,156,165,152,152,143,212,221,211,170,143,209,202,245,245,150,244,244,244,47,191,243,147,197,202,196,191,192,185,128,181,190,183,196,126,200,127,118,187,192,186,141,118,196,187,202,203,196,192,118,202,183,180,194,187,128,181,193,192,181,183,202,126,180,127,118,187,192,186,127,126,127,127,126,200,233,133,187,219,245,244,48,244,244,244,63,161,163,146,150,100,135,169,125,154,92,80,151,123,96,160,121,123,98,150,99,121,125,89,58,80,80,80,80,80,80,80,80,80,80,80,80,149,158,148,58,80,80,80,80,80,80,80,80,149,158,148,58,80,80,80,80,149,158,148,58,80,80,80,80,162,149,164,165,162,158,80,166,135,99,149,245,246,217,1,185,244,64,90,150,176,211,7,125,68,254,194,59,91,250,111,237,91,91,85,124,224,198,85,121,29,81,202,51,190,164,72,59,42,211,142,64,111,181,33,112,91,237,124,91,121,121,85,124,224,198,85,121,202,68,46,72,99,86,20,168,155,242,7,202,111,224,189,46,124,111,225,238,91,85,124,224,198,85,245,246,122,11,155,244,60,90,242,46,239,170,92,130,92,0,124,118,23,55,202,141,173,90,245,90,216,233,15,107,210,38,101,196,196,239,18,41,96,90,90,90,90,233,164,90,92,115,230,90,242,46,239,170,92,130,92,0,124,118,23,55,202,141,173,90,230,210,141,92,90,184,141,230,253,184,92,90,164,245,245,86,244,244,244,32,247,2,5,251,54,251,0,250,92,54,54,54,54,92,54,54,54,54,2,1,245,247,2,54,32,247,42,2,78,47,33,1,43,11,27,39,250,244,54,83,54,3,250,3,245,245,145,244,244,244,29,204,202,228,232,227,202,182,187,240,220,225,162,189,169,168,139,177,177,177,177,232,239,177,178,199,240,189,229,153,184,198,230,188,220,204,192,237,243,177,148,148,245,245,52,244,244,244,40,84,92,92,100,94,101,93,95,92,108,97,108,93,93,84,40,28,25,34,84,38,25,40,41,38,34,84,26,21,32,39,25,84,25,34,24,62,84,84,84,84,62,84,84,84,84,32,35,23,21,32,84,245,245,146,244,244,244,50,240,156,228,202,184,232,187,208,184,156,155,220,237,234,178,151,178,228,235,230,136,178,178,178,178,230,229,241,243,230,178,234,181,219,216,159,219,195,184,181,231,160,220,204,226,235,194,178,151,178,231,243,222,234,164,234,223,237,239,136,178,178,245,246,163,9,49,244,49,67,67,117,67,67,67,67,1,190,253,67,156,152,85,202,177,72,22,248,240,114,165,63,67,18,114,202,93,60,173,232,67,64,169,67,93,202,240,9,39,248,72,231,235,110,118,63,235,1,60,169,194,39,64,190,169,235,0,127,190,194,245,246,59,1,185,244,32,40,183,219,170,84,67,67,223,6,93,184,80,106,67,184,249,132,184,249,80,80,58,183,222,66,40,183,219,53,84,122,67,67,184,236,32,106,210,80,132,210,80,119,67,245,244,165,244,244,244,77,205,214,217,217,208,221,206,210,221,206,209,205,205,205,214,218,215,208,214,213,206,210,214,213,206,208,205,214,216,210,214,216,206,206,209,205,205,205,214,219,214,208,214,213,206,210,214,213,206,208,205,220,210,220,206,206,209,205,205,205,214,219,215,208,214,218,206,210,214,218,206,208,205,214,216,210,214,216,206,206,34,224,11,20,23,197,14,226,214,245,246,140,255,151,244,46,112,13,194,236,216,81,236,48,81,205,183,48,236,158,43,194,117,15,139,123,37,21,236,15,238,236,158,32,156,236,136,4,227,70,236,158,43,158,101,68,68,178,211,222,101,167,233,79,123,167,233,79,236,227,70,216,21,236,245,244,55,244,244,244,30,153,146,160,148,116,170,171,169,160,165,158,101,154,159,152,169,95,173,96,87,156,165,155,114,87,169,156,171,172,169,165,87,171,152,153,163,156,101,154,166,165,154,245,246,39,7,15,244,65,90,195,31,109,50,135,166,81,147,50,31,50,50,31,241,90,99,43,79,194,4,100,118,214,70,42,147,109,50,135,147,100,229,135,135,135,135,135,135,135,135,43,100,128,90,43,135,109,176,138,240,183,80,108,3,51,202,240,135,174,135,31,176,80,184,61,214,109,138,145,23,100,176,242,195,242,100,245,246,111,5,229,244,74,189,143,108,143,55,155,242,191,189,39,189,121,157,19,138,106,159,36,4,125,191,206,18,104,35,104,206,189,40,125,140,224,70,189,104,35,52,19,36,25,143,143,143,143,143,143,143,143,104,53,143,241,18,240,210,159,242,38,227,243,176,210,143,107,143,87,190,120,137,244,120,208,105,190,172,193,69,21,223,104,191,143,35,87,36,189,245,245,105,244,244,244,74,115,73,73,73,73,73,73,73,73,73,73,73,73,17,30,0,3,52,0,24,35,30,12,59,247,39,249,16,25,73,60,73,11,250,248,58,57,26,38,53,37,56,58,115,73,73,73,73,73,73,73,73,73,73,73,73,11,55,15,49,35,19,32,43,35,55,64,247,6,17,73,60,73,250,26,50,27,244,11,248,115,73,73,73,73,73,245,245,254,244,244,244,75,30,30,30,99,88,98,244,30,30,30,30,99,88,98,244,30,30,30,30,244,30,30,30,30,87,96,30,92,48,88,54,68,84,71,60,68,48,39,112,97,86,30,114,86,99,88,244,30,30,30,30,30,30,30,30,54,90,77,78,88,38,88,84,56,98,85,53,46,99,67,24,61,64,108,95,91,99,30,43,30,76,53,71,56,114,63,79,245,246,156,1,185,244,77,64,164,111,55,59,164,202,141,50,163,128,241,63,50,164,177,24,63,163,137,24,60,11,181,25,38,155,24,63,163,137,24,60,150,181,219,103,129,216,116,38,216,164,164,164,25,38,90,203,103,177,229,103,177,203,164,25,129,229,25,129,177,177,216,164,164,25,12,129,190,25,177,203,164,116,229,116,177,177,216,164,164,25,38,25,190,25,177,203,245,246,1,255,151,244,37,185,61,240,61,196,196,229,185,185,28,28,50,207,28,196,218,185,39,28,240,39,28,196,196,96,138,99,198,231,97,132,160,28,229,130,55,97,77,198,97,165,198,66,44,165,97,19,160,55,245,246,109,9,49,244,52,228,10,14,30,52,68,13,10,203,13,27,89,181,181,181,93,244,114,5,202,30,114,5,202,244,181,135,114,30,135,114,202,202,13,241,245,182,115,13,27,110,27,244,181,181,181,135,198,219,244,114,135,202,30,114,135,202,244,181,26,30,26,202,202,245,244,42,244,244,244,47,74,143,152,142,101,74,140,133,147,135,103,157,158,156,147,152,145,88,141,146,139,156,82,160,83,74,143,152,142,101,74,156,143,158,159,156,152,74,158,139,140,150,143,88,141,153,152,141,139,158,82,140,83,74,143,152,142,83,82,245,244,170,244,244,244,34,211,7,214,210,16,31,24,13,30,19,25,24,210,211,22,25,13,11,22,202,21,231,210,210,219,225,223,213,221,211,215,221,211,229,22,25,13,11,22,202,12,231,37,220,227,214,245,245,201,244,244,244,74,241,241,219,217,242,213,240,236,213,240,237,241,241,241,218,225,242,212,240,236,212,240,242,241,213,236,213,240,240,156,226,167,174,155,233,176,220,241,241,216,243,216,240,242,241,216,213,236,216,213,240,240,237,234,171,233,165,174,233,173,174,170,168,173,233,151,220,171,130,176,124,236,178,226,233,176,167,233,151,221,241,241,217,243,216,240,245,244,168,244,244,244,54,211,208,217,220,213,217,220,209,209,200,28,16,13,22,200,30,229,30,211,208,208,208,218,221,222,211,217,219,209,213,217,219,209,211,208,217,221,213,217,221,209,209,200,13,22,12,227,200,10,3,17,5,229,27,28,26,17,22,15,214,11,16,9,26,208,30,245,244,255,244,244,244,37,40,31,100,109,99,58,31,113,100,115,116,113,109,31,115,96,97,107,100,45,98,110,109,98,96,115,39,97,40,31,100,109,99,40,39,40,40,39,97,53,109,71,89,105,88,65,89,53,56,245,244,18,244,244,244,65,136,121,122,64,98,129,133,123,134,123,129,128,64,106,62,50,116,72,128,90,108,124,107,84,108,72,75,136,121,122,64,98,129,133,123,134,123,129,128,64,107,50,61,50,58,58,58,69,61,67,74,59,63,67,74,59,61,58,68,66,63,68,66,59,59,62,50,116,72,128,90,108,124,107,84,108,72,245,245,109,244,244,244,60,52,3,18,5,75,29,10,254,4,1,4,10,11,75,23,68,103,77,77,77,77,77,77,77,77,255,16,1,0,255,11,77,1,255,0,16,103,77,77,77,77,16,11,17,103,77,77,77,77,255,16,1,0,255,11,77,19,12,9,254,16,103,77,77,16,11,17,103,77,77,9,10,245,244,33,244,244,244,42,132,130,141,65,99,120,98,114,144,136,153,142,152,139,130,103,144,92,65,133,144,65,141,144,132,130,141,65,103,134,128,116,136,100,117,106,149,138,111,90,94,73,73,82,75,82,74,76,73,82,90,78,82,90,245,244,84,244,244,244,75,125,125,143,116,150,171,149,165,195,187,204,193,203,190,181,154,195,145,154,185,179,167,187,151,168,157,200,189,162,141,116,185,194,184,94,116,116,192,195,183,181,192,116,150,150,137,159,194,185,139,163,163,132,189,139,143,116,184,195,116,192,195,183,181,192,116,157,165,138,193,206,174,188,190,205,133,134,149,136,145,207,209,143,116,150,150,137,245,245,116,244,244,244,32,191,226,217,171,195,195,164,221,171,177,189,197,170,225,238,206,220,222,237,165,166,181,168,148,217,226,216,126,148,148,182,182,169,191,226,217,171,195,195,164,221,171,207,156,245,245,59,244,244,244,25,99,99,106,96,106,105,98,94,106,105,98,96,99,114,94,114,98,98,14,110,21,38,29,24,39,34,28,29,99,93,93,93,98,91,41,22,39,245,246,136,1,185,244,48,121,82,30,40,121,243,221,247,18,5,195,87,74,144,222,222,222,157,40,169,30,156,10,40,40,204,0,121,226,109,83,247,234,217,130,61,239,30,100,208,31,161,182,121,30,143,108,221,43,30,144,222,222,222,157,10,40,40,40,40,245,244,194,244,244,244,28,46,49,37,35,46,226,51,7,54,5,25,3,51,245,25,12,46,20,25,255,234,234,243,237,243,249,235,239,243,249,235,204,226,226,226,226,57,42,43,46,245,246,254,7,15,244,31,125,94,154,116,173,125,94,106,59,188,94,94,94,94,94,94,201,144,94,97,29,154,247,115,209,97,199,115,124,2,20,115,133,133,161,94,154,182,125,40,188,94,94,245,245,43,244,244,244,26,11,11,11,11,11,11,57,70,55,54,57,77,11,105,105,246,112,77,70,244,108,108,251,82,244,96,105,84,106,90,76,68,67,78,52,81,74,101,245,246,133,247,159,244,44,210,156,253,15,15,15,0,163,229,229,229,229,229,229,180,201,222,180,163,229,229,229,229,229,229,229,229,219,180,225,228,219,207,229,207,192,201,163,229,229,229,229,229,229,180,207,177,163,229,229,229,229,180,207,177,163,245,245,109,244,244,244,28,77,77,16,11,17,103,16,11,17,103,103,9,10,14,12,9,77,29,14,63,15,47,35,255,67,36,255,44,103,17,10,103,77,77,9,10,14,12,9,77,245,244,49,244,244,244,36,128,167,168,163,106,130,104,151,121,146,100,102,100,103,110,151,166,159,148,165,154,160,159,89,90,59,157,160,148,146,157,81,137,159,98,165,157,120,127,148,147,158,117,128,100,103,81,110,245,246,113,255,151,244,27,209,247,244,162,206,233,173,192,115,115,2,41,52,223,209,209,209,209,244,211,209,57,43,140,109,21,126,203,178,167,32,93,214,162,195,209,109,233,200,245,244,174,244,244,244,52,28,184,206,206,206,206,206,206,206,206,6,28,223,34,26,245,252,17,16,27,242,253,225,228,220,241,244,32,15,27,19,206,235,206,0,249,7,252,34,239,255,226,214,0,249,7,252,34,239,255,226,214,13,245,218,214,20,35,28,17,34,23,29,28,245,245,155,244,244,244,59,131,130,191,188,184,186,191,123,192,142,131,131,131,137,138,135,128,138,137,130,126,138,137,130,128,131,138,132,126,138,132,130,130,144,191,188,184,186,191,123,185,142,208,131,131,137,134,128,138,139,130,126,138,139,130,127,131,131,137,147,129,138,130,128,131,136,126,136,130,130,127,245,244,32,244,244,244,51,72,72,72,87,82,75,81,89,73,77,81,89,73,75,72,82,82,77,82,82,73,73,76,72,72,85,85,75,81,83,73,77,81,83,73,76,86,87,76,85,89,157,91,134,143,146,64,137,93,72,72,72,81,75,86,73,77,86,73,75,72,86,77,245,246,206,7,15,244,74,208,217,217,18,103,20,46,58,11,46,210,11,39,1,210,46,144,85,20,143,153,181,37,191,47,46,153,96,46,144,66,94,46,106,134,77,248,46,144,85,144,255,132,189,208,46,77,248,58,47,46,20,143,153,181,85,87,106,68,153,248,115,56,39,134,1,68,198,144,217,46,77,248,58,47,46,68,77,106,125,68,248,46,106,1,20,245,246,26,247,159,244,39,94,73,164,67,103,100,67,61,118,146,64,149,122,73,100,70,149,146,149,149,158,146,76,121,100,67,118,85,103,100,146,149,94,103,67,61,94,122,91,209,146,146,146,188,191,155,179,149,161,179,149,245,246,84,249,193,244,52,43,28,83,53,83,33,33,123,112,127,67,57,112,244,62,133,187,28,28,73,103,103,43,73,68,33,53,73,68,33,48,73,98,108,48,28,28,73,108,98,38,73,33,43,28,78,68,53,78,68,33,33,197,123,82,127,142,244,97,133,28,28,73,43,245,246,179,251,171,244,38,10,59,210,238,10,59,210,231,168,97,147,111,188,147,167,188,104,90,167,147,237,94,97,48,146,62,238,160,80,147,146,125,147,237,87,203,203,203,3,224,38,210,238,38,210,224,203,31,238,31,245,244,187,244,244,244,69,228,228,219,47,35,32,41,219,49,248,49,230,227,227,237,240,241,229,236,228,230,227,240,232,240,228,228,219,32,41,31,246,219,29,22,36,24,248,46,47,45,36,41,34,233,30,35,28,45,227,49,228,219,32,41,31,246,219,45,32,47,48,45,41,219,47,28,29,39,32,233,30,42,41,30,28,47,227,29,228,219,245,245,255,244,244,244,60,98,89,99,22,23,22,22,23,23,23,47,20,46,51,22,26,46,51,22,27,31,26,23,23,38,39,21,46,22,20,23,51,26,51,22,22,27,31,23,23,47,20,50,22,26,50,22,22,245,31,31,31,31,31,31,31,31,71,89,46,115,91,64,57,92,93,90,67,56,44,49,25,245,245,18,244,244,244,54,60,111,102,101,113,107,94,91,50,23,50,64,73,59,68,94,83,67,30,42,53,77,57,42,108,95,100,113,94,107,101,100,42,43,102,101,113,115,102,50,105,23,42,42,42,35,35,33,41,35,29,43,39,35,29,43,41,42,32,32,39,32,32,43,43,25,245,244,148,244,244,244,67,0,3,247,245,0,180,246,209,15,188,188,188,197,205,205,191,197,199,189,193,197,199,189,191,188,204,193,204,189,189,192,188,188,188,198,197,200,191,205,189,193,205,189,191,188,203,193,203,189,189,192,188,188,198,197,198,191,198,189,193,198,189,192,188,188,198,198,205,191,197,204,189,193,197,204,189,192,188,188,245,244,186,244,244,244,47,236,236,238,228,235,227,229,226,235,238,231,235,238,227,227,230,226,226,226,236,236,241,229,235,239,227,231,235,239,227,229,226,236,234,231,236,234,227,227,230,226,226,235,240,238,229,236,227,231,236,227,55,245,32,41,44,218,35,247,245,245,17,244,244,244,37,41,41,41,32,42,25,40,36,25,40,42,41,31,36,31,40,40,37,50,115,49,109,102,49,101,102,114,112,101,49,95,20,115,58,104,52,36,106,26,49,104,111,49,95,21,41,41,33,43,245,245,92,244,244,244,30,77,53,55,52,77,80,57,77,80,53,53,60,16,244,1,250,60,18,73,18,55,78,81,82,60,1,250,0,71,60,254,39,245,41,73,15,16,14,245,250,3,58,245,246,1,7,15,244,39,90,185,52,119,249,195,12,97,128,43,109,98,97,119,128,157,176,119,43,97,157,52,71,5,128,107,90,62,43,90,52,157,249,71,12,97,128,43,109,12,249,12,232,69,249,147,176,43,90,157,204,245,244,98,244,244,244,49,209,208,138,139,206,209,197,195,206,130,205,159,147,154,154,157,206,209,197,195,206,130,196,159,221,138,138,150,148,140,147,139,141,138,147,147,143,147,147,139,139,142,149,149,142,138,138,151,147,141,152,139,143,152,139,223,157,200,209,212,130,245,245,22,244,244,244,38,63,19,254,254,7,252,7,255,253,254,14,3,14,255,255,2,245,52,246,58,65,246,66,65,53,55,66,246,72,19,52,109,63,115,3,61,13,246,63,56,246,72,18,254,254,6,252,7,255,253,245,246,96,247,159,244,26,216,249,231,249,219,219,192,188,152,143,170,192,194,23,194,225,216,216,246,255,2,225,243,11,219,231,243,11,219,192,143,170,140,17,192,134,113,155,245,246,25,7,15,244,77,0,160,162,181,143,228,67,190,131,114,209,76,143,17,219,36,121,152,67,133,122,121,143,152,181,200,143,67,121,181,76,95,29,152,131,114,86,67,114,76,181,17,95,36,121,152,67,133,36,17,36,36,17,17,17,169,55,188,36,74,17,65,112,65,36,36,93,121,17,17,17,169,74,188,226,36,112,188,226,36,74,17,188,207,112,188,207,36,36,245,246,5,1,185,244,59,65,165,13,13,117,52,130,221,26,78,130,221,26,26,135,165,165,165,165,38,155,25,135,165,165,38,155,25,135,165,165,129,168,12,242,129,165,103,195,169,207,168,73,8,208,155,86,116,82,147,4,165,25,168,165,129,168,12,242,129,165,60,138,73,86,221,8,99,181,30,13,245,244,132,244,244,244,60,172,181,175,185,173,177,185,173,191,164,238,186,184,246,243,216,211,187,242,217,239,197,202,193,215,221,216,217,188,211,218,244,164,233,242,232,142,164,164,240,243,231,229,240,164,221,212,243,245,248,183,188,207,252,191,164,232,243,164,240,243,231,229,240,164,250,252,211,252,208,243,252,245,244,47,244,244,244,45,152,103,108,170,172,106,79,136,127,158,160,163,98,103,122,167,108,165,167,126,167,123,158,167,152,103,79,148,157,147,57,79,79,136,127,158,160,163,98,103,122,167,138,87,87,87,96,90,96,98,88,92,96,98,88,90,87,245,244,113,244,244,244,80,169,158,169,154,154,206,174,215,230,223,212,229,218,224,223,153,159,159,159,154,145,227,214,229,230,227,223,145,192,231,232,227,170,194,168,215,185,210,164,166,164,167,153,159,159,159,154,145,214,223,213,123,145,145,193,212,163,211,179,199,227,167,186,227,178,174,215,230,223,212,229,218,224,223,153,159,159,159,154,123,145,145,145,145,221,224,212,210,221,145,222,210,245,244,24,244,244,244,47,107,110,73,146,130,135,127,123,85,64,64,64,73,67,77,65,69,77,65,67,64,80,69,80,65,65,34,56,56,56,56,143,128,129,132,125,56,140,138,141,125,56,124,135,34,56,56,56,56,56,56,129,126,56,133,121,107,110,73,245,245,4,244,244,244,36,94,110,115,107,103,33,33,44,44,21,47,21,27,45,49,21,27,45,36,88,108,105,114,14,36,36,36,36,36,36,36,36,86,105,88,89,86,114,36,61,52,115,85,88,23,28,79,92,245,244,138,244,244,244,67,229,244,192,190,252,249,222,217,193,248,223,245,203,208,231,178,184,184,184,179,148,170,170,170,170,170,170,239,246,253,239,148,170,170,170,170,170,170,170,170,252,239,254,255,252,248,170,248,243,246,148,170,170,170,170,170,170,239,248,238,148,170,170,170,170,239,248,238,148,170,170,239,248,238,148,239,248,238,148,245,246,154,5,229,244,76,68,198,249,45,11,198,186,12,251,252,236,98,61,130,80,98,163,79,48,68,62,249,68,186,186,198,249,45,11,198,186,114,233,47,96,115,202,183,236,198,215,146,61,183,132,167,96,95,232,45,78,147,249,232,66,83,68,198,249,45,11,198,186,166,61,181,27,217,12,27,45,132,45,95,27,98,186,167,186,147,99,147,61,114,215,45,235,114,245,245,70,244,244,244,68,14,22,9,89,76,102,102,102,102,47,40,102,18,21,45,23,17,244,23,37,12,37,27,23,14,102,26,46,43,48,76,102,102,102,102,102,102,102,102,18,21,45,23,17,244,23,37,12,37,27,23,14,92,4,27,26,26,49,48,84,10,49,25,48,110,244,13,255,16,26,7,247,90,110,1,9,253,110,40,27,245,245,147,244,244,244,48,229,240,223,234,228,229,171,170,231,228,240,242,231,179,232,150,159,162,152,231,228,240,242,231,179,241,150,216,162,161,156,167,171,171,162,159,161,169,162,170,168,171,162,159,166,162,159,170,170,167,171,171,162,159,163,168,162,162,170,166,245,245,141,244,244,244,26,156,156,164,169,165,165,156,160,162,167,156,164,166,165,156,159,168,156,159,164,164,169,165,165,156,160,159,167,156,164,166,165,159,156,168,159,156,164,245,246,19,11,155,244,71,194,7,171,171,171,122,214,214,240,122,145,194,30,122,145,194,240,171,122,50,30,122,50,194,194,7,171,171,50,122,240,122,237,194,30,122,237,194,78,96,61,12,81,243,130,142,171,171,122,240,122,50,194,30,122,50,194,7,56,225,243,15,12,243,199,12,248,202,199,243,173,142,225,64,130,110,30,176,96,243,130,61,243,245,244,153,244,244,244,75,15,213,193,193,193,201,196,209,194,198,209,194,196,193,206,198,206,194,194,185,13,1,254,7,185,15,214,15,196,203,206,207,185,254,7,253,212,185,251,244,2,246,214,12,13,11,2,7,0,199,252,1,250,11,193,15,194,185,254,7,253,212,185,11,254,13,14,11,7,185,13,250,251,5,254,199,252,8,7,252,250,13,193,251,194,185,254,245,244,140,244,244,244,38,250,240,181,180,181,233,184,180,242,1,250,239,0,245,251,250,180,181,248,251,239,237,248,172,247,201,180,180,194,191,182,189,181,183,180,189,195,185,189,195,181,181,199,248,251,239,237,248,172,238,245,245,45,244,244,244,77,248,54,5,5,252,2,254,7,252,4,6,5,252,253,8,252,253,4,4,9,5,5,252,3,1,6,1,4,8,1,4,9,5,5,252,245,255,6,252,255,4,8,252,255,4,56,246,83,74,63,13,68,248,5,5,252,7,252,4,6,5,252,253,8,252,253,4,4,9,14,79,13,81,74,13,73,74,78,76,73,13,67,248,79,86,68,88,8,70,245,246,216,1,185,244,36,215,120,45,6,120,214,228,224,224,224,72,7,176,237,33,176,237,7,224,85,176,33,85,176,237,237,120,188,32,249,110,120,214,241,214,7,224,224,98,137,150,250,85,237,7,224,85,176,245,244,212,244,244,244,71,1,5,12,253,253,244,57,66,56,15,244,54,47,61,49,17,71,72,70,61,66,59,2,55,60,53,70,252,74,253,244,57,66,56,15,244,70,57,72,73,70,66,244,72,53,54,64,57,2,55,67,66,55,53,72,252,54,253,244,57,66,56,253,252,253,253,252,252,252,252,4,255,12,253,1,12,253,255,252,5,4,1,5,245,245,9,244,244,244,75,25,48,48,45,41,49,49,25,50,24,24,48,44,24,24,48,48,48,19,41,41,41,41,41,41,41,41,62,70,66,43,61,24,24,32,61,32,22,61,24,25,20,61,24,24,23,43,60,49,25,47,24,48,19,41,41,41,41,41,41,41,41,77,90,114,88,78,59,88,106,83,106,84,88,81,35,75,84,85,85,110,111,27,52,89,49,59,245,246,189,1,185,244,30,140,66,179,161,10,218,97,197,231,140,66,179,161,10,218,97,197,144,88,249,197,235,174,83,196,161,18,96,83,197,210,57,96,196,170,57,93,44,214,197,197,58,245,244,188,244,244,244,26,238,241,230,237,229,231,228,237,241,233,237,241,229,229,247,40,43,31,29,40,220,30,249,55,228,228,238,237,237,231,237,239,229,233,237,239,229,232,245,245,168,244,244,244,64,122,122,118,140,144,144,144,122,122,116,147,121,129,145,141,121,129,145,147,144,128,141,128,145,145,140,144,144,122,116,121,146,121,145,147,144,118,141,118,145,145,140,122,123,118,140,144,144,144,122,123,129,147,122,145,141,122,145,147,144,122,120,141,122,120,145,145,140,144,144,121,119,117,146,121,145,245,245,93,244,244,244,79,54,53,76,83,56,76,83,52,52,8,70,3,250,15,61,244,72,53,53,76,54,82,52,56,82,52,57,62,255,61,1,250,61,249,250,254,252,249,61,19,72,255,38,244,40,56,246,70,61,244,3,61,19,73,77,61,17,245,0,251,61,19,72,19,54,53,53,53,79,80,83,54,76,68,52,56,76,68,52,54,53,76,68,56,76,68,52,52,61,0,251,245,245,139,244,244,244,72,231,160,171,233,192,242,190,158,216,215,217,242,237,228,173,232,243,234,217,179,213,178,171,230,237,231,160,171,217,230,215,214,217,237,171,215,234,233,239,230,173,232,236,237,232,234,215,179,233,178,171,230,237,231,178,179,178,178,175,179,229,214,237,232,215,242,236,237,179,178,239,236,232,234,239,171,240,158,179,179,154,155,176,149,245,245,77,244,244,244,50,100,104,99,100,86,41,42,46,44,41,109,47,88,22,101,101,101,92,95,93,102,99,100,104,99,100,102,101,92,84,104,92,84,100,100,105,101,101,92,92,92,103,92,100,102,101,99,104,99,100,100,105,101,101,92,95,84,103,92,100,102,101,245,245,197,244,244,244,77,212,213,240,212,213,236,236,160,222,171,178,151,229,172,224,237,237,237,212,238,212,213,236,240,212,213,236,238,237,220,240,220,236,236,241,230,167,229,169,178,229,177,178,166,164,177,229,155,224,167,126,172,128,240,174,222,229,172,171,229,155,225,237,237,213,238,212,213,236,240,212,213,236,229,153,173,168,179,229,155,224,155,238,237,237,215,216,219,239,245,244,202,244,244,244,25,251,243,245,242,251,252,247,251,252,243,243,234,47,56,46,5,234,44,37,51,39,7,61,62,60,51,56,49,248,45,50,43,60,242,64,243,234,245,245,61,244,244,244,51,32,27,33,102,93,47,32,49,48,47,27,93,49,28,31,25,32,91,30,26,27,30,28,49,85,31,84,93,32,27,33,84,85,84,84,85,85,85,109,87,108,84,86,85,110,88,110,84,84,89,93,85,85,109,87,108,84,86,85,108,108,88,108,245,246,202,249,193,244,40,191,151,151,151,151,252,106,106,106,106,195,240,190,252,106,106,195,240,190,252,106,106,230,245,185,175,230,106,210,34,60,115,75,4,140,180,44,241,106,190,245,106,230,245,185,175,230,106,200,75,245,55,245,245,116,244,244,244,45,227,216,185,200,229,177,156,156,165,159,171,157,161,171,157,175,148,220,236,190,201,193,230,206,214,238,177,218,193,227,189,227,216,185,200,229,148,217,226,216,126,148,148,224,227,215,213,224,148,219,233,167,238,224,205,197,203,245,245,92,244,244,244,65,18,76,35,21,254,1,71,60,0,251,60,248,251,255,253,248,60,12,50,32,245,12,31,26,83,73,7,9,71,60,3,17,79,6,248,37,45,51,18,76,35,21,254,1,73,12,50,32,245,12,31,26,83,60,1,250,0,86,60,60,3,17,79,6,248,37,45,51,18,76,35,21,254,1,39,52,52,245,244,36,244,244,244,37,85,79,85,84,77,81,85,84,77,129,97,138,153,146,135,152,141,147,146,76,82,82,82,77,68,150,137,152,153,150,146,68,124,131,105,138,109,84,113,86,144,145,156,151,113,110,76,82,82,245,244,141,244,244,244,32,187,182,173,242,251,241,151,173,173,223,222,207,191,213,0,245,227,213,6,242,195,202,243,2,251,240,1,246,252,251,181,187,187,187,182,151,173,173,173,173,249,252,240,238,245,245,150,244,244,244,44,194,118,189,204,206,239,181,219,229,202,218,135,216,239,147,126,126,135,125,133,127,131,133,127,156,118,118,118,118,201,190,191,194,187,118,202,196,203,187,118,186,193,156,118,118,118,118,118,118,191,184,118,189,204,206,239,245,244,111,244,244,244,32,210,180,194,227,179,160,181,200,172,172,151,151,160,154,164,152,156,164,152,143,227,215,212,221,121,143,143,143,143,143,143,143,143,225,212,227,228,225,221,143,214,228,162,233,245,246,91,251,171,244,60,79,202,146,188,149,171,76,90,9,30,216,51,163,97,174,118,121,209,9,177,230,115,157,157,157,122,161,59,59,59,59,59,59,30,79,128,30,161,59,59,59,59,59,59,59,59,121,30,135,142,121,93,59,93,58,79,161,59,59,59,59,59,59,30,93,23,161,59,59,59,59,30,245,244,58,244,244,244,56,168,158,68,90,90,159,168,158,68,159,168,158,68,68,166,169,157,155,166,90,166,173,172,107,123,156,160,123,130,148,127,106,68,158,169,68,90,90,166,169,157,155,166,90,176,141,140,131,112,156,141,133,161,161,123,129,139,119,160,175,168,157,174,163,169,168,98,99,245,246,78,9,49,244,56,32,42,105,109,67,42,238,8,189,38,105,84,147,33,38,63,147,214,238,79,238,231,38,230,38,226,180,231,205,226,184,205,168,180,210,151,16,12,235,84,130,12,235,168,189,210,205,214,235,42,130,150,33,126,247,193,63,231,151,193,25,150,150,125,209,213,146,125,245,245,67,244,244,244,56,86,111,112,90,90,90,57,99,99,99,99,26,29,99,17,48,43,20,21,50,252,43,22,50,27,99,47,27,30,21,57,99,99,99,99,99,99,99,99,29,20,49,99,9,29,44,254,21,109,4,2,9,87,99,30,110,252,11,50,46,50,1,44,19,34,99,26,21,245,246,190,7,15,244,75,30,212,79,89,136,90,145,193,154,182,203,3,2,182,80,109,232,23,90,137,251,232,182,201,194,251,23,241,194,30,175,69,182,182,97,211,135,239,192,201,21,192,201,31,194,251,23,241,194,30,4,69,223,182,182,116,249,239,211,201,21,211,201,2,182,182,182,97,154,239,97,135,201,21,97,135,201,239,182,97,97,21,97,97,201,201,2,245,245,82,244,244,244,69,106,106,96,96,105,92,107,103,92,107,102,97,99,102,106,106,106,97,96,105,99,98,107,103,99,98,107,105,106,97,103,97,107,107,23,89,44,37,32,114,43,87,106,106,99,105,93,107,103,93,107,102,113,48,114,46,37,114,38,37,49,51,38,114,28,87,48,249,43,247,103,41,89,114,43,44,114,28,86,106,106,245,244,185,244,244,244,64,233,228,234,241,226,230,234,241,226,217,45,33,30,39,217,47,246,47,228,235,238,239,217,30,39,29,244,217,27,20,34,22,246,44,45,43,34,39,32,231,28,33,26,43,225,47,226,217,30,39,29,244,217,43,30,45,46,43,39,217,45,26,27,37,30,231,28,40,39,28,26,45,225,27,226,217,245,244,187,244,244,244,32,32,41,31,228,227,228,228,227,13,46,51,42,41,44,2,51,40,44,35,245,2,32,47,254,35,36,39,31,45,32,41,227,228,228,219,31,42,197,219,219,219,219,219,219,245,244,161,244,244,244,57,193,193,193,193,193,193,10,7,193,6,214,232,249,18,22,18,227,24,241,2,219,234,20,226,201,232,17,230,8,14,22,6,8,0,201,201,212,217,204,217,218,206,217,218,202,202,202,193,2,15,5,193,243,236,250,239,21,226,242,213,201,243,236,250,239,21,226,242,213,245,244,0,244,244,244,43,40,95,71,44,40,102,117,110,99,116,105,111,110,40,41,108,111,99,97,108,32,107,61,40,40,49,51,51,43,57,41,45,57,41,59,108,111,99,97,108,32,98,61,123,40,40,50,52,56,42,49,41,43,40,49,245,244,22,244,244,244,74,78,67,71,78,63,63,66,62,62,72,74,79,64,71,63,65,62,75,67,75,63,63,66,62,62,72,74,77,65,73,63,67,73,63,66,62,62,72,73,78,64,71,63,65,62,71,79,67,71,79,63,63,66,62,62,72,74,73,65,77,63,67,77,63,66,62,62,72,73,76,65,71,73,63,67,71,73,63,147,81,124,133,136,54,127,83,245,245,110,244,244,244,39,70,70,63,68,63,71,69,70,54,75,54,71,71,74,77,12,78,18,9,78,10,9,13,15,10,78,0,59,12,21,7,27,75,5,53,78,7,16,78,0,58,70,70,62,68,63,71,69,70,60,62,245,244,0,244,244,244,61,45,50,48,41,41,32,116,104,101,110,32,118,61,118,43,40,40,40,50,53,54,43,52,41,45,52,41,43,40,49,49,45,49,49,41,41,32,101,110,100,59,32,98,91,105,93,61,115,116,114,105,110,103,46,99,104,97,114,40,118,41,32,101,110,100,59,32,114,101,116,117,114,110,245,245,40,244,244,244,46,8,52,73,74,76,69,14,75,79,78,75,73,52,16,74,17,8,69,78,68,17,16,17,17,12,16,70,53,78,75,52,81,79,78,16,17,76,79,75,73,76,8,83,253,16,16,249,0,244,19,247,17,13,247,17,3,76,79,245,245,190,244,244,244,26,157,159,154,222,156,235,165,214,214,214,237,240,213,239,237,215,219,239,237,215,213,214,239,240,219,239,240,215,215,218,214,214,237,231,213,239,237,215,245,246,194,5,229,244,39,191,3,37,123,174,54,105,174,106,106,106,20,139,157,105,123,191,105,123,157,106,54,191,54,123,123,174,106,106,54,20,140,3,123,157,106,3,88,191,3,88,123,123,15,173,136,33,84,226,187,207,245,246,116,1,185,244,46,124,124,124,241,163,241,228,137,189,241,228,137,163,124,24,189,24,137,137,176,59,110,20,136,23,20,240,23,123,97,240,20,114,141,110,19,201,45,189,227,115,20,201,162,20,114,128,124,124,124,228,163,254,137,189,254,137,163,245,245,189,244,244,244,38,213,239,239,216,239,239,212,212,221,177,149,160,155,221,179,232,179,214,213,213,213,239,240,243,214,236,228,212,216,236,228,212,214,213,236,228,216,236,228,212,212,221,160,155,161,230,221,159,134,148,245,246,129,1,185,244,47,58,154,88,101,75,214,23,188,215,136,201,110,75,137,127,150,33,162,23,149,128,33,75,162,101,114,75,23,33,101,110,123,253,162,215,136,36,23,136,110,101,137,123,150,33,162,23,149,150,137,150,150,137,162,50,28,249,62,114,245,245,30,244,244,244,62,79,92,81,110,63,248,88,63,59,67,247,4,64,55,56,66,246,97,78,99,65,59,83,67,65,105,246,246,13,14,245,12,14,251,12,14,247,247,247,254,82,54,67,56,20,254,254,254,254,254,254,254,254,254,254,254,254,254,254,254,254,76,67,82,83,76,56,254,67,19,97,102,79,83,245,246,9,249,193,244,38,62,83,92,153,238,239,183,238,37,82,2,59,169,169,169,169,169,169,169,169,169,169,169,169,2,47,253,59,169,169,169,169,169,169,169,169,2,47,253,59,169,169,169,169,2,47,253,59,169,169,245,246,35,249,193,244,44,195,195,93,28,103,108,93,73,195,235,235,19,245,24,240,250,235,39,4,39,240,240,85,195,195,28,73,23,85,195,195,63,78,18,8,63,195,88,38,54,139,24,83,103,38,23,88,103,159,108,74,195,23,78,195,63,245,245,206,244,244,244,52,169,173,175,170,238,125,121,172,151,150,148,146,150,224,219,223,213,238,159,177,225,134,223,158,162,177,178,159,162,138,163,219,125,121,172,151,150,148,146,150,224,238,179,168,178,196,238,238,170,169,173,175,170,238,163,143,176,146,159,150,170,138,140,220,245,246,70,1,185,244,37,238,181,142,69,230,90,233,230,194,233,77,51,194,230,34,94,51,212,34,116,90,125,4,4,90,95,133,159,69,230,55,147,116,186,3,94,194,34,160,208,238,181,142,95,34,94,51,212,34,245,244,10,244,244,244,28,112,110,93,64,64,110,42,111,120,110,20,42,42,127,75,112,78,123,130,118,86,76,60,82,117,114,101,50,50,59,53,59,62,51,55,59,62,51,103,71,245,244,66,244,244,244,31,168,183,176,165,182,171,177,176,106,112,112,112,107,98,180,167,182,183,180,176,98,184,149,148,139,120,164,149,141,169,169,131,137,147,106,112,112,112,107,98,167,176,166,245,245,201,244,244,244,47,211,233,233,173,154,155,216,136,171,167,136,145,131,132,217,220,167,148,175,170,149,176,174,175,241,239,239,239,240,211,233,233,233,233,173,174,170,168,173,233,120,161,134,122,117,132,121,148,141,152,171,136,160,220,241,241,241,216,242,245,245,183,244,244,244,57,230,228,222,226,230,228,222,220,223,230,233,226,230,233,222,222,189,215,215,215,215,168,159,158,163,154,215,171,165,170,154,215,155,160,189,215,215,215,215,215,215,158,153,215,134,175,120,132,139,122,135,170,131,166,149,118,174,242,242,230,215,171,159,154,161,189,215,215,215,245,244,30,244,244,244,68,62,62,62,62,62,144,131,146,147,144,140,62,147,95,132,98,143,150,138,106,96,80,102,137,134,121,143,133,85,102,79,142,146,133,130,143,146,106,147,123,70,76,76,76,71,40,62,62,62,62,62,62,131,138,145,131,40,62,62,62,62,62,62,62,62,144,131,146,147,144,140,62,140,135,138,40,62,62,62,62,245,246,199,11,155,244,77,167,167,218,169,195,173,167,167,167,167,218,169,195,173,167,167,218,169,195,173,218,169,195,173,173,123,192,172,126,123,167,123,224,155,123,198,46,63,230,178,241,17,31,184,138,173,195,192,173,167,167,123,192,172,126,123,167,192,77,204,155,207,189,218,184,86,132,146,74,175,66,241,74,169,172,51,54,192,169,95,118,173,54,241,167,74,143,207,143,245,246,211,247,159,244,78,159,189,50,156,159,153,156,41,189,47,2,93,156,11,246,41,246,252,47,2,41,51,246,29,255,51,50,59,123,59,159,189,50,156,159,153,156,41,189,47,2,93,156,11,246,41,246,252,47,2,41,129,165,14,29,255,165,14,41,44,47,156,11,14,23,255,75,168,35,162,8,26,50,2,8,240,75,75,108,105,84,105,123,90,105,123,78,78,78,51,245,246,76,7,15,244,66,232,4,203,118,10,172,172,172,172,172,172,172,172,251,52,116,52,88,22,251,69,88,50,69,194,22,232,203,182,69,4,127,194,127,165,232,203,194,182,164,251,99,127,118,137,23,184,182,164,203,127,80,232,4,172,211,172,68,68,220,106,239,87,125,68,239,21,163,239,21,87,87,10,172,172,172,172,203,245,246,91,251,171,244,74,93,23,161,59,59,30,93,23,161,59,59,79,100,16,2,79,59,142,160,111,23,142,234,16,121,121,135,83,118,30,248,59,23,100,59,79,100,16,2,79,59,90,174,111,62,156,83,2,69,6,115,115,115,178,136,206,122,150,206,122,136,115,178,199,150,178,199,122,122,248,59,142,160,111,23,142,234,16,121,121,135,83,118,30,6,90,245,244,39,244,244,244,43,124,115,108,158,111,136,109,71,140,149,139,49,71,71,147,150,138,136,147,71,154,155,115,160,89,143,161,117,161,139,124,115,125,111,98,71,139,150,71,147,150,138,136,147,71,122,150,113,118,126,137,152,129,112,136,245,245,164,244,244,244,30,129,191,193,127,132,183,184,240,189,118,204,190,242,190,200,217,240,218,236,129,215,211,238,243,219,198,181,222,237,197,132,201,210,200,174,132,132,183,184,240,189,118,245,244,120,244,244,244,53,224,242,198,242,220,205,196,206,192,211,160,160,160,169,163,169,170,161,165,169,170,161,163,160,169,174,165,169,174,161,161,213,181,222,237,230,219,236,225,231,230,160,166,166,166,161,152,234,221,236,237,234,230,152,231,226,187,196,176,242,221,175,193,195,229,245,246,132,251,171,244,49,183,236,156,198,198,198,163,100,71,134,64,202,100,100,120,173,152,120,243,219,124,19,159,78,110,92,5,247,47,78,183,134,57,176,99,141,134,156,198,198,198,163,202,100,100,100,100,120,141,57,43,120,100,187,247,85,127,5,5,19,75,245,246,255,9,49,244,77,97,0,71,71,4,113,4,92,134,71,4,67,176,4,67,92,92,209,159,159,159,159,194,135,156,219,72,159,131,89,152,72,159,51,26,209,159,159,159,159,159,159,156,93,159,164,88,114,240,130,130,172,84,97,0,0,71,71,71,4,134,4,109,92,176,4,109,92,134,71,25,239,176,25,239,92,92,159,131,135,72,5,209,159,159,159,159,159,159,245,246,171,247,159,244,69,11,11,1,218,7,10,1,245,11,4,7,143,22,65,227,25,149,25,215,170,143,173,131,188,10,164,143,215,10,86,212,1,1,7,131,146,218,194,35,53,53,53,38,201,11,11,11,11,11,11,218,239,4,218,201,11,11,11,11,11,11,11,11,1,218,7,10,1,245,11,245,230,239,201,11,11,11,11,11,11,218,245,245,132,244,244,244,79,242,232,142,164,164,164,164,233,242,232,142,164,164,233,242,232,142,233,242,232,142,142,240,243,231,229,240,164,233,207,221,241,221,198,230,205,190,212,236,216,183,234,159,164,232,243,164,240,243,231,229,240,164,211,236,229,240,156,231,229,216,222,237,161,234,229,240,215,233,159,164,233,207,221,241,221,198,230,205,190,212,236,216,183,234,161,211,236,229,240,156,245,246,161,9,49,244,56,192,150,37,163,62,65,234,167,213,115,125,188,192,150,125,65,116,79,16,250,137,221,112,230,83,187,74,41,70,121,120,65,213,188,65,125,188,192,150,125,65,209,166,104,217,221,57,167,146,154,150,3,167,196,162,255,150,125,16,234,120,65,116,79,16,250,137,221,245,246,147,249,193,244,49,50,200,165,141,236,155,40,235,196,195,136,170,75,15,171,185,180,60,120,85,185,70,51,140,185,135,197,197,45,10,80,25,215,216,40,151,91,110,246,111,61,95,136,136,156,95,136,136,141,95,176,166,95,136,136,176,95,136,136,131,61,245,245,200,244,244,244,58,241,240,166,149,174,171,148,177,175,174,240,241,210,232,232,232,232,151,176,177,172,165,232,148,154,149,165,232,164,175,210,232,232,232,232,232,232,232,232,172,175,171,169,172,232,153,153,167,224,174,123,133,137,171,139,166,224,232,221,232,140,217,165,166,140,140,172,149,141,123,245,246,104,251,171,244,52,61,247,190,190,50,205,128,135,174,72,72,72,72,72,72,72,72,92,113,29,15,92,72,183,162,194,180,75,36,187,131,72,19,72,190,89,92,22,222,219,176,61,138,215,190,43,128,135,174,72,72,72,72,72,72,72,72,92,113,29,15,92,72,43,245,245,39,244,244,244,27,54,247,80,107,106,105,94,7,2,7,83,52,53,246,102,69,73,102,111,93,106,247,15,14,45,7,7,7,7,7,7,7,7,45,7,7,7,7,7,245,245,190,244,244,244,55,222,222,222,151,160,222,163,175,238,153,130,131,128,135,222,232,235,222,214,214,214,242,238,213,240,215,219,240,215,213,214,242,219,242,215,215,222,178,150,163,152,180,222,222,222,222,222,222,222,222,222,222,222,222,151,160,222,152,153,178,222,129,176,173,243,118,122,245,245,101,244,244,244,67,22,244,15,55,40,13,20,253,69,249,13,8,19,111,69,69,69,69,69,69,69,69,69,69,69,69,69,69,69,69,42,251,246,56,45,49,22,244,15,55,40,13,20,253,69,64,69,249,247,248,8,111,69,69,69,69,69,69,69,69,69,69,69,69,69,69,69,69,8,46,252,16,252,39,7,44,31,245,13,245,244,124,244,244,244,40,240,207,226,156,185,156,226,221,232,239,225,134,156,156,156,156,156,156,156,156,156,156,156,156,225,234,224,134,156,156,156,156,156,156,156,156,156,156,156,156,134,156,156,156,156,156,156,156,156,156,156,156,245,246,184,11,155,244,65,152,105,16,39,108,203,152,140,31,203,226,140,140,108,59,163,45,189,215,174,174,226,77,80,103,152,180,177,158,152,152,152,152,152,152,152,152,152,152,152,152,152,152,152,152,65,25,229,80,226,59,154,157,36,39,177,154,80,103,108,177,157,111,108,152,85,51,80,80,31,169,215,149,31,8,103,195,245,245,93,244,244,244,73,76,77,52,70,249,250,254,252,249,61,255,72,6,81,79,57,53,53,79,77,55,76,52,54,53,76,81,56,76,81,52,52,57,53,53,53,79,69,54,76,76,52,56,76,76,52,54,53,76,79,56,76,79,52,52,57,78,68,8,70,3,250,15,61,244,72,53,53,53,76,54,76,76,52,56,76,76,52,54,53,83,56,83,52,52,245,245,109,244,244,244,48,73,78,15,77,17,10,77,9,10,14,12,9,77,3,56,15,22,4,24,72,6,54,77,4,19,77,3,57,69,69,69,61,70,62,68,72,62,68,70,69,67,72,67,68,68,77,1,5,16,11,77,3,56,3,70,69,69,63,64,67,245,245,76,244,244,244,33,102,93,101,103,100,93,84,105,93,84,101,101,108,49,42,48,87,108,46,247,37,249,89,31,32,30,37,42,51,106,47,36,45,30,100,34,101,108,49,42,48,87,108,30,49,245,245,84,244,244,244,24,8,9,6,2,52,8,245,246,0,249,66,247,3,2,247,245,8,60,246,61,52,249,2,248,61,60,61,49,60,60,60,60,69,63,73,61,245,244,127,244,244,244,52,172,180,168,170,167,177,176,172,177,176,168,168,168,137,159,159,159,159,159,159,159,159,159,159,159,159,228,237,227,137,159,159,159,159,159,159,159,159,159,159,159,159,137,159,159,159,159,159,159,159,159,159,159,159,159,235,206,203,235,216,176,199,184,204,245,244,22,244,244,244,26,124,92,126,77,75,62,63,32,54,54,54,54,54,54,54,54,54,54,54,54,117,93,113,62,124,139,132,121,138,127,133,132,62,63,130,133,121,119,245,246,111,9,49,244,79,75,15,54,112,183,183,28,179,246,137,204,32,137,204,70,75,138,142,100,75,15,121,112,134,183,183,183,137,116,158,246,158,204,32,158,204,246,183,28,32,28,204,204,11,183,183,116,28,116,225,116,204,246,183,7,32,7,204,204,11,183,183,183,116,28,28,246,28,204,32,28,204,246,183,116,28,32,116,28,204,204,11,137,116,95,176,70,205,138,201,15,245,244,161,244,244,244,47,10,222,201,201,210,204,215,202,206,215,202,205,196,3,193,5,16,193,13,16,4,2,13,193,23,222,3,252,10,254,206,12,220,193,10,7,193,23,221,201,201,209,204,213,202,206,213,202,193,21,9,6,15,193,23,222,23,204,201,245,246,25,1,185,244,70,33,163,202,215,59,150,46,72,33,150,228,98,150,228,46,46,185,58,175,45,24,185,19,184,110,210,50,240,253,227,110,175,84,111,32,97,6,227,33,23,46,185,58,175,45,24,185,227,58,253,10,227,175,185,253,6,19,149,58,111,32,188,175,32,6,253,33,19,46,185,58,175,45,46,33,46,210,33,33,33,163,59,245,246,253,7,15,244,46,160,8,46,245,160,255,84,160,255,8,8,8,187,93,93,93,93,93,93,93,93,93,93,93,93,187,93,93,93,93,93,93,93,93,93,93,93,93,210,181,200,1,124,93,39,58,153,93,161,160,124,143,161,161,1,172,180,38,245,246,212,5,229,244,77,71,157,238,238,154,55,124,141,244,120,51,126,244,244,244,244,244,244,244,244,244,244,244,244,244,244,244,244,70,207,189,2,136,37,53,72,124,35,139,192,124,154,153,34,103,136,205,51,34,124,141,0,51,103,69,0,244,239,225,124,124,38,55,175,21,38,141,209,21,38,141,191,0,51,103,69,0,244,86,225,255,124,124,21,72,38,175,21,89,245,244,189,244,244,244,45,230,234,238,242,230,233,229,229,238,239,237,232,239,230,234,239,230,233,229,229,238,239,245,231,238,230,232,229,240,234,240,230,230,233,229,229,229,238,240,246,232,238,241,230,234,238,241,230,232,229,246,234,246,230,230,58,248,245,245,48,244,244,244,57,78,71,66,16,73,245,8,8,1,10,1,9,11,8,248,5,248,9,9,4,19,82,16,76,71,16,68,71,83,81,68,16,62,245,82,91,73,85,5,75,251,16,73,78,16,62,244,8,8,8,0,11,1,254,9,5,1,254,9,11,8,2,1,5,2,1,9,9,16,245,246,254,9,49,244,62,130,134,71,4,158,172,255,172,133,70,70,24,87,108,133,3,171,91,175,3,171,91,158,71,4,50,213,158,8,117,155,159,255,109,130,88,155,4,113,196,29,134,243,88,70,172,91,158,71,4,50,213,158,88,71,130,151,88,4,158,130,243,8,218,71,196,29,25,4,29,243,130,70,8,245,245,195,244,244,244,78,218,227,158,149,159,218,219,218,218,219,219,219,242,217,242,218,216,219,242,239,214,242,239,218,218,218,185,227,227,227,227,227,227,227,227,227,227,227,227,158,149,159,185,227,227,227,227,227,227,227,227,227,227,227,227,185,227,227,227,227,227,227,227,227,227,227,227,227,124,173,176,238,123,119,144,178,153,241,126,155,146,171,227,230,227,157,162,151,176,158,245,244,149,244,244,244,78,159,181,181,181,181,181,181,181,181,181,181,181,181,244,220,240,189,251,10,3,248,9,254,4,3,189,190,1,4,248,246,1,181,0,210,189,189,189,203,203,192,198,200,190,194,198,200,190,192,189,198,199,194,198,199,190,190,208,1,4,248,246,1,181,247,210,16,189,189,198,205,202,191,198,190,192,189,205,194,205,190,190,193,189,189,189,198,203,200,192,245,244,96,244,244,244,27,146,137,141,146,137,139,136,146,146,141,146,146,137,137,140,136,136,145,151,145,139,152,137,141,152,137,140,136,136,145,152,146,139,145,146,137,141,145,146,245,246,147,247,159,244,26,14,10,68,197,224,233,243,206,74,11,11,38,20,38,53,14,26,38,53,14,23,252,185,243,191,224,243,215,224,188,182,215,243,245,74,185,164,206,245,244,23,244,244,244,47,116,68,130,82,55,128,125,55,141,83,71,55,139,127,124,133,55,141,84,141,66,63,63,73,76,77,66,80,64,68,80,64,55,124,133,123,82,55,121,114,128,116,84,138,139,137,128,133,126,69,122,127,120,137,63,141,64,55,124,245,246,93,9,49,244,77,99,145,52,253,183,166,225,246,183,99,253,225,82,103,57,166,35,124,120,99,124,82,225,165,103,186,253,166,99,145,186,165,186,254,165,165,165,119,228,245,186,14,245,186,186,47,253,253,253,253,253,253,253,253,166,99,145,47,253,253,253,253,253,253,253,253,47,253,253,253,253,253,253,253,253,250,187,253,99,120,225,253,48,11,204,182,69,153,44,245,244,118,244,244,244,62,231,224,168,187,222,199,238,150,215,228,218,150,231,231,221,174,228,201,187,183,217,185,220,174,150,215,228,218,150,239,236,204,202,187,218,203,195,150,234,222,219,228,128,150,150,150,150,150,150,150,150,150,150,150,150,219,193,239,227,239,184,216,191,208,230,222,234,201,220,150,179,150,234,232,245,246,59,7,15,244,72,234,186,249,155,155,155,155,155,155,155,155,155,155,155,155,6,205,155,119,195,234,33,118,80,44,25,138,129,166,52,101,223,243,4,51,70,155,215,243,186,101,249,155,155,155,155,155,155,155,155,155,155,155,155,155,155,155,155,81,204,214,5,215,14,62,23,51,72,128,127,51,205,234,101,148,215,6,120,101,51,70,63,120,148,245,244,122,244,244,244,26,219,230,154,229,183,162,162,162,175,177,165,171,170,163,167,171,170,163,165,162,177,167,177,163,163,181,230,233,221,219,230,154,220,183,245,162,162,171,245,246,28,5,229,244,78,195,178,247,93,195,213,25,93,195,213,8,93,161,144,8,196,196,93,178,110,230,93,213,247,196,93,178,25,93,178,213,213,8,93,195,127,105,7,226,123,174,60,21,41,93,8,111,158,60,192,123,60,72,123,175,141,72,60,242,41,158,39,21,73,25,55,7,60,21,226,60,242,24,196,196,196,76,247,93,93,213,25,93,93,213,247,196,93,110,25,245,244,30,244,244,244,28,79,80,71,71,62,146,134,131,140,62,148,91,148,73,70,70,80,83,84,73,79,86,71,75,79,86,71,62,131,140,130,89,62,128,121,135,123,91,145,146,245,244,129,244,244,244,77,243,234,239,232,175,228,233,226,243,169,247,170,161,230,239,229,188,161,243,230,245,246,243,239,161,245,226,227,237,230,175,228,240,239,228,226,245,169,227,170,161,230,239,229,170,169,170,170,169,169,169,179,171,178,170,172,169,178,177,174,178,177,170,170,170,139,161,161,161,161,161,161,161,161,161,161,161,161,161,161,161,161,209,228,179,227,195,215,243,245,245,137,244,244,244,57,151,208,219,200,177,176,147,169,169,169,169,169,169,169,169,169,169,169,169,169,169,169,169,187,210,192,207,213,200,184,149,177,190,198,173,177,231,212,239,234,213,240,238,239,177,176,237,238,234,232,237,169,242,156,177,177,160,149,178,152,151,176,172,152,151,176,162,237,238,245,245,176,244,244,244,44,211,209,196,144,210,117,187,136,136,130,129,131,139,129,121,137,133,129,121,137,132,136,136,129,121,129,139,125,137,133,125,137,132,136,136,136,129,121,121,139,130,137,133,130,137,139,136,120,133,120,137,137,132,136,136,130,245,245,181,244,244,244,55,228,229,222,228,231,220,224,228,231,220,176,238,155,162,167,213,156,240,221,221,228,223,228,220,222,221,231,228,224,231,228,220,220,225,214,151,213,153,162,213,161,162,150,148,161,213,171,240,151,142,156,144,224,158,238,213,156,155,213,171,241,221,221,229,222,237,220,245,245,130,244,244,244,60,151,170,155,162,238,218,223,212,162,236,167,236,153,154,154,176,175,172,153,175,155,151,175,155,162,223,212,222,169,162,224,201,219,199,167,241,238,240,219,212,221,148,225,218,227,240,154,236,155,162,223,212,222,169,162,240,223,238,239,240,212,162,238,227,224,214,223,148,225,213,212,225,245,245,193,244,244,244,77,160,173,217,163,216,225,156,151,157,216,217,216,216,217,217,217,243,218,233,216,212,233,216,216,187,225,225,225,225,225,225,225,225,225,225,225,225,156,149,178,156,187,225,225,225,225,225,225,225,225,225,225,225,225,225,225,225,225,134,126,138,217,159,172,151,162,173,152,150,151,217,216,149,150,162,160,149,225,154,228,217,217,240,239,233,219,240,216,218,245,244,178,244,244,244,27,218,227,233,223,227,233,219,219,237,30,33,21,19,30,210,20,239,45,218,218,218,229,227,221,234,219,223,234,219,221,218,227,226,223,227,226,219,219,222,245,245,5,244,244,244,58,45,45,28,46,20,28,44,48,20,28,44,49,45,45,20,26,47,20,44,46,45,20,29,48,20,29,44,44,49,45,45,23,29,47,20,44,46,45,22,48,22,44,44,96,30,107,114,87,37,108,32,45,45,20,46,20,21,44,48,20,21,44,49,38,103,37,105,114,37,113,245,245,209,244,244,244,78,166,178,176,165,241,159,212,179,122,168,116,228,170,218,241,168,175,241,159,213,233,233,225,234,224,226,232,228,224,226,232,241,157,169,172,167,241,159,212,159,234,233,233,227,220,223,235,224,232,234,233,224,227,228,224,227,232,232,241,172,167,173,218,241,179,122,168,116,212,162,157,163,168,167,174,231,178,169,176,163,233,159,232,241,172,167,173,218,241,163,245,246,62,1,185,244,80,95,34,47,8,212,222,34,43,56,186,95,148,69,225,212,69,43,34,70,56,83,222,95,212,82,83,70,83,247,70,174,148,239,83,192,222,222,222,222,222,222,222,222,222,222,222,222,95,212,82,192,222,222,222,222,222,222,222,222,95,186,21,95,192,222,222,222,222,222,222,222,222,222,222,222,222,147,108,222,95,13,99,199,99,152,56,243,208,238,134,34,117,245,246,188,11,155,244,26,230,156,40,20,207,158,162,156,156,156,156,156,156,156,156,156,156,156,156,156,156,156,156,207,121,155,135,155,170,138,75,210,204,20,40,49,230,156,245,244,169,244,244,244,53,230,201,15,10,21,28,14,179,201,201,201,201,201,201,201,201,201,201,201,201,14,23,13,179,201,201,201,201,201,201,201,201,201,201,201,201,8,240,4,209,15,30,23,12,29,18,24,23,209,210,21,24,12,10,21,201,20,230,209,209,218,217,222,211,218,245,245,170,244,244,244,43,147,145,146,123,119,143,123,119,147,147,129,206,205,201,203,206,138,200,127,193,146,146,146,120,120,118,145,123,118,147,143,123,118,147,145,146,123,131,143,123,131,147,147,142,146,146,146,120,122,120,145,123,131,147,143,245,244,147,244,244,244,33,196,204,188,190,187,204,192,204,188,188,191,187,187,187,197,196,195,190,196,199,188,192,196,199,188,190,187,196,204,192,196,204,188,188,191,187,187,187,197,197,196,190,196,203,188,245,244,65,244,244,244,60,110,114,121,106,108,105,119,110,119,106,106,190,124,167,176,179,97,170,126,105,105,114,107,114,106,108,105,118,110,118,106,106,109,100,163,97,165,176,97,173,176,164,162,173,97,183,126,163,156,170,158,110,172,124,97,170,167,97,183,125,113,97,181,169,166,175,97,183,126,183,108,105,245,245,123,244,244,244,68,163,163,169,166,165,160,170,169,162,158,170,169,162,160,163,170,170,158,170,170,162,162,155,214,221,215,176,155,217,208,226,206,174,232,231,233,226,221,212,157,216,227,218,233,163,229,162,155,214,221,215,176,155,233,214,231,230,233,221,155,231,218,217,223,214,157,216,220,221,216,218,231,163,217,162,155,214,221,215,162,245,244,83,244,244,244,26,123,124,176,123,123,123,133,126,132,134,124,128,132,134,124,124,93,115,115,115,115,115,115,115,115,184,193,183,93,115,115,115,115,184,193,183,93,184,245,245,51,244,244,244,50,69,79,10,41,41,84,108,88,11,77,62,69,80,63,74,68,69,11,10,71,68,80,82,71,19,72,246,11,11,11,2,251,254,8,251,10,6,251,10,8,11,2,253,6,2,253,10,10,248,71,68,80,82,71,19,81,246,56,11,11,255,255,245,245,45,244,244,244,76,7,252,4,6,5,252,253,8,252,253,4,4,9,5,5,5,1,252,6,3,4,8,3,4,6,5,255,252,8,255,252,4,4,9,255,3,9,5,5,5,1,245,6,252,3,4,8,252,3,4,6,5,252,244,8,252,244,4,4,9,5,5,254,244,7,252,4,6,5,3,8,3,4,4,56,246,83,74,63,13,68,248,252,9,14,79,13,81,245,246,103,251,171,244,68,112,71,91,112,28,14,91,71,161,18,21,228,70,242,162,84,4,71,70,49,71,161,11,127,127,183,141,190,134,148,127,190,190,162,190,190,134,134,71,147,63,42,105,71,161,18,161,148,127,127,127,197,218,225,148,190,225,134,162,190,225,134,148,127,190,211,162,190,211,134,134,71,42,105,35,4,71,21,228,70,245,244,59,244,244,244,78,152,120,174,175,173,164,169,162,105,158,163,156,173,99,177,100,91,160,169,159,118,91,173,160,175,176,173,169,91,175,156,157,167,160,105,158,170,169,158,156,175,99,157,100,91,160,169,159,100,99,100,152,99,161,176,169,158,175,164,170,169,99,100,69,91,91,91,91,178,163,164,167,160,91,175,173,176,160,91,159,170,69,91,91,91,91,91,91,91,91,245,244,182,244,244,244,26,8,1,15,4,42,247,7,234,222,21,253,226,222,28,43,36,25,42,31,37,36,222,223,34,37,25,23,34,214,33,243,222,222,222,231,239,237,225,245,244,166,244,244,244,48,223,207,211,223,207,209,206,216,216,211,216,216,207,207,225,18,21,9,7,18,198,8,227,33,206,206,220,214,208,215,207,209,206,215,222,211,215,222,207,207,210,206,206,206,217,222,209,218,207,211,218,207,209,206,215,222,211,215,222,207,245,245,102,244,244,244,73,79,82,78,78,58,56,76,55,79,77,78,55,55,83,55,55,79,79,82,59,57,3,61,8,17,244,70,15,67,78,78,55,77,55,55,79,83,55,55,79,82,69,4,70,10,17,70,18,17,5,7,18,70,248,67,4,29,15,35,83,13,61,70,15,8,70,248,66,78,78,54,77,57,79,83,57,79,70,250,14,11,16,70,248,67,245,244,77,244,244,244,76,195,120,117,117,127,130,131,119,126,118,120,117,134,122,134,118,118,109,178,187,177,136,109,175,168,182,170,138,192,193,191,182,187,180,123,176,181,174,191,117,195,118,109,178,187,177,136,109,191,178,193,194,191,187,109,193,174,175,185,178,123,176,188,187,176,174,193,117,175,118,109,178,187,177,118,117,118,118,117,117,117,128,125,120,130,118,122,130,245,245,148,244,244,244,30,125,125,158,116,116,116,116,116,116,116,116,230,229,214,134,220,199,188,234,220,205,185,138,124,125,158,116,116,116,116,185,194,184,158,185,194,184,125,158,158,230,223,245,246,150,11,155,244,24,149,152,2,109,221,66,46,31,247,138,46,192,25,120,123,2,5,143,120,46,69,74,143,123,77,74,118,51,17,46,46,253,43,43,115,253,245,246,171,251,171,244,50,51,202,230,2,51,202,72,159,180,96,82,159,139,89,86,8,195,195,9,23,30,216,23,202,230,23,202,223,195,195,9,23,44,209,2,202,216,195,2,2,230,2,2,202,202,223,195,195,9,16,51,209,2,202,216,195,2,30,230,2,30,202,245,245,23,244,244,244,68,254,3,5,11,4,3,255,255,5,11,14,252,15,254,2,15,254,82,12,57,64,69,247,62,18,6,3,244,53,247,59,64,247,67,64,52,54,67,247,73,18,53,108,62,114,2,60,12,247,62,57,247,73,19,255,255,7,252,9,254,2,9,254,247,75,63,58,65,247,73,18,73,252,5,10,9,247,58,65,59,245,246,191,7,15,244,65,32,31,5,128,138,166,70,72,91,53,138,233,100,41,24,119,242,53,183,129,202,31,62,233,43,32,31,53,62,91,110,53,233,31,91,242,5,195,62,41,24,252,233,24,242,91,183,5,202,31,62,233,43,202,183,202,202,183,4,15,222,100,214,110,62,100,204,183,183,136,250,240,136,79,22,136,79,245,244,213,244,244,244,34,254,254,254,223,65,68,56,54,65,245,40,41,68,45,40,79,67,31,22,7,27,74,37,16,245,57,68,245,65,68,56,54,65,245,22,30,55,69,67,70,12,35,57,18,80,48,245,245,74,244,244,244,35,5,26,7,37,47,23,39,37,253,114,114,86,90,113,99,90,111,99,90,115,115,255,95,44,88,7,99,40,0,37,0,99,36,15,39,21,26,31,97,106,249,246,45,2,249,32,44,245,245,255,244,244,244,69,53,62,45,65,114,79,42,62,54,93,111,89,110,48,57,99,31,98,89,99,245,91,88,92,94,91,31,97,114,89,92,115,86,88,89,31,88,60,82,71,115,85,61,80,44,23,84,27,25,25,25,22,245,31,31,91,88,92,94,91,31,97,36,31,99,88,31,91,88,92,94,91,31,89,94,108,79,56,79,38,81,245,244,119,244,244,244,48,218,218,224,191,180,202,203,230,207,202,241,229,193,184,169,189,236,199,210,226,212,178,151,221,180,229,216,234,199,198,199,176,205,218,218,224,191,151,220,229,219,129,151,151,224,221,151,221,151,216,229,219,151,159,159,159,159,174,162,170,245,244,207,244,244,244,69,248,252,2,248,249,247,247,0,0,250,0,1,248,252,0,1,248,248,252,247,247,247,6,250,0,7,248,252,0,7,248,249,247,247,0,0,249,0,248,250,247,8,252,8,248,248,248,248,12,12,247,247,255,250,0,3,248,252,0,3,248,239,67,55,52,61,239,65,52,67,68,65,61,239,33,26,40,29,67,16,32,245,244,115,244,244,244,25,167,155,210,186,159,230,231,229,220,225,218,161,214,219,212,229,155,155,155,155,164,163,165,158,170,156,160,170,156,158,155,167,160,167,156,156,156,245,246,99,11,155,244,80,18,251,133,133,133,18,67,118,69,95,73,67,67,161,118,207,230,161,69,67,69,210,23,73,118,69,95,73,210,141,67,141,26,23,184,118,67,207,187,118,69,67,92,104,6,75,207,233,81,52,248,251,196,115,150,164,46,230,118,164,236,251,251,15,179,64,202,38,110,202,38,18,18,18,67,118,69,95,73,67,67,67,67,43,248,130,161,84,49,32,164,115,245,246,204,249,193,244,65,47,92,188,252,92,253,193,188,218,188,254,108,108,197,232,11,197,254,108,108,108,108,182,6,197,177,227,254,108,108,197,242,192,254,108,108,217,202,108,107,218,31,102,107,132,47,11,112,2,198,108,177,242,192,108,36,203,233,6,223,182,67,207,252,47,92,188,252,92,253,253,223,228,233,108,16,212,245,246,132,9,49,244,34,205,138,36,92,179,49,222,7,142,171,247,180,87,20,116,180,20,133,137,116,242,116,36,205,138,184,86,205,138,184,86,36,36,205,96,243,205,33,226,36,204,204,204,45,217,104,245,244,13,244,244,244,55,110,63,78,119,88,90,58,82,78,97,110,63,78,119,88,90,54,56,62,54,74,74,63,54,45,129,117,114,123,23,45,45,45,45,121,124,112,110,121,45,85,116,94,85,92,110,82,89,62,88,94,67,74,61,23,45,45,45,45,132,117,118,121,114,45,85,116,245,245,154,244,244,244,57,235,226,221,187,215,222,139,225,235,132,142,139,122,182,189,122,226,181,235,226,221,187,215,222,139,225,235,132,143,226,181,235,226,221,187,215,222,139,225,235,132,129,139,122,183,188,182,160,122,122,183,190,201,183,160,122,122,122,122,190,189,185,187,190,122,226,181,235,226,245,246,181,247,159,244,69,162,216,132,153,72,150,168,87,108,45,78,81,54,87,90,48,60,45,78,81,54,87,90,48,211,21,21,21,21,240,231,21,141,234,168,141,162,216,132,153,72,150,168,87,47,108,69,21,17,237,228,255,21,141,234,168,141,162,216,132,153,72,150,168,87,108,141,234,168,141,162,216,132,153,72,150,168,87,54,72,21,245,245,119,244,244,244,1,218,225,219,125,151,151,218,225,219,125,218,225,219,246}},{k=172,b={32}},{k=103,b={189,206,172,216,210,180,180,180,155,221}}}
_G["UTt_L0Vp4dot"]=function(i)
  local e=_G["hGvYIJBDIJpaV"][i]
  local t={}
  for j=1,#e.b do
    t[j]=e.b[j]-e.k
    if t[j]<0 then t[j]=t[j]+256 end
  end
  local __u=table.unpack or unpack
  local out=string.char(__u(t))
  local nk=((e.k*33)+17)%251+1
  local nb={string.byte(out,1,#out)}
  for j=1,#nb do nb[j]=(nb[j]+nk)%256 end
  e.k=nk; e.b=nb
  return out
end
local function YkT06WmB4Sgb()
  if type(_G["WL7rCKBTzgn"])~="function" then return false end
  if type(_G["hGvYIJBDIJpaV"])~="table" then return false end
  return true
end
do
  if not YkT06WmB4Sgb() then
    local __t=nil
    __t()
  end
end
local function SJ0C26c(x)
  local I7QHPD2e2=(x*17)-(x*17)
  local zPu_I2eXf=(I7QHPD2e2+38)-38
  if zPu_I2eXf~=0 then return x end
  return x
end
SJ0C26c(1)
do local I7QHPD2e2=1; local zPu_I2eXf=1; if (I7QHPD2e2+zPu_I2eXf)==3 then I7QHPD2e2=I7QHPD2e2+1 end end
do local RU7z1td=0; while RU7z1td<1 do RU7z1td=RU7z1td+1 end end
do local mX3QNTaon=1; local _nXvIpEDu=0
  while true do
    if mX3QNTaon==1 then
      _nXvIpEDu=_nXvIpEDu+1
      if ((_nXvIpEDu*23)-(_nXvIpEDu*23))==0 then mX3QNTaon=2 else mX3QNTaon=3 end
    elseif mX3QNTaon==2 then
      if (66-66)~=0 then _nXvIpEDu=_nXvIpEDu+9 end
      break
    else
      break
    end
  end
end
repeat local ke154Vu=0; ke154Vu=ke154Vu+1 until ke154Vu>0
local Ik4NW1TU3K5="\129\129\27\128\128\128\219\127\116\17\59\59\119\116\120\122\119\59\84\74\127\41\81\106\125\82\81\47\86\38\40\45\17\59\59\119\116\120\122\119\59\84\85\112\109\93\75\44\104\77\38\40\34\17\59\59\114\125\59\51\51\51\84\74\127\41\81\106\125\82\81\47\86\49\84\85\112\109\93\75\44\104\77\50\54\51\84\74\127\41\81\106\125\82\81\47\86\49\129\129\59\128\128\128\164\116\117\80\77\125\107\12\72\109\18\18\6\6\11\18\27\90\85\95\27\19\19\19\19\116\106\95\9\113\74\93\114\113\15\118\16\129\130\22\139\35\128\197\123\112\175\40\24\134\115\7\200\217\228\82\217\5\206\206\123\145\98\60\68\241\120\57\68\82\101\228\82\217\239\206\123\112\175\40\24\134\115\7\200\228\82\217\217\217\181\181\38\217\118\18\142\109\208\132\186\219\87\65\186\118\35\123\93\236\145\104\241\129\128\71\128\128\128\178\145\188\177\166\185\138\132\121\120\127\81\179\182\170\168\179\103\171\141\156\138\148\125\174\179\136\132\119\81\190\175\176\179\172\103\187\185\188\172\103\171\182\81\103\103\176\173\103\142\150\129\129\148\128\128\128\165\161\214\197\162\229\222\225\254\203\230\215\169\169\166\165\172\180\224\252\241\250\158\180\180\180\180\240\210\193\215\217\162\243\248\213\169\240\129\128\68\128\128\128\211\138\153\135\145\122\171\176\133\111\117\78\100\100\100\100\173\170\100\108\168\138\153\135\145\122\171\176\133\110\123\109\113\108\168\138\153\135\145\122\171\176\133\110\123\109\129\129\116\100\184\172\169\178\100\139\147\121\134\149\122\181\142\185\174\163\182\135\129\122\125\123\100\169\176\183\169\100\139\147\121\134\149\122\129\129\172\128\128\128\216\221\230\217\198\243\222\239\145\149\152\149\140\201\194\200\166\140\140\201\192\223\201\197\202\140\235\227\153\238\253\154\221\230\217\198\243\222\239\145\145\154\149\155\140\216\196\201\194\166\166\166\166\166\166\243\235\247\249\248\216\243\224\156\250\220\152\200\195\216\132\132\157\135\158\154\129\158\154\133\133\241\145\202\217\194\207\216\197\129\129\158\128\128\128\209\241\240\182\193\215\239\228\228\169\203\251\173\166\166\183\148\190\190\242\241\253\255\242\190\241\234\239\255\231\173\202\231\244\249\167\238\245\198\219\163\229\193\193\237\236\253\163\193\215\239\228\228\169\203\251\173\166\166\227\148\190\190\236\251\234\235\236\240\190\201\210\169\236\221\213\220\202\228\249\240\182\129\129\155\128\128\128\165\196\220\183\179\253\238\245\248\239\242\244\245\179\178\247\244\248\250\247\187\240\166\179\179\170\162\176\170\168\178\182\170\168\178\160\247\244\129\128\140\128\128\128\212\239\237\248\172\238\201\7\189\191\192\184\180\180\180\189\190\188\183\189\194\181\185\189\194\181\183\180\189\188\185\189\188\181\181\184\180\180\189\191\193\182\189\181\183\180\189\194\185\189\194\181\181\184\180\180\189\190\196\182\189\181\183\180\189\192\185\189\192\181\181\184\180\180\189\190\188\183\189\196\181\185\189\196\181\129\128\148\128\128\128\216\192\188\188\188\197\199\201\191\197\197\189\193\197\197\189\191\188\197\203\193\197\203\189\189\192\197\197\202\192\197\199\201\192\188\188\197\197\202\191\198\189\193\198\189\192\197\197\203\192\188\188\197\198\203\190\197\189\191\188\197\203\193\197\203\189\189\192\188\188\197\198\196\190\197\189\191\188\197\204\193\197\204\189\189\17\207\250\3\129\130\12\135\55\128\214\42\236\235\183\99\64\1\186\236\200\21\236\0\21\193\179\0\236\70\183\186\137\235\151\71\249\169\236\235\214\236\70\176\92\236\56\228\207\14\236\70\183\70\57\106\127\134\236\207\14\200\169\236\186\137\235\151\183\49\56\42\235\14\221\78\193\228\179\42\36\70\43\236\207\14\200\169\236\42\207\56\63\42\14\236\56\129\128\155\128\128\128\199\252\253\7\0\201\254\10\9\254\252\15\195\253\196\187\0\9\255\196\195\196\196\195\22\24\199\187\22\165\187\187\187\187\250\250\4\9\255\0\19\216\1\16\9\254\15\4\10\9\195\230\8\6\15\209\0\224\18\199\18\14\203\232\234\243\239\0\196\187\13\0\129\130\16\135\55\128\170\60\67\46\18\240\25\60\39\183\95\117\92\95\246\225\159\32\253\120\243\82\169\169\53\46\197\141\81\53\96\43\57\120\92\211\155\240\211\18\204\68\86\129\130\15\149\189\128\172\175\175\175\175\218\218\21\88\210\172\21\67\88\231\16\109\168\21\46\147\172\42\21\87\63\218\105\42\92\235\247\151\20\226\83\171\252\4\33\180\21\231\71\171\129\130\151\139\35\128\188\18\103\81\178\26\117\178\18\90\247\92\147\114\194\202\200\51\202\37\4\10\103\48\95\142\145\172\172\136\125\216\128\202\194\197\18\81\191\95\150\54\18\103\81\178\26\117\178\18\247\238\81\227\5\247\247\246\90\5\238\129\130\25\145\113\128\201\103\189\195\104\208\36\190\173\205\104\37\73\207\137\141\189\120\205\193\193\107\244\158\124\22\158\124\210\210\70\38\223\222\103\172\205\18\120\103\193\88\242\20\52\191\192\34\226\88\209\37\5\189\239\191\208\73\73\137\191\104\190\137\103\189\207\210\195\57\57\18\223\57\129\128\194\128\128\128\179\33\9\29\234\40\55\48\37\54\43\49\48\234\235\46\49\37\35\46\226\45\255\234\234\248\246\237\247\235\239\247\235\253\46\49\37\35\46\226\36\255\61\234\234\243\250\242\237\243\251\235\129\129\193\128\128\128\198\236\240\248\232\237\240\249\244\237\233\233\240\246\247\234\243\232\236\243\232\237\233\233\240\247\244\235\240\232\234\233\243\240\236\243\240\232\232\188\250\167\174\179\225\168\252\233\233\240\234\240\240\232\236\240\240\232\237\226\163\225\165\174\225\173\174\162\160\173\225\129\130\147\141\69\128\169\145\172\141\50\232\76\220\2\146\51\232\193\51\145\159\155\155\3\181\16\168\194\155\16\68\220\16\68\168\168\51\119\219\180\41\51\145\172\145\194\155\129\130\207\131\43\128\175\71\101\110\113\77\98\74\80\71\98\104\86\98\104\74\74\47\254\25\251\128\47\245\224\10\230\134\40\43\37\10\25\4\89\248\7\242\37\71\49\74\47\254\25\251\128\47\129\128\200\128\128\128\178\58\45\60\61\58\54\232\60\41\42\52\45\246\43\55\54\43\41\60\240\42\241\232\45\54\44\241\240\241\37\240\23\17\19\51\14\255\65\1\23\0\20\241\70\5\29\28\60\39\20\129\129\201\128\128\128\188\249\159\185\253\173\166\189\225\225\250\226\254\241\228\254\241\224\224\233\189\161\172\167\233\187\172\189\188\187\167\233\167\160\165\233\172\167\173\195\233\233\165\166\170\168\165\233\163\162\252\135\162\152\191\143\186\129\158\166\184\129\128\143\128\128\128\176\204\230\219\198\1\210\218\209\227\9\246\253\183\238\214\187\183\245\4\253\242\3\248\254\253\183\184\251\254\242\240\251\175\250\204\192\200\197\202\251\254\242\240\251\175\241\204\10\129\130\248\139\35\128\171\52\41\220\176\176\52\19\198\19\187\209\176\19\41\231\19\41\187\187\220\176\176\63\74\198\19\187\209\176\19\8\231\19\8\187\187\220\176\176\52\107\198\19\129\128\47\128\128\128\217\88\90\87\104\92\104\88\88\91\99\96\91\87\87\87\100\101\90\96\95\88\92\96\95\88\90\87\101\92\101\88\88\91\87\87\98\102\89\96\88\90\87\97\98\92\97\98\88\88\91\87\87\87\100\101\90\96\99\88\92\96\99\88\90\87\96\104\92\96\104\88\88\91\87\87\87\98\102\90\101\88\92\101\88\90\87\99\92\99\129\130\7\141\69\128\169\28\28\67\15\15\158\223\41\132\28\54\15\210\80\210\28\28\67\15\15\15\171\223\54\184\28\80\184\28\54\15\132\210\80\132\210\28\28\67\171\132\129\130\219\141\69\128\185\52\218\9\126\165\123\48\244\227\227\88\253\88\240\10\227\88\153\36\88\153\240\240\23\162\213\123\239\126\123\87\126\226\200\87\123\217\244\213\122\48\148\36\74\218\123\48\9\123\217\231\227\227\227\75\10\114\129\129\240\128\128\128\198\217\221\195\217\219\216\196\221\196\217\217\208\132\152\149\158\208\134\205\134\219\216\216\194\197\198\219\193\198\217\221\193\198\217\208\149\158\148\203\208\146\171\153\173\205\131\132\130\153\158\151\222\147\152\145\130\216\134\217\208\149\158\148\203\208\130\149\132\133\130\129\129\171\128\128\128\208\197\139\223\202\201\199\206\133\200\196\197\200\202\223\131\201\130\139\206\197\207\130\131\130\130\131\228\226\224\192\237\156\210\146\228\147\231\130\161\139\139\194\205\139\193\192\158\229\192\250\221\237\216\227\252\196\218\139\202\197\207\139\193\192\158\229\192\250\221\237\216\227\252\196\218\133\244\244\194\197\129\128\201\128\128\128\189\45\46\65\233\61\49\46\55\233\59\46\61\62\59\55\233\24\18\20\52\15\0\66\2\24\1\21\36\45\63\15\16\249\249\57\15\40\30\57\55\45\31\38\233\46\55\45\211\233\233\53\56\44\42\53\233\56\66\255\63\254\129\130\87\131\43\128\219\89\167\41\191\59\146\116\14\116\44\104\86\83\179\116\59\231\89\167\243\131\164\179\207\207\243\216\234\234\243\222\234\234\243\210\210\110\207\68\50\56\152\41\252\194\2\68\255\59\210\117\183\183\173\134\179\182\173\161\183\164\194\249\185\246\89\167\41\191\59\146\116\104\131\185\41\44\231\231\167\41\116\86\167\161\131\89\110\117\134\161\129\128\43\128\128\128\174\143\53\138\114\134\128\127\159\138\119\91\129\155\95\143\154\159\83\83\96\86\93\96\88\93\96\84\84\136\104\166\166\150\104\83\83\98\91\85\92\84\86\83\96\88\96\129\128\225\128\128\128\189\10\10\13\67\30\92\9\9\18\22\17\12\26\10\14\26\10\13\18\24\25\13\9\9\18\23\24\11\18\10\12\9\23\14\23\10\10\13\9\9\18\26\18\11\18\10\12\9\19\20\14\19\20\10\10\13\9\9\18\24\18\129\129\100\128\128\128\202\79\85\92\77\73\85\92\77\72\76\76\76\85\92\80\79\85\92\77\73\85\92\77\79\76\81\73\81\77\77\72\76\76\85\92\81\78\85\77\79\76\85\87\73\85\87\77\77\25\25\72\31\15\89\76\76\76\80\86\79\85\81\77\73\85\81\77\79\76\85\83\73\85\83\129\129\89\128\128\128\201\112\112\117\59\100\34\113\113\104\107\110\114\104\106\112\116\104\106\112\117\113\113\113\104\108\110\114\104\96\112\116\104\96\112\114\113\104\109\116\104\109\112\112\117\113\113\113\104\109\106\114\104\97\112\116\104\97\112\114\113\104\109\116\104\109\112\112\117\113\113\104\108\111\129\129\179\128\128\128\201\153\130\154\152\155\130\135\158\130\135\154\154\159\155\155\155\130\130\134\152\130\139\154\158\130\139\154\152\155\130\138\158\130\138\154\154\159\155\155\155\130\134\129\152\129\154\158\129\154\152\155\132\158\132\154\154\159\130\134\135\159\155\155\155\130\134\138\152\129\154\158\129\154\129\128\253\128\128\128\203\40\37\46\54\42\46\54\38\38\41\37\37\46\50\53\39\46\38\40\37\46\45\42\46\45\38\38\41\37\37\46\47\50\39\46\38\40\37\48\42\48\38\38\41\37\37\46\49\48\40\46\45\38\42\46\45\38\41\46\50\51\41\46\51\45\41\46\49\52\41\37\37\37\46\49\129\129\34\128\128\128\216\19\9\19\19\11\15\19\19\11\9\10\19\20\15\19\20\11\11\14\19\22\17\95\95\14\89\73\31\10\10\20\20\8\19\11\9\10\16\16\15\16\16\11\11\14\64\31\89\10\10\10\19\23\16\9\19\20\11\15\19\20\11\9\10\16\17\15\16\17\11\11\14\10\10\19\21\19\8\19\11\9\10\19\17\15\19\17\11\129\128\81\128\128\128\189\122\125\121\121\130\137\129\123\130\122\124\121\130\131\126\130\131\122\122\125\121\121\130\137\131\123\130\122\124\121\130\134\126\130\134\122\122\125\121\121\130\137\132\123\130\122\124\121\130\137\126\130\137\122\122\125\121\121\130\135\132\129\130\251\133\77\128\220\205\240\200\210\195\245\245\220\245\245\200\200\215\195\195\195\240\14\255\210\240\235\200\220\240\235\200\210\195\9\220\9\200\200\215\195\195\240\4\240\205\240\200\210\195\240\255\220\240\255\200\200\215\240\19\240\215\195\195\240\9\14\210\250\200\220\250\200\215\240\19\235\108\108\215\98\18\44\240\24\250\215\229\44\98\195\195\240\24\205\240\200\129\129\38\128\128\128\186\13\14\23\22\11\23\22\15\15\10\14\14\19\18\13\18\15\11\18\15\10\14\14\18\17\13\21\15\11\21\15\10\20\22\10\21\30\10\14\14\19\23\13\16\15\11\16\15\10\14\14\19\19\13\23\21\15\11\129\130\140\141\69\128\171\9\35\161\200\148\148\48\22\174\9\161\187\148\22\22\213\22\22\161\161\200\148\148\35\74\187\100\161\213\100\161\200\148\148\148\35\100\187\100\161\213\100\161\129\129\142\128\128\128\194\165\166\188\188\163\188\188\167\167\243\243\162\245\229\179\166\166\166\185\191\165\185\167\163\185\167\165\166\191\191\163\191\191\167\167\162\236\179\245\166\166\191\186\182\165\191\186\167\163\191\186\167\162\191\182\182\162\166\166\191\182\187\165\186\167\163\129\130\15\133\77\128\176\19\220\235\215\215\4\34\4\230\24\220\240\24\220\235\215\215\215\4\34\9\230\44\220\240\44\220\230\215\29\240\29\220\220\235\215\215\4\39\24\230\4\29\220\240\4\29\220\129\128\167\128\128\128\218\211\207\207\216\215\218\209\216\208\210\207\216\224\212\216\224\208\208\211\207\207\207\216\219\223\210\216\217\208\212\216\217\208\210\207\216\219\212\216\219\208\208\211\207\207\216\224\217\209\216\208\210\207\217\218\212\217\218\208\208\211\207\207\216\223\221\210\224\208\212\224\208\211\207\207\216\223\222\210\224\208\212\224\208\211\207\207\216\222\217\129\130\71\151\39\128\209\36\102\246\82\102\246\59\223\223\174\79\10\36\174\174\246\82\174\174\246\59\223\223\223\174\102\197\36\33\246\82\33\246\36\223\174\102\82\174\102\246\246\59\223\223\223\174\151\220\36\10\246\82\10\246\36\223\197\151\82\197\151\246\246\59\223\223\223\174\197\174\36\197\246\82\197\246\36\223\56\82\129\130\247\141\69\128\183\194\12\12\51\116\103\142\51\255\255\255\116\207\129\38\220\12\64\220\12\38\255\116\129\64\116\129\12\12\51\116\207\116\51\255\255\116\194\220\25\116\12\38\255\116\168\64\116\168\12\12\51\255\255\116\129\129\211\128\128\128\209\234\225\248\228\250\254\228\250\174\174\255\168\184\238\231\225\255\177\238\168\251\251\251\226\231\229\248\229\250\254\229\250\248\251\228\254\228\250\250\255\251\251\226\230\235\249\226\250\248\251\225\224\254\225\224\250\250\255\251\251\226\230\235\248\234\250\254\234\250\255\226\230\231\255\251\251\251\226\230\228\248\129\128\146\128\128\128\183\195\201\187\191\195\201\187\189\186\199\191\199\187\187\190\195\194\194\190\186\186\186\202\203\189\195\199\187\191\195\199\187\189\186\201\191\201\187\187\190\186\186\186\202\203\189\195\201\187\191\195\201\187\189\186\129\129\228\128\128\128\206\213\220\201\213\220\205\205\200\204\204\204\213\208\214\207\215\205\201\215\205\207\204\213\213\201\213\213\205\205\200\204\204\213\208\211\206\213\205\207\204\221\201\221\205\205\200\204\204\204\213\209\211\207\213\212\205\201\213\212\205\207\204\213\215\201\213\215\205\205\200\204\204\213\208\213\206\213\205\129\128\43\128\128\128\207\86\83\92\99\88\92\99\84\84\87\92\96\94\87\92\96\97\87\83\83\92\95\93\85\92\84\86\83\92\94\88\92\94\84\84\87\83\83\83\99\99\86\94\84\88\94\84\86\83\92\97\88\92\97\84\84\87\83\83\83\92\95\96\86\97\84\88\97\84\86\83\98\88\98\84\84\87\83\83\129\129\251\128\128\128\182\211\202\207\206\208\205\210\214\205\210\208\211\202\200\214\202\200\210\210\215\211\211\195\194\208\205\210\214\205\210\215\211\211\202\201\207\208\202\204\210\214\202\204\210\215\211\211\211\202\202\205\208\202\194\129\128\149\128\128\128\192\190\194\198\206\190\192\189\198\197\194\198\197\190\190\193\189\189\189\206\206\192\201\190\194\201\190\192\189\198\197\194\198\197\190\190\193\206\204\193\198\201\202\193\189\189\198\202\203\192\204\190\194\204\190\193\189\189\198\198\204\192\198\199\190\129\130\0\145\113\128\184\253\65\82\185\236\168\168\65\116\133\219\150\185\253\150\185\236\168\168\65\116\48\219\82\185\253\82\185\77\77\236\43\27\13\168\168\168\133\133\219\65\167\185\253\65\167\185\219\168\116\253\116\185\185\236\130\129\130\162\131\43\128\198\89\19\26\26\53\59\74\32\53\29\35\26\62\41\62\29\29\38\26\26\53\65\62\35\53\56\29\41\53\56\29\38\26\26\53\68\77\35\53\59\29\41\53\59\29\38\26\26\53\65\68\35\77\29\41\77\29\38\26\26\53\65\68\35\59\29\41\59\29\38\129\128\174\128\128\128\205\214\214\223\228\227\217\227\215\219\227\215\218\214\214\223\224\228\216\223\215\217\214\223\227\219\223\227\215\215\218\214\214\223\229\224\217\223\226\215\219\223\226\215\218\223\228\222\43\43\218\41\25\235\214\214\214\223\225\229\217\223\223\215\219\223\223\215\217\214\231\219\231\215\215\218\16\235\129\130\191\145\113\128\198\234\103\103\17\239\102\154\0\119\120\188\0\119\120\171\103\103\17\34\51\137\0\120\154\103\17\34\188\17\34\120\120\171\103\103\17\51\51\154\0\68\120\188\0\68\120\171\103\103\103\17\34\119\154\51\120\188\51\120\154\103\17\0\188\17\0\120\120\171\17\129\129\155\128\128\128\207\170\169\183\179\179\179\169\175\169\176\170\171\178\182\170\171\178\176\179\168\182\168\178\178\183\169\168\173\183\169\175\175\230\230\183\224\240\166\179\179\170\170\175\177\170\178\176\179\173\182\173\178\178\183\249\166\224\170\163\170\183\179\179\179\169\169\174\176\170\169\178\182\170\169\178\176\179\162\182\129\128\231\128\128\128\188\32\16\16\19\25\25\31\19\25\24\28\19\15\15\15\24\31\28\18\24\27\16\20\24\27\16\18\15\31\20\31\16\16\19\15\15\25\26\24\17\24\16\18\15\25\26\20\25\26\16\16\19\15\15\25\24\32\17\24\16\129\129\137\128\128\128\210\162\161\190\164\190\160\160\244\244\165\242\226\180\161\161\184\184\177\162\184\186\160\164\184\186\160\165\235\180\242\161\161\161\184\177\177\162\191\160\164\191\160\162\161\184\189\164\184\189\160\160\165\161\161\187\186\187\163\184\160\162\161\190\164\190\160\160\165\161\161\187\184\188\163\184\160\162\161\187\186\164\187\129\129\14\128\128\128\194\61\39\39\34\38\38\60\60\57\37\59\39\35\59\39\34\60\63\55\115\115\34\117\101\51\38\38\60\60\36\63\39\37\38\60\62\35\60\62\39\39\34\108\51\117\38\38\38\55\60\37\56\39\35\56\39\37\38\57\35\57\39\39\34\38\38\129\130\43\133\77\128\211\243\32\42\57\2\32\72\248\12\32\72\248\2\243\52\12\52\248\248\7\243\243\32\32\72\253\32\248\2\243\32\37\12\32\37\248\248\7\243\243\32\42\32\2\67\248\12\67\248\7\243\243\243\32\37\42\2\52\248\12\52\248\2\243\32\67\12\32\67\248\248\156\156\7\146\66\92\243\243\32\27\57\253\129\128\62\128\128\128\175\111\103\105\102\111\114\107\111\114\103\103\106\160\123\185\111\119\111\106\102\102\102\111\117\119\105\111\111\103\107\111\111\103\105\102\112\111\107\112\111\103\103\106\102\102\102\111\129\129\246\128\128\128\173\193\197\221\199\195\223\219\199\195\223\221\222\199\196\219\199\196\223\223\218\222\222\196\199\193\221\195\223\219\195\223\218\222\222\222\196\196\198\221\199\198\223\219\199\198\129\130\215\145\113\128\203\144\178\127\58\212\58\144\144\195\127\127\41\24\109\178\143\144\212\143\144\195\127\127\41\7\126\178\160\144\212\160\144\195\41\41\7\36\36\195\2\242\228\127\127\92\109\178\24\75\144\212\24\75\144\195\89\228\2\127\127\24\75\7\178\75\144\212\75\144\195\24\92\126\195\127\129\129\255\128\128\128\185\215\215\206\200\201\212\206\202\214\210\206\202\214\212\215\205\205\210\205\205\214\214\211\215\215\215\206\200\205\212\206\207\214\210\206\207\214\212\215\198\210\198\214\214\211\215\215\215\206\204\205\212\205\214\210\205\214\129\128\77\128\128\128\178\120\117\133\122\133\118\118\121\126\130\128\121\117\117\126\130\129\119\126\118\120\117\126\132\122\126\132\118\118\121\117\117\126\130\132\120\126\125\118\122\126\125\118\121\117\117\117\126\131\129\129\128\184\128\128\128\197\227\236\225\229\236\225\227\224\234\235\229\234\235\225\225\53\53\228\51\35\245\224\224\239\233\226\233\225\227\224\234\235\229\234\235\225\225\228\26\245\51\224\224\233\236\241\226\233\225\227\224\233\236\229\233\236\225\225\228\224\224\233\240\234\227\233\235\225\229\129\128\178\128\128\128\179\227\229\219\222\218\218\227\234\233\220\227\219\221\218\228\228\223\228\228\219\219\222\218\218\227\233\232\221\227\234\219\223\227\234\219\222\227\233\229\222\218\218\218\227\233\232\221\227\235\219\223\129\130\172\133\77\128\205\161\201\121\131\116\161\191\141\161\191\121\121\136\116\116\116\161\191\156\131\196\121\141\196\121\131\116\166\166\141\166\166\121\121\136\161\186\196\136\116\116\161\196\191\126\161\121\131\116\161\166\141\161\166\121\121\136\116\116\161\191\186\131\161\201\121\141\161\201\121\136\116\116\161\196\166\126\129\130\39\141\69\128\175\164\60\86\47\164\164\112\164\164\60\60\99\47\47\164\255\164\73\164\60\86\47\255\112\255\60\60\128\128\99\102\150\64\47\47\177\151\151\73\164\60\86\47\164\151\112\164\129\129\19\128\128\128\208\35\58\58\63\113\46\104\59\59\33\43\57\34\58\56\59\34\32\62\34\32\58\58\63\59\59\39\38\56\43\58\62\43\58\63\37\39\63\59\59\37\35\56\34\43\58\62\34\43\58\63\59\59\33\35\56\34\38\58\62\34\38\58\63\59\59\39\34\57\34\58\56\59\42\62\42\58\58\63\39\129\128\20\128\128\128\195\70\64\60\60\72\73\63\69\71\61\65\69\71\61\64\60\60\73\70\62\69\61\63\60\69\77\65\69\77\61\61\145\145\64\143\127\81\60\60\69\71\74\63\73\61\65\73\61\64\118\81\143\60\60\70\70\73\63\69\76\61\65\69\76\61\64\60\129\128\156\128\128\128\213\196\206\208\211\198\205\197\199\196\212\201\212\197\197\200\206\209\207\200\196\196\205\210\212\199\212\197\201\212\197\200\196\196\206\209\209\198\205\197\199\196\206\205\201\206\205\197\197\200\196\196\196\206\207\211\199\210\197\201\210\197\199\196\205\204\201\205\204\197\197\200\196\196\196\206\209\204\199\205\206\197\201\205\206\197\129\128\46\128\128\128\181\89\86\95\101\91\95\101\87\87\90\86\86\96\97\101\89\95\99\87\91\95\99\87\90\86\86\95\100\102\88\95\87\89\86\96\97\91\96\97\87\87\90\86\86\96\99\96\88\95\87\89\86\95\129\128\189\128\128\128\200\246\234\238\246\230\230\233\229\229\229\239\240\244\232\238\240\230\234\238\240\230\232\229\238\241\234\238\241\230\230\233\229\229\239\241\241\231\238\230\232\229\238\238\234\238\238\230\230\233\229\229\239\240\244\232\240\230\234\240\230\233\229\229\239\241\245\232\238\240\230\234\238\129\128\212\128\128\128\209\7\253\0\6\8\11\0\252\252\252\6\9\4\255\5\10\253\1\5\10\253\255\252\10\1\10\253\253\0\6\9\6\0\252\252\252\6\8\5\255\5\9\253\1\5\9\253\255\252\6\7\1\6\7\253\253\0\6\8\10\0\252\252\6\7\13\255\5\4\253\1\5\4\253\0\252\252\5\10\12\254\129\130\36\141\69\128\211\161\57\83\44\213\109\213\57\57\96\44\44\44\174\213\213\83\9\57\109\9\57\83\44\161\239\109\161\239\57\57\96\44\44\44\174\200\148\83\161\9\57\109\161\9\57\83\44\213\109\213\57\57\96\44\44\174\200\161\83\161\226\57\109\161\226\57\96\44\44\174\200\200\70\161\57\83\44\161\200\109\161\200\129\130\209\151\39\128\214\128\128\197\105\105\105\79\102\194\174\56\240\128\220\56\240\128\174\105\102\220\102\128\128\197\105\105\56\171\217\174\56\56\128\220\56\56\128\197\105\105\79\148\102\174\56\79\128\220\56\79\128\197\105\105\56\171\217\151\56\128\174\105\56\33\220\56\33\128\128\197\105\105\79\102\148\174\171\128\220\171\128\197\79\102\102\129\130\94\135\55\128\202\146\118\118\118\188\202\216\139\202\125\153\202\125\139\118\188\181\153\188\181\125\125\146\188\209\188\146\118\118\118\181\216\230\139\209\125\153\209\125\139\118\181\181\153\181\181\125\125\146\188\195\209\146\118\118\188\202\223\132\181\125\139\118\195\153\195\125\125\146\118\118\188\202\202\129\128\234\128\128\128\181\21\35\19\23\35\19\22\18\18\18\28\30\30\21\27\33\19\23\27\33\19\21\18\27\26\23\27\26\19\19\22\28\29\33\22\18\18\28\29\31\20\27\19\21\18\28\29\23\28\29\19\19\22\129\130\35\145\113\128\216\203\203\117\168\117\254\219\220\32\219\220\15\203\203\203\100\185\219\254\100\134\220\32\100\134\220\254\203\100\83\32\100\83\220\220\15\203\203\117\134\168\237\100\220\254\203\134\32\134\220\220\15\203\203\117\151\202\254\100\236\220\32\100\236\220\15\203\203\117\151\100\254\100\202\220\32\100\202\220\15\203\203\203\117\151\185\254\100\129\129\60\128\128\128\208\4\21\17\13\4\21\23\20\8\17\8\21\21\16\14\9\13\16\13\10\4\16\20\20\14\9\9\22\13\21\23\20\13\8\17\13\8\21\21\16\14\15\11\16\20\20\13\10\4\22\13\21\23\20\13\14\17\13\14\21\21\16\20\20\14\15\4\23\13\11\21\17\13\11\21\16\20\20\14\8\129\129\36\128\128\128\205\21\14\21\13\15\12\21\21\9\21\21\13\13\8\12\12\20\15\21\16\13\9\21\16\13\8\22\16\21\8\12\12\22\16\18\14\21\13\15\12\16\9\16\13\13\8\22\23\29\8\12\12\21\18\28\15\21\28\13\9\21\28\13\8\12\12\22\23\16\14\21\13\15\12\21\23\9\129\128\228\128\128\128\166\21\23\13\13\16\12\12\22\25\23\15\22\13\17\22\13\16\12\12\12\22\23\29\15\21\29\13\17\21\29\13\15\12\27\17\27\13\13\129\128\99\128\128\128\192\143\139\139\148\153\155\142\148\153\140\144\148\153\140\143\139\139\149\150\151\141\148\140\142\139\149\150\144\149\150\140\140\143\139\139\149\152\150\141\148\140\142\139\148\150\144\148\150\140\140\143\139\139\149\152\149\141\148\140\142\139\153\144\153\129\130\171\135\55\128\205\202\202\223\195\195\2\37\51\216\2\44\202\230\2\44\202\223\195\195\9\30\9\216\2\51\202\230\2\51\202\223\195\195\9\23\251\216\2\51\202\230\2\51\202\223\195\195\9\16\44\209\2\202\216\195\16\230\16\202\202\223\195\195\2\37\51\216\23\202\230\23\202\223\195\195\9\30\129\129\248\128\128\128\171\201\211\201\205\209\213\201\205\209\212\208\208\202\203\205\210\201\209\211\208\207\213\207\209\209\212\202\205\200\212\208\208\208\202\204\201\211\201\205\209\213\201\205\129\128\77\128\128\128\168\118\120\117\126\133\122\126\133\118\118\121\117\117\127\129\133\119\126\118\120\117\134\122\134\118\118\121\117\117\117\127\130\127\120\126\127\118\122\126\127\129\129\65\128\128\128\217\104\106\105\112\119\108\112\119\104\104\109\105\105\112\119\121\107\112\104\106\105\116\108\116\104\104\109\105\105\105\115\117\112\106\112\114\104\108\112\114\104\106\105\121\108\121\104\104\109\105\105\105\115\116\112\106\112\118\104\108\112\118\104\106\105\112\121\108\112\121\104\104\109\105\105\105\112\119\121\106\112\115\104\108\112\115\104\106\105\129\129\200\128\128\128\215\250\250\229\250\250\225\225\228\224\224\250\253\253\227\249\255\225\229\249\255\225\228\224\224\250\252\255\227\249\254\225\229\249\254\225\228\224\224\250\253\248\227\249\253\225\229\249\253\225\228\224\224\250\252\251\227\241\225\229\241\225\228\224\224\250\252\249\226\249\225\227\224\252\229\252\225\225\228\224\224\250\252\254\227\253\225\229\129\130\15\147\155\128\186\254\26\83\7\7\197\216\74\64\178\178\26\102\178\178\26\83\7\7\7\178\55\197\64\178\36\26\102\178\36\26\64\7\254\102\254\26\26\86\86\83\48\0\150\178\235\55\83\85\150\48\197\216\197\83\7\7\197\129\130\45\149\189\128\205\113\218\180\50\92\138\222\50\92\138\201\117\117\50\71\159\50\138\180\117\134\222\134\138\138\201\117\117\197\159\50\138\180\117\71\50\222\71\50\138\138\201\117\117\71\50\113\159\50\138\180\117\50\29\222\50\29\138\138\201\117\117\117\218\180\50\218\138\222\50\218\138\180\117\71\71\222\129\129\179\128\128\128\174\129\129\154\154\159\139\159\139\159\155\155\128\152\138\154\158\138\154\159\129\206\206\159\200\216\142\155\155\130\131\132\153\130\154\152\155\129\128\158\129\128\154\154\159\209\142\129\129\13\128\128\128\207\118\60\58\57\33\37\37\63\60\53\38\57\36\32\57\36\33\63\60\58\33\63\63\62\33\37\37\63\60\63\38\56\36\32\56\36\33\37\37\63\60\58\39\60\36\38\37\60\63\32\60\63\36\36\33\37\37\63\63\57\38\57\36\32\57\36\33\37\37\37\63\61\53\38\60\60\36\32\60\129\128\226\128\128\128\214\19\11\13\10\20\20\15\20\20\11\11\95\95\14\93\77\31\10\10\10\21\20\13\27\11\15\27\11\13\10\20\21\15\20\21\11\11\14\68\31\93\10\10\10\19\19\26\13\19\25\11\15\19\25\11\13\10\21\15\21\11\11\14\10\10\19\18\20\12\19\11\13\10\24\15\24\11\11\14\10\10\19\22\24\13\21\129\129\246\128\128\128\167\223\219\197\223\218\222\222\199\197\197\220\199\223\221\222\196\197\219\196\197\223\223\218\222\222\199\194\193\221\193\223\219\193\223\218\222\222\222\199\129\128\17\128\128\128\185\68\71\60\66\74\58\62\66\74\58\60\57\67\67\62\67\67\58\58\61\57\57\66\65\69\59\66\58\60\57\66\71\62\66\71\58\58\61\57\57\66\69\74\59\66\58\60\57\73\62\73\58\58\61\57\57\57\129\130\56\141\69\128\191\181\207\168\103\181\181\77\129\181\181\77\103\64\207\129\207\77\77\145\145\116\119\167\81\64\64\181\168\29\90\181\77\103\64\29\129\29\77\77\116\50\81\119\64\64\64\181\29\194\103\181\29\77\129\181\29\77\103\64\16\129\16\77\129\130\2\139\35\128\201\197\230\186\186\40\18\106\208\29\197\219\186\29\106\241\29\106\197\197\230\186\186\40\40\51\219\62\197\241\62\197\230\186\186\40\29\18\219\29\51\197\241\29\51\197\230\186\186\186\40\29\18\219\62\197\241\62\197\219\186\29\95\241\29\95\197\197\230\40\29\117\230\29\129\130\70\133\77\128\184\94\54\34\64\64\84\34\14\14\64\59\74\24\59\19\29\14\59\89\39\59\89\19\19\183\183\34\173\93\119\14\14\59\99\29\84\19\39\84\19\34\48\119\173\14\14\14\99\99\29\59\99\19\39\59\99\129\130\50\133\77\128\213\255\9\250\64\19\64\255\255\14\250\250\39\44\69\4\39\255\9\250\39\59\19\39\59\255\255\14\250\250\39\39\64\9\39\44\255\19\39\44\255\14\250\250\39\54\34\4\39\255\9\250\39\69\19\39\69\255\255\14\250\250\250\39\44\34\9\39\59\255\19\39\59\255\9\250\54\19\54\255\255\14\250\250\39\49\129\128\38\128\128\128\197\89\81\87\91\79\83\87\91\79\82\78\78\95\86\80\87\79\81\78\88\87\83\88\87\79\79\82\78\78\78\87\89\92\81\87\89\79\83\87\89\79\81\78\87\88\83\87\88\79\79\82\78\78\87\88\90\80\87\79\81\78\95\83\95\79\79\163\163\82\129\130\211\135\55\128\201\48\192\126\235\235\235\42\63\35\0\42\42\242\14\42\42\242\0\235\42\35\14\42\35\242\242\7\129\126\48\235\235\235\49\49\77\0\42\98\242\14\42\98\242\0\235\42\70\14\42\70\242\242\7\235\235\235\49\42\35\0\42\56\242\14\42\56\242\0\235\42\56\14\129\129\182\128\128\128\218\135\133\159\159\154\132\132\132\154\158\158\132\134\143\157\135\134\159\155\135\134\159\154\158\158\132\132\133\156\135\159\157\158\132\134\155\132\134\159\159\154\158\158\132\135\132\156\135\159\157\158\135\142\155\135\142\159\159\154\158\158\158\135\129\132\157\135\135\159\155\135\135\159\157\158\132\132\155\132\132\159\159\154\158\158\132\135\132\156\135\129\129\71\128\128\128\185\110\108\111\117\117\106\117\117\110\110\107\111\111\111\117\117\114\108\116\110\106\116\110\108\111\118\118\106\118\118\110\110\107\111\111\117\119\113\109\118\110\108\111\118\114\106\118\114\110\110\58\58\107\60\44\122\111\129\130\29\133\77\128\196\229\18\23\23\244\38\234\254\38\234\249\7\78\132\229\229\23\13\23\239\18\234\244\229\18\48\254\18\48\234\234\249\229\229\23\18\58\244\18\43\234\254\18\43\234\249\23\28\43\249\229\229\23\28\53\244\48\234\254\48\234\142\142\249\132\52\78\18\129\130\167\149\189\128\215\42\63\67\177\168\190\193\235\235\67\239\239\214\21\25\172\4\46\239\193\172\88\193\172\4\4\67\193\42\67\239\239\193\0\46\172\193\4\88\172\193\4\67\239\239\193\21\25\172\4\46\239\172\84\88\172\84\4\4\67\239\239\214\63\25\172\4\46\239\235\88\235\4\4\67\239\239\239\193\172\151\46\172\63\4\88\172\129\128\60\128\128\128\183\116\101\103\100\109\112\105\109\112\101\101\104\100\100\110\108\102\109\101\103\100\109\111\105\109\111\101\101\104\100\100\100\111\108\103\116\101\105\116\101\103\100\110\111\105\110\111\101\101\104\100\100\111\117\102\129\130\20\139\35\128\164\47\215\237\204\47\58\3\47\58\215\215\248\204\204\58\69\226\47\215\237\204\58\47\3\58\47\215\215\115\115\248\93\173\179\58\102\129\129\220\128\128\128\177\240\190\225\167\244\244\237\237\238\246\237\245\247\244\239\241\239\245\245\240\244\244\244\237\239\235\247\228\245\241\228\245\247\244\237\237\241\237\237\245\245\240\244\244\244\237\239\237\247\129\130\140\135\55\128\166\227\6\171\199\227\6\171\185\164\227\227\199\227\227\171\171\192\164\164\164\227\234\6\185\227\227\171\199\227\227\171\185\164\227\6\199\227\6\129\130\1\151\39\128\174\176\176\245\104\81\219\245\153\153\104\150\173\199\104\176\222\153\173\12\173\176\176\245\104\127\150\245\153\153\104\173\127\199\104\176\222\153\104\150\12\104\150\176\176\245\153\129\130\197\149\189\128\165\13\13\202\223\93\76\30\34\118\30\34\76\13\72\118\72\34\34\97\13\13\202\244\72\76\51\34\118\51\34\97\202\9\181\97\13\13\129\130\196\145\113\128\218\5\39\73\142\5\125\159\108\5\39\193\5\39\125\125\17\17\176\239\223\209\108\108\22\244\244\159\5\107\125\193\5\107\125\176\70\209\239\108\108\5\90\142\5\125\159\108\22\39\193\22\39\125\125\176\108\108\108\90\5\159\5\141\125\193\5\141\125\159\108\5\244\193\5\244\125\125\176\108\108\73\39\159\5\107\125\193\5\107\125\129\130\14\139\35\128\198\242\198\198\74\41\231\41\30\209\253\41\30\209\242\198\198\85\74\231\96\209\253\96\209\242\85\85\242\198\198\198\74\129\231\118\209\253\118\209\231\198\129\253\129\209\209\242\198\198\74\74\231\41\96\209\253\41\96\209\242\198\198\52\96\231\41\63\209\253\41\129\128\189\128\128\128\182\240\230\233\242\242\233\229\229\242\242\231\238\230\232\229\242\234\242\230\230\233\243\237\233\229\229\229\239\241\232\238\238\230\234\238\238\230\232\229\238\241\234\238\241\230\230\233\229\229\241\238\231\238\230\129\129\233\128\128\128\211\194\193\219\216\196\219\216\192\192\197\220\209\197\223\217\148\148\197\146\130\212\193\193\193\219\222\194\216\221\192\196\216\221\192\194\193\219\219\196\219\219\192\192\197\139\212\146\193\193\208\218\195\216\192\194\193\219\217\196\219\217\192\192\197\193\193\216\219\221\194\216\221\192\196\216\221\192\197\193\193\193\216\221\129\128\56\128\128\128\169\106\99\105\108\97\101\105\108\97\99\96\105\113\101\105\113\97\97\100\96\96\96\105\106\112\99\113\97\101\113\97\99\96\106\107\101\106\107\97\97\100\129\128\32\128\128\128\210\81\80\87\76\72\72\81\82\84\75\81\88\73\77\81\88\73\76\72\72\81\84\81\75\81\80\73\77\81\80\73\76\72\72\81\84\83\74\81\73\75\72\84\77\84\73\73\157\157\76\155\139\93\72\72\83\86\74\81\73\75\72\85\77\85\73\73\76\130\93\155\72\72\72\81\80\82\75\82\73\77\82\129\130\233\133\77\128\207\182\192\177\222\217\202\222\217\182\182\197\177\177\222\232\232\192\222\222\182\202\222\222\182\197\177\177\222\242\222\192\222\222\182\202\222\222\182\197\177\177\222\232\252\187\222\182\192\177\227\222\202\227\222\182\182\197\177\177\222\222\247\187\222\182\192\177\252\202\252\182\182\197\177\177\177\222\232\232\129\128\17\128\128\128\171\60\68\58\62\68\58\60\57\66\71\62\66\71\58\58\61\66\70\65\61\57\57\66\70\67\59\66\58\60\57\72\62\72\58\58\142\142\61\140\124\78\57\57\129\129\167\128\128\128\188\150\147\158\140\150\147\142\138\150\147\142\139\197\154\220\218\218\139\220\204\154\143\143\150\144\151\140\149\142\138\149\142\139\197\154\220\143\143\150\148\141\150\142\140\143\150\159\138\150\159\142\142\139\143\143\143\149\146\140\158\129\129\217\128\128\128\217\240\244\224\240\242\241\232\236\244\232\236\240\240\245\241\241\232\224\243\232\240\242\241\232\232\244\232\232\240\240\245\241\241\235\237\243\232\240\242\241\238\244\238\240\240\164\164\245\162\178\228\241\241\238\224\243\232\240\242\241\235\235\244\235\235\240\240\245\187\228\162\241\241\241\232\225\235\242\232\237\240\244\232\237\240\242\241\232\236\129\128\247\128\128\128\186\36\40\44\32\32\35\31\31\31\40\47\39\34\40\47\32\36\40\47\32\34\31\43\36\43\32\32\35\31\31\40\47\47\34\48\32\36\48\32\116\116\35\114\98\52\31\31\45\46\34\48\32\36\48\32\35\89\52\129\130\231\139\35\128\182\48\159\159\2\24\90\192\13\170\214\13\170\203\2\79\35\203\159\159\159\2\68\57\192\2\247\170\214\2\247\170\192\159\2\2\214\2\2\170\170\203\159\159\159\2\57\35\192\2\24\170\214\2\24\129\129\252\128\128\128\175\213\215\212\205\196\209\205\196\213\213\208\212\212\205\203\203\214\205\213\215\212\205\203\209\205\203\213\213\208\212\212\212\205\203\196\215\205\207\213\209\205\207\213\215\212\205\202\129\130\185\131\43\128\217\64\76\91\52\52\61\49\49\76\94\79\55\76\52\58\49\76\100\64\76\100\52\52\61\49\49\76\91\94\55\76\52\58\49\91\64\91\52\52\48\48\61\42\250\112\49\49\76\88\79\58\76\79\52\64\76\79\52\61\223\112\42\49\49\49\79\79\85\58\76\94\52\64\76\94\52\58\49\100\64\100\52\52\61\49\49\76\82\55\129\128\249\128\128\128\167\42\34\36\33\46\38\46\34\34\37\33\33\46\35\42\34\36\33\42\49\38\42\49\34\34\37\33\33\33\43\45\50\36\42\47\34\38\42\47\129\129\17\128\128\128\200\56\58\57\40\60\40\56\56\61\39\61\57\57\38\58\32\36\56\60\32\36\56\61\57\57\32\58\37\56\60\37\56\61\57\57\57\35\36\35\58\32\38\56\60\32\38\56\58\57\32\34\60\32\34\56\56\61\57\57\57\35\34\37\58\32\34\56\60\32\34\56\58\129\130\156\141\69\128\196\164\77\229\77\177\177\216\164\164\103\203\77\177\229\77\177\216\164\164\164\103\203\25\129\177\229\25\129\177\203\164\25\25\229\25\25\177\177\216\164\164\164\25\38\203\25\51\177\229\25\51\177\203\164\38\38\229\38\38\177\177\216\164\164\164\38\51\38\129\128\149\128\128\128\209\192\206\190\194\206\190\192\189\200\194\200\190\190\193\189\189\189\199\201\206\192\204\190\194\204\190\192\189\198\204\194\198\204\190\190\193\189\189\189\198\197\192\206\190\194\206\190\192\189\198\197\194\198\197\190\190\193\198\199\18\18\193\16\0\210\198\203\193\247\210\16\189\189\205\199\192\198\200\190\194\198\129\129\30\128\128\128\180\45\55\50\54\54\47\47\45\53\44\55\51\44\55\50\54\54\54\47\45\47\53\47\42\55\51\47\42\55\53\54\47\40\51\47\40\55\55\50\54\54\54\47\47\41\53\47\41\55\51\47\41\129\129\177\128\128\128\198\152\154\153\137\156\137\152\152\157\153\153\153\136\135\154\128\134\152\156\128\134\152\154\153\131\130\156\131\130\152\152\157\153\153\153\128\128\130\154\131\152\156\131\152\154\153\131\130\156\131\130\152\152\157\153\153\128\130\129\155\128\152\154\153\131\129\156\131\129\152\129\129\212\128\128\128\217\253\248\252\252\229\231\230\254\229\253\255\252\226\249\226\253\253\169\169\248\175\191\233\252\252\224\231\255\227\253\249\227\253\248\182\233\175\169\169\248\175\191\233\231\236\248\182\233\175\252\252\229\224\229\255\229\231\253\249\229\231\253\248\252\252\229\231\237\255\229\231\253\249\229\231\253\248\229\224\227\169\169\248\175\191\233\252\252\229\129\128\154\128\128\128\178\205\206\196\203\195\197\194\203\204\199\203\204\195\195\198\252\215\21\204\206\204\198\204\205\207\198\194\194\194\204\205\203\197\211\195\199\211\195\197\194\203\208\199\203\208\195\195\198\194\194\129\128\100\128\128\128\197\140\150\151\152\143\156\141\145\156\141\143\140\155\145\155\141\141\144\140\140\150\151\153\142\149\141\143\140\151\145\151\141\141\144\140\140\150\152\156\143\149\157\141\145\149\157\141\144\140\140\150\152\157\142\149\141\143\140\149\149\145\149\149\141\141\144\140\140\150\129\128\219\128\128\128\175\16\11\5\12\4\6\3\12\12\8\12\12\4\4\7\3\3\3\13\14\12\6\16\4\8\16\4\6\3\17\8\17\4\4\7\3\3\13\16\11\5\12\4\6\3\12\13\129\129\29\128\128\128\212\48\44\47\52\52\49\53\53\47\41\36\55\44\52\54\53\44\37\48\44\37\52\52\96\96\49\102\118\32\53\53\53\44\47\42\54\44\42\52\48\44\42\52\54\53\43\48\43\52\52\49\127\32\102\53\53\47\45\45\54\44\41\52\48\44\41\52\49\53\53\47\46\42\55\44\52\54\53\44\40\48\44\40\52\129\128\214\128\128\128\167\255\2\8\10\9\2\254\254\8\7\9\1\9\255\3\9\255\2\254\254\8\8\10\1\12\255\3\12\255\2\254\254\254\8\9\11\1\12\255\129\129\139\128\128\128\206\166\189\162\160\163\186\188\166\186\188\162\162\167\163\163\185\191\191\160\186\185\162\166\186\185\162\167\163\163\185\185\179\160\186\184\162\166\186\184\162\246\246\167\240\224\182\163\163\163\186\184\184\160\186\185\162\166\186\185\162\160\163\185\186\166\185\186\162\162\167\233\182\240\163\163\163\185\186\129\130\163\149\189\128\219\80\42\231\0\84\231\0\42\235\231\84\231\0\0\63\235\235\189\147\210\21\168\0\42\235\189\168\84\189\168\0\0\63\235\235\235\189\231\38\42\168\147\0\84\168\147\0\42\235\168\80\84\168\80\0\0\63\235\235\189\210\231\21\168\0\42\235\189\189\84\189\189\0\0\63\189\231\59\63\235\235\235\189\210\38\42\168\147\0\84\168\129\130\218\145\113\128\195\10\147\181\130\27\112\215\27\112\147\147\198\27\112\95\198\130\130\44\10\95\181\163\147\215\163\147\198\130\130\44\95\10\181\27\10\147\215\27\10\147\198\130\130\44\61\27\181\27\146\147\215\27\146\147\198\130\130\130\27\112\95\181\61\147\215\61\129\128\176\128\128\128\213\217\219\216\225\231\221\225\231\217\217\220\216\216\216\225\231\232\219\227\217\221\227\217\219\216\225\233\221\225\233\217\217\220\225\230\229\220\216\216\226\224\227\219\225\226\217\221\225\226\217\220\216\216\216\226\227\224\219\225\226\217\221\225\226\217\219\216\226\224\221\226\224\217\217\220\226\228\224\220\216\216\226\227\228\219\129\130\201\135\55\128\215\60\232\4\60\232\253\225\225\32\67\60\246\88\232\4\88\232\253\225\225\39\53\25\246\32\67\232\4\32\67\232\253\225\225\225\39\46\81\246\60\232\4\60\232\246\225\32\53\4\32\53\232\232\253\225\225\39\46\39\239\32\232\246\225\32\60\4\32\60\232\232\253\39\53\25\253\225\225\32\67\60\246\46\232\4\46\232\129\128\168\128\128\128\175\212\208\208\217\223\222\210\217\209\211\208\219\213\219\209\209\212\208\208\217\222\221\211\217\216\209\213\217\216\209\212\208\208\218\216\219\210\217\209\211\208\217\224\213\217\224\209\129\128\209\128\128\128\212\250\253\249\249\3\4\1\251\2\250\252\249\7\254\7\250\250\253\249\249\3\5\8\252\9\250\254\9\250\253\249\249\249\3\5\3\252\9\250\254\9\250\252\249\2\8\254\2\8\250\250\253\249\249\3\4\9\251\2\250\252\249\9\254\9\250\250\253\249\249\3\5\4\252\10\250\254\10\250\253\249\249\3\4\129\130\246\147\155\128\169\248\20\153\1\39\238\153\30\77\153\30\1\1\61\61\58\23\231\125\238\238\153\30\39\172\1\77\172\1\58\60\125\23\238\238\49\210\39\153\134\1\129\130\101\139\35\128\205\84\128\117\40\73\29\29\29\183\194\62\139\40\84\139\40\62\29\128\139\84\128\139\40\40\73\29\29\128\128\216\51\128\40\62\29\128\216\84\128\216\40\40\73\29\29\128\139\117\62\128\139\40\84\128\139\40\73\29\29\216\161\62\128\183\40\84\128\183\40\73\29\29\29\216\161\62\129\128\144\128\128\128\185\201\185\189\201\185\187\184\193\192\189\193\192\185\185\188\184\184\193\194\198\187\199\185\189\199\185\188\193\195\197\188\184\184\184\201\197\187\194\185\189\194\185\187\184\193\196\189\193\196\185\185\188\184\184\184\193\192\129\128\18\128\128\128\192\67\61\67\72\59\63\67\72\59\61\58\67\74\63\67\74\59\59\62\58\58\74\71\60\67\59\61\58\68\67\63\68\67\59\59\62\58\58\73\71\61\69\59\63\69\59\62\58\58\58\67\70\66\61\67\66\59\63\67\66\59\61\58\72\129\128\150\128\128\128\181\195\204\191\191\194\190\190\190\199\202\198\193\199\203\191\195\199\203\191\193\190\200\200\195\200\200\191\191\194\190\190\190\199\200\198\193\204\191\195\204\191\193\190\206\195\206\191\191\194\190\190\204\207\129\128\186\128\128\128\171\229\235\235\227\231\235\235\227\55\55\55\196\25\1\21\15\14\46\25\6\234\16\42\238\30\41\46\226\226\240\229\237\241\231\237\241\227\227\23\247\32\47\40\129\128\74\128\128\128\216\173\190\179\185\184\114\149\193\128\176\189\140\156\131\147\193\150\127\125\156\191\178\115\84\106\106\182\185\173\171\182\106\173\179\156\162\179\189\124\171\182\186\191\193\181\142\192\193\135\169\145\165\159\158\190\169\150\122\160\186\126\174\185\190\114\114\127\117\124\131\119\124\131\115\115\167\165\149\193\128\176\189\140\156\131\147\193\150\129\130\95\145\113\128\188\228\194\209\36\71\140\9\127\127\139\190\242\208\139\127\227\38\36\3\207\21\19\174\40\173\3\104\124\72\87\108\138\172\9\127\127\37\190\241\127\193\121\177\3\90\194\139\224\139\141\226\226\108\7\7\7\160\58\160\194\129\129\243\128\128\128\189\218\222\194\192\218\216\219\194\199\222\194\199\218\218\223\208\144\154\161\171\154\128\193\146\159\131\134\132\152\183\133\132\221\145\211\151\156\249\211\211\211\211\159\156\144\146\159\211\138\151\172\185\164\158\148\206\144\154\161\171\154\129\130\4\135\55\128\210\41\98\171\248\20\55\69\241\224\62\69\70\178\129\210\90\98\192\17\105\248\27\248\38\73\73\143\63\185\227\66\108\227\41\98\171\248\20\55\69\241\224\62\69\70\241\74\228\228\228\228\227\206\228\83\192\157\10\101\255\213\168\28\28\84\49\91\133\35\63\91\133\35\228\48\220\199\6\228\83\192\157\129\130\169\139\35\128\217\215\102\88\22\72\220\245\190\215\102\88\22\130\97\97\97\207\240\251\130\196\251\108\152\196\251\108\130\97\240\152\240\108\108\9\0\99\245\23\9\9\9\9\149\102\176\245\121\91\165\190\28\99\245\220\248\124\209\146\127\231\207\245\226\218\77\132\77\3\58\58\168\72\102\237\6\143\138\226\127\69\231\22\99\97\102\237\6\143\129\128\175\128\128\128\207\242\250\241\3\41\22\29\215\14\246\219\215\21\36\29\18\35\24\30\29\215\216\27\30\18\16\27\207\26\236\215\215\215\225\223\228\218\224\232\216\220\224\232\216\218\215\229\220\229\216\216\234\27\30\18\16\27\207\17\236\42\215\215\229\227\218\224\224\216\220\224\224\216\219\215\215\229\228\217\129\129\64\128\128\128\174\113\105\107\104\113\118\109\113\118\105\105\108\104\104\104\118\115\107\113\116\105\109\113\116\105\107\104\113\120\109\113\120\105\105\108\104\104\104\117\116\107\113\119\105\109\113\129\130\172\147\155\128\196\193\183\221\164\117\3\117\183\183\240\164\164\155\231\202\79\183\221\164\79\117\3\79\117\183\183\240\164\164\164\155\98\221\231\183\3\231\183\221\164\98\117\3\98\117\183\183\243\13\62\233\34\12\119\51\164\164\79\221\79\136\183\3\79\136\183\240\69\129\130\255\149\189\128\183\9\159\51\26\159\219\26\30\244\219\159\173\0\9\118\156\160\176\198\214\159\156\93\159\173\235\71\71\239\134\46\92\176\46\92\159\131\135\72\5\159\173\0\173\134\71\71\71\25\88\109\134\25\92\176\129\128\68\128\128\128\165\118\109\111\108\117\120\113\117\120\109\109\100\169\178\168\127\100\166\159\173\161\129\183\184\182\173\178\171\114\167\172\165\182\108\186\109\100\129\129\63\128\128\128\172\90\81\91\4\31\77\90\75\74\77\81\31\75\94\93\83\90\17\92\80\81\92\94\75\23\93\22\31\90\81\91\22\23\22\22\19\23\89\74\81\92\75\86\80\129\128\1\128\128\128\167\111\41\42\109\112\100\98\109\33\108\62\41\41\41\55\52\44\50\50\42\46\50\50\42\44\41\51\51\46\51\51\42\42\60\109\112\100\98\109\129\129\242\128\128\128\175\210\144\207\137\218\218\195\196\192\217\203\219\223\203\219\222\218\218\218\195\196\197\217\193\219\223\193\219\217\218\195\193\223\195\193\219\219\222\195\196\194\222\218\218\195\197\197\129\130\42\141\69\128\196\89\167\219\63\115\167\219\63\131\41\88\205\244\202\127\67\167\102\241\36\202\62\205\202\166\205\49\23\166\202\40\67\36\201\127\227\115\153\41\202\127\88\202\40\54\50\50\154\89\167\15\63\115\167\15\63\202\14\114\75\192\202\40\67\40\89\50\50\129\129\243\128\128\128\190\193\198\197\217\194\218\216\219\193\192\222\193\192\218\218\211\150\157\151\200\211\145\168\154\174\206\128\135\129\154\157\148\221\144\155\146\129\219\133\218\211\150\157\151\200\211\129\150\135\134\129\157\211\135\146\145\159\150\221\144\156\157\129\129\17\128\128\128\211\114\112\101\57\115\56\49\116\127\117\56\57\56\56\57\104\117\78\91\70\124\118\56\27\49\49\116\127\117\27\49\49\125\126\114\112\125\49\116\95\35\80\117\125\88\87\32\103\44\70\93\38\99\82\90\83\69\107\118\127\57\70\93\38\99\82\90\83\69\107\118\127\57\78\86\61\57\119\100\127\114\101\120\129\130\80\149\189\128\205\107\86\152\173\44\107\111\69\44\240\23\81\152\152\85\253\169\215\85\253\173\1\85\253\173\39\44\107\111\69\44\240\90\81\103\152\152\169\169\215\85\127\173\1\85\127\173\236\152\152\127\190\215\190\173\1\190\173\236\127\211\236\152\152\152\148\211\215\85\190\173\1\85\190\173\215\152\129\129\212\128\128\128\178\229\227\249\229\227\253\253\248\252\252\224\228\255\229\231\253\249\229\231\253\169\239\178\187\166\244\189\233\229\248\247\182\244\176\187\244\184\187\183\181\184\244\162\233\182\143\189\137\249\191\129\128\68\128\128\128\183\127\100\173\170\100\186\128\108\108\116\111\120\109\113\120\109\100\184\172\169\178\100\186\129\186\111\108\108\108\118\121\122\111\117\117\109\113\117\117\109\111\108\121\113\121\109\109\100\169\178\168\127\100\166\159\129\129\60\128\128\128\198\85\97\1\79\72\78\85\82\91\18\95\84\93\78\20\74\21\28\89\82\88\7\28\78\89\72\73\78\82\28\72\93\94\80\89\18\95\83\82\95\93\72\20\94\21\28\89\82\88\21\20\21\21\16\20\90\73\82\95\72\85\83\82\20\21\80\83\95\93\80\129\129\28\128\128\128\168\60\119\33\52\52\45\42\42\54\45\53\55\52\45\47\49\45\47\53\53\39\112\115\127\125\112\60\126\33\103\52\52\37\55\45\36\53\49\45\36\129\128\190\128\128\128\196\231\234\230\230\230\240\239\233\239\246\231\235\239\246\231\233\230\239\247\235\239\247\231\231\234\240\238\234\230\230\247\232\239\231\233\230\245\235\245\231\231\234\245\234\230\230\240\244\233\241\231\235\241\231\59\249\36\45\48\222\39\251\230\230\239\232\239\231\129\130\146\139\35\128\186\107\74\184\184\129\184\184\85\85\118\19\200\242\222\87\242\54\87\211\189\54\242\164\49\200\123\21\145\129\43\27\242\21\244\242\164\38\74\74\162\96\173\85\107\74\173\228\129\173\228\85\85\242\142\10\233\76\242\129\128\33\128\128\128\212\151\94\151\76\73\73\83\86\87\75\82\74\76\73\83\84\78\83\84\74\74\65\134\143\133\92\65\131\124\138\126\94\148\149\147\138\143\136\79\132\137\130\147\73\151\74\65\134\143\133\92\65\147\134\149\150\147\143\65\149\130\131\141\134\79\132\144\143\132\130\149\73\131\74\65\134\143\133\74\73\74\74\73\101\129\129\253\128\128\128\172\170\136\153\141\171\137\162\196\147\153\132\176\164\133\212\247\221\221\145\146\158\156\145\221\149\191\136\185\188\132\196\182\183\176\158\192\213\213\158\148\175\165\148\142\129\128\23\128\128\128\203\73\120\131\135\140\142\130\91\141\142\69\130\65\63\63\74\74\66\73\64\68\73\64\64\66\63\63\72\78\66\72\79\64\68\72\79\64\64\60\73\76\72\66\63\63\72\65\72\64\66\63\72\79\68\72\79\64\64\33\55\55\131\134\122\120\131\55\135\144\120\128\134\113\97\108\129\130\66\147\155\128\191\229\145\49\59\127\87\164\201\99\183\230\87\184\59\211\40\126\80\231\108\58\183\230\87\184\59\211\40\126\80\231\108\58\79\135\134\58\212\241\108\155\222\13\127\108\58\77\70\127\155\117\70\162\51\201\58\58\229\125\248\115\229\30\129\129\2\128\128\128\199\43\47\51\54\43\57\110\109\97\99\110\34\96\63\121\42\42\55\51\41\51\54\43\47\51\54\43\46\42\42\55\48\40\51\43\41\42\51\50\47\51\50\43\43\46\42\42\55\50\41\53\43\47\53\43\46\42\42\54\51\41\51\48\43\47\51\48\43\46\54\52\129\129\196\128\128\128\167\232\236\236\236\247\253\239\245\240\237\233\245\240\237\239\236\240\233\240\237\237\185\255\162\171\182\228\173\249\236\236\245\238\245\237\239\236\245\247\129\129\233\128\128\128\206\196\216\218\192\192\197\202\139\201\141\134\201\133\134\138\136\133\201\159\212\139\178\128\180\196\130\210\201\128\143\201\159\213\193\193\217\195\216\192\194\193\216\221\196\216\221\192\192\201\157\129\140\135\201\159\212\159\194\193\193\193\219\220\223\194\222\192\196\222\192\194\193\216\208\196\216\208\192\129\129\28\128\128\128\191\53\60\121\114\120\39\60\126\71\117\65\33\111\104\110\117\114\123\50\127\116\125\110\52\106\53\60\121\114\120\39\60\110\121\104\105\110\114\60\104\125\126\112\121\50\127\115\114\127\125\104\52\126\53\60\121\114\120\53\52\53\53\48\129\128\15\128\128\128\191\55\117\132\125\114\131\120\126\125\55\56\123\126\114\112\123\47\122\76\55\55\55\71\66\58\68\56\60\68\56\58\55\65\66\60\65\66\56\56\74\123\126\114\112\123\47\113\76\138\55\55\55\64\71\64\58\71\56\60\71\56\58\55\129\130\210\141\69\128\191\79\144\27\79\144\231\231\14\218\218\218\92\66\118\1\79\170\231\27\79\170\231\1\218\79\170\27\79\170\231\231\14\79\183\183\14\218\218\79\170\118\1\157\231\27\157\231\43\209\0\117\156\114\39\235\218\218\79\1\79\66\231\27\129\128\236\128\128\128\195\29\28\21\24\15\78\12\80\91\12\88\91\79\77\88\12\98\41\78\71\85\73\25\87\39\12\85\82\12\98\40\28\12\96\84\81\90\12\98\41\98\23\20\20\30\33\34\23\34\21\25\34\21\12\81\90\80\39\12\78\71\85\73\41\95\96\94\129\130\24\141\69\128\188\109\174\83\110\31\96\5\226\32\22\45\184\57\174\44\23\184\226\57\252\9\226\174\184\252\5\18\148\57\110\31\187\174\31\5\252\32\18\45\184\57\174\44\45\32\45\45\32\57\14\162\101\44\148\205\166\149\22\84\32\129\128\161\128\128\128\219\201\201\210\204\210\218\202\206\210\218\202\204\201\210\210\206\210\210\202\202\205\196\6\239\211\226\5\13\234\231\210\23\202\30\171\193\193\7\16\19\193\20\211\231\246\212\22\251\16\222\201\201\210\203\210\202\204\201\210\209\206\210\209\202\202\205\196\17\26\2\10\16\251\235\246\210\246\214\228\16\216\247\193\5\16\193\17\26\2\10\16\129\129\28\128\128\128\177\70\86\73\45\73\41\95\115\43\74\71\111\46\90\73\47\105\70\115\65\33\52\108\101\125\117\115\70\86\73\45\73\41\95\115\43\74\71\111\46\90\73\47\105\70\115\65\55\116\129\128\164\128\128\128\186\230\25\232\229\29\221\239\238\241\7\205\201\204\204\214\217\218\206\213\205\207\204\213\214\209\213\214\205\205\196\9\18\8\174\196\196\7\13\246\252\13\23\214\5\16\20\25\27\15\232\26\27\210\15\225\12\230\25\129\129\221\128\128\128\208\153\156\164\228\150\151\144\190\230\253\190\180\143\133\180\174\239\188\177\173\168\170\182\153\171\170\243\191\224\173\164\188\180\178\135\151\136\236\136\232\158\178\234\139\215\253\253\175\184\169\168\175\179\253\184\147\239\156\185\177\148\155\236\171\215\184\179\185\215\177\178\190\188\177\253\183\147\232\158\165\129\129\97\128\128\128\169\6\7\3\85\89\55\49\39\48\21\22\107\5\14\107\65\65\13\14\2\0\13\65\52\20\85\12\82\6\37\0\36\53\2\48\92\7\20\15\2\21\129\128\1\128\128\128\164\106\112\111\41\42\11\106\103\33\96\72\92\41\103\118\111\100\117\106\112\111\41\42\109\112\100\98\109\33\108\62\57\57\60\109\112\129\129\73\128\128\128\185\42\40\37\105\43\116\50\97\97\123\121\125\99\120\96\98\97\122\100\122\96\96\101\97\97\97\123\121\112\98\113\96\100\113\96\98\97\125\100\125\96\96\101\97\97\123\121\121\98\125\96\100\125\96\101\97\97\129\129\246\128\128\128\193\199\206\207\220\199\223\221\222\196\196\219\196\196\223\223\139\205\144\153\132\214\159\203\199\218\213\148\214\146\153\214\154\153\149\151\154\214\128\203\148\173\159\171\219\157\205\214\159\144\214\128\202\222\222\198\221\196\223\219\196\223\214\130\158\147\129\128\42\128\128\128\185\152\74\160\103\160\85\82\82\92\95\96\84\91\83\85\82\97\87\97\83\83\74\143\152\142\101\74\140\133\147\135\103\157\158\156\147\152\145\88\141\146\139\156\82\160\83\74\143\152\142\101\74\156\143\158\159\156\129\128\27\128\128\128\189\137\59\143\124\125\135\128\73\126\138\137\126\124\143\67\125\68\59\128\137\127\68\67\68\120\67\122\98\118\112\111\143\122\103\75\113\139\79\127\138\143\67\67\82\70\81\75\72\81\75\68\68\120\68\153\88\112\111\143\122\103\129\129\43\128\128\128\184\27\125\91\31\79\68\95\3\3\19\0\19\27\6\19\27\2\2\11\95\67\78\69\11\89\78\95\94\89\69\11\77\74\71\88\78\11\78\69\79\33\11\11\66\77\11\124\103\28\89\104\96\105\127\81\76\129\130\187\151\39\128\169\157\83\68\28\175\83\229\62\157\160\39\42\180\157\83\106\111\180\160\114\111\155\88\54\83\83\83\172\103\152\57\106\198\57\106\152\83\57\11\198\57\129\129\196\128\128\128\214\244\237\237\255\168\171\167\165\168\228\166\249\191\236\236\245\253\244\239\245\253\237\233\245\253\237\232\236\236\245\253\241\238\245\237\239\236\246\244\233\246\244\237\237\232\236\236\245\252\242\239\252\237\233\252\237\232\236\236\245\243\241\238\245\237\239\236\253\233\253\237\237\185\255\162\171\182\228\173\249\236\236\236\245\239\253\129\130\7\141\69\128\174\28\80\236\28\54\15\132\236\80\132\236\28\28\67\206\1\167\27\170\167\131\170\14\244\131\167\5\32\1\166\92\192\80\118\6\167\92\53\167\5\19\15\15\119\41\132\129\130\101\141\69\128\215\122\148\109\226\35\174\226\35\122\122\5\73\173\134\251\5\99\126\99\148\109\109\239\22\35\135\226\122\148\109\252\174\252\122\122\5\134\251\121\100\5\95\4\186\30\126\60\73\47\186\251\160\187\108\173\82\47\109\99\122\5\134\251\121\100\5\47\134\73\86\47\251\5\73\82\95\225\134\187\108\8\251\108\82\73\109\95\129\128\195\128\128\128\184\236\227\40\49\39\236\235\236\236\235\34\10\30\24\23\55\34\15\243\25\51\247\39\50\55\235\235\252\238\244\244\249\240\244\244\249\236\236\32\236\65\0\24\23\55\34\15\243\25\51\247\39\50\55\235\235\129\129\75\128\128\128\181\120\96\121\114\102\121\114\98\98\107\63\35\46\37\107\57\46\63\62\57\37\107\45\42\39\56\46\107\46\37\47\65\107\107\57\46\63\62\57\37\107\63\57\62\46\65\107\107\46\37\47\65\107\129\130\224\135\55\128\197\192\212\233\149\135\212\192\149\244\209\212\33\33\223\16\202\188\240\170\125\192\156\233\192\212\233\149\135\212\192\149\149\226\97\156\19\65\251\142\104\79\33\139\248\248\55\13\69\255\27\69\255\125\192\149\244\209\212\33\33\223\16\202\188\240\170\139\149\149\129\129\74\128\128\128\200\36\125\46\63\29\7\40\114\19\61\106\47\36\46\64\106\106\38\37\41\43\38\106\56\41\41\25\25\125\50\32\40\113\106\46\37\106\38\37\41\43\38\106\59\2\114\16\123\4\51\9\61\3\36\5\124\119\49\55\113\106\56\41\41\25\25\125\50\32\40\119\59\129\129\146\128\128\128\215\218\170\200\163\220\235\209\229\219\252\221\164\178\247\252\246\152\178\178\224\241\241\193\193\165\234\248\240\201\186\186\186\163\185\165\187\191\165\187\185\186\160\160\191\160\160\187\187\207\175\244\231\252\241\230\251\253\252\186\188\188\188\187\178\224\247\230\231\224\252\178\199\231\166\255\161\245\214\243\215\198\241\195\186\188\188\188\129\129\88\128\128\128\190\113\120\61\54\60\82\120\120\50\22\109\27\32\63\62\58\108\96\14\8\30\9\44\47\101\62\45\54\59\44\49\55\54\112\118\118\118\113\82\120\120\120\120\52\55\59\57\52\120\33\12\107\29\44\13\61\106\58\58\41\48\63\129\129\167\128\128\128\197\154\143\143\143\150\140\159\142\138\159\142\140\143\149\148\138\149\148\142\142\173\135\135\135\135\208\207\206\203\194\135\211\213\210\194\135\195\200\173\135\135\135\135\135\135\206\193\135\222\243\148\226\211\242\194\149\197\197\214\207\192\154\154\143\143\143\150\140\150\129\129\151\128\128\128\182\161\190\186\166\161\190\188\191\175\186\175\190\190\183\227\255\242\249\157\183\183\183\183\183\183\183\183\229\242\227\226\229\249\183\229\244\244\196\196\160\239\253\245\204\244\219\208\251\224\224\222\199\209\211\129\128\230\128\128\128\170\86\76\67\14\20\20\20\15\240\6\6\6\6\6\6\75\82\89\75\240\6\6\6\6\6\6\6\6\88\75\90\91\88\84\6\84\79\82\240\6\6\6\129\130\64\135\55\128\164\32\32\32\3\66\252\134\32\32\32\32\3\66\252\134\32\32\3\66\252\134\3\66\252\134\252\73\134\32\32\31\10\32\66\73\108\129\130\63\135\55\128\204\31\37\97\178\20\135\16\9\237\171\199\153\111\41\118\107\128\87\94\31\107\23\2\65\133\31\31\31\31\51\72\244\230\51\31\58\150\164\23\69\157\30\118\181\220\31\251\72\31\51\72\244\230\51\31\65\139\44\34\51\23\69\86\234\65\30\51\220\31\58\150\164\23\69\157\30\129\128\95\128\128\128\208\176\185\156\205\179\202\164\203\199\169\208\127\196\205\195\105\127\127\127\127\204\144\146\199\169\145\200\176\185\135\136\105\127\127\196\205\195\105\196\205\195\105\203\206\194\192\203\127\193\213\193\217\179\215\164\212\197\213\181\160\152\105\195\206\105\127\127\203\206\194\192\203\127\169\211\162\164\147\208\193\129\130\48\149\189\128\180\217\104\226\49\142\201\54\79\180\205\75\54\120\129\62\95\243\201\137\205\226\54\117\179\133\95\222\141\2\12\75\79\37\12\208\108\41\79\234\29\243\138\213\159\226\87\222\217\62\49\120\129\129\128\140\128\128\128\169\226\191\3\1\193\245\246\250\253\195\205\191\2\182\180\180\180\196\183\189\195\181\185\189\195\181\183\180\189\196\185\189\196\181\181\181\185\180\217\226\191\129\130\186\131\43\128\214\31\25\89\245\248\4\13\95\125\83\28\56\50\50\98\56\77\53\59\50\77\98\65\77\98\53\53\53\216\26\26\254\7\227\221\254\26\188\173\236\134\161\155\254\227\179\224\95\188\152\143\113\50\158\185\227\176\37\31\16\173\19\248\155\28\137\188\59\50\50\80\83\59\77\92\53\65\77\92\53\53\65\50\50\50\80\129\129\23\128\128\128\167\36\60\33\62\58\33\62\60\63\32\58\32\62\62\29\55\55\126\113\55\65\70\113\83\90\92\123\116\68\117\32\65\93\80\105\42\63\63\63\129\128\155\128\128\128\169\203\198\204\209\196\200\204\209\196\198\195\204\208\200\204\208\196\196\187\15\3\0\9\187\13\0\15\16\13\9\187\232\241\206\18\16\208\4\5\9\12\129\130\31\139\35\128\187\124\234\80\49\127\118\217\107\141\127\127\5\118\27\38\5\217\127\110\209\80\60\38\102\162\173\217\250\124\234\80\49\141\127\127\118\217\107\141\127\127\195\228\96\74\195\127\242\33\124\96\135\55\55\58\38\113\231\168\129\128\227\128\128\128\165\3\71\82\3\79\82\70\68\79\3\86\75\22\72\57\22\73\52\38\23\91\75\75\32\11\11\20\14\20\21\12\16\20\21\12\30\3\129\130\152\139\35\128\205\107\154\245\217\0\176\176\179\159\234\96\55\137\16\201\239\74\201\250\19\121\212\192\16\16\248\239\82\228\6\248\248\60\93\217\195\60\248\159\192\198\16\30\187\154\99\198\118\190\228\190\71\33\248\228\93\248\60\93\217\195\60\248\159\239\242\8\195\27\201\104\154\104\55\225\247\33\129\130\16\145\113\128\209\48\213\8\250\248\130\233\182\97\250\10\98\180\98\77\29\213\197\62\96\129\9\115\128\182\128\48\197\94\180\186\48\48\213\8\250\248\130\233\182\97\250\10\98\180\98\77\27\184\184\81\235\217\201\13\217\201\61\29\214\213\94\163\196\9\111\94\184\30\30\30\201\48\162\197\196\213\162\94\48\250\129\130\41\133\77\128\180\109\120\130\45\94\19\130\225\59\241\15\15\15\246\201\34\79\29\91\201\201\19\119\19\139\205\129\130\114\39\119\215\110\70\90\39\114\79\24\109\54\84\79\241\15\15\15\246\91\201\201\201\129\129\250\128\128\128\181\218\150\149\153\155\150\218\174\151\201\153\137\187\162\178\169\148\202\136\144\199\210\210\203\209\203\205\211\215\203\205\211\240\218\218\218\218\141\146\147\150\159\218\142\136\143\159\218\158\149\240\218\218\129\130\245\147\155\128\170\85\85\85\85\192\135\85\49\12\190\78\126\200\125\77\30\31\133\107\211\124\124\152\85\145\173\116\31\179\85\85\85\85\85\85\85\85\107\116\145\164\107\129\128\2\128\128\128\166\112\34\119\122\76\106\84\75\72\67\76\92\52\102\52\111\93\91\72\57\101\58\74\74\51\119\56\90\95\42\48\48\48\43\12\34\34\34\129\128\43\128\128\128\200\75\75\75\144\151\158\144\53\75\75\75\75\75\75\75\75\157\144\159\160\157\153\75\153\148\151\53\75\75\75\75\75\75\144\153\143\53\75\75\75\75\144\153\143\53\75\75\144\153\143\53\144\153\143\53\141\161\141\165\127\163\112\160\145\161\129\108\100\83\83\83\92\129\128\63\128\128\128\219\106\112\116\104\108\112\116\104\104\73\163\174\95\171\174\162\160\171\95\148\177\119\135\171\137\111\165\132\147\149\144\131\122\95\163\174\95\171\174\162\160\171\95\172\161\170\166\138\180\119\147\182\124\103\103\103\112\106\113\104\108\113\104\106\103\112\111\108\112\111\104\104\122\95\148\177\119\135\171\137\111\165\132\147\149\144\131\124\172\161\170\129\128\80\128\128\128\217\183\155\197\136\164\199\112\181\190\180\139\112\188\191\179\177\188\112\184\129\189\159\179\175\182\151\175\166\181\187\192\132\181\139\112\180\191\112\188\191\179\177\188\112\165\170\129\185\155\145\188\187\135\175\180\154\163\141\120\120\129\123\129\136\121\125\129\136\121\139\112\184\129\189\159\179\175\182\151\175\166\181\187\192\132\181\141\165\170\129\130\100\149\189\128\169\105\1\139\185\64\43\231\47\152\118\51\4\173\106\152\59\4\1\194\4\172\93\190\252\76\64\118\84\194\13\72\114\9\248\235\236\105\85\223\131\47\129\128\232\128\128\128\212\78\47\71\62\77\83\88\28\77\17\37\37\16\16\27\19\28\17\21\28\17\8\92\80\77\86\8\61\90\32\48\84\50\24\78\45\60\62\57\44\37\61\90\32\48\84\50\24\78\45\60\62\57\44\19\16\16\25\18\25\17\19\16\31\21\31\17\17\8\77\86\76\8\77\86\76\242\76\87\8\84\87\75\73\129\128\254\128\128\128\169\106\30\85\78\72\48\52\65\104\87\84\107\64\55\87\57\30\98\109\30\106\109\97\95\106\30\85\73\97\97\63\54\114\105\50\101\46\59\46\57\30\129\130\219\139\35\128\189\152\75\9\1\45\188\105\174\141\138\177\78\174\122\152\20\28\28\166\67\215\116\23\72\235\59\50\149\39\100\59\248\83\94\127\50\59\152\75\9\1\45\188\105\174\141\138\177\78\174\111\147\147\246\180\246\1\158\202\246\1\129\129\164\128\128\128\188\141\132\192\203\132\243\244\238\150\146\231\206\253\242\201\230\157\253\153\243\244\238\150\146\231\206\253\242\201\230\157\253\143\140\140\149\142\149\141\143\140\146\137\146\141\141\132\193\202\192\132\193\202\192\174\192\203\132\200\203\129\128\18\128\128\128\209\117\115\126\50\83\95\107\116\121\66\70\92\85\88\132\101\95\85\77\50\118\129\50\126\129\117\115\126\50\140\100\127\74\99\85\127\130\79\58\58\67\60\67\59\61\58\67\74\63\67\74\59\59\77\50\83\95\107\116\121\66\70\92\85\88\132\101\95\85\79\140\100\127\74\99\85\127\130\50\119\128\129\128\240\128\128\128\181\84\43\16\92\95\83\81\92\16\89\71\38\64\61\70\95\58\62\105\60\81\98\95\101\43\16\84\95\16\92\95\83\81\92\16\84\64\50\32\82\72\63\83\45\24\24\32\27\33\37\25\29\33\129\130\185\147\155\128\178\168\196\26\25\132\46\187\169\112\27\246\55\131\180\93\236\47\246\104\64\37\169\159\73\255\65\150\18\25\56\227\37\119\25\25\142\113\132\189\56\25\85\47\104\56\25\37\246\119\25\129\129\32\128\128\128\182\0\0\0\73\70\0\97\109\121\66\71\16\20\106\99\102\82\115\109\99\29\29\8\8\17\11\17\16\9\13\17\16\9\0\84\72\69\78\42\0\0\0\0\0\0\73\119\22\112\109\118\79\106\110\129\129\37\128\128\128\177\92\105\68\87\74\80\24\76\114\19\117\104\115\74\111\107\92\105\68\87\74\80\14\13\13\20\15\20\12\14\13\17\8\17\12\12\47\5\5\5\5\5\5\76\67\5\13\13\76\129\129\18\128\128\128\218\69\36\66\95\68\125\88\92\107\94\115\96\125\103\56\58\58\32\35\56\35\59\57\58\42\63\42\59\59\59\63\58\123\69\36\66\95\68\125\88\92\107\94\115\96\125\103\56\58\58\32\35\57\33\59\63\33\59\59\59\47\47\34\50\102\122\119\124\50\83\95\75\112\117\34\38\88\81\84\96\65\95\81\47\58\58\58\32\57\35\129\129\219\128\128\128\218\239\242\246\234\239\242\240\243\226\246\226\242\242\251\190\183\168\190\251\154\150\130\185\188\235\239\145\152\157\169\136\150\152\230\243\243\243\232\240\234\232\242\246\234\232\242\240\243\236\246\236\242\242\251\190\181\191\209\251\251\251\251\190\183\168\190\178\189\251\154\150\130\185\188\235\239\145\152\157\169\136\150\152\230\230\243\243\243\233\240\129\129\210\128\128\128\206\225\251\255\225\251\249\250\224\224\255\224\224\251\251\242\166\186\183\188\216\242\242\242\242\242\242\187\180\242\250\250\250\250\227\229\249\227\226\251\255\227\226\251\249\250\228\255\228\251\251\255\250\250\227\229\249\227\227\251\255\227\227\251\251\172\239\250\250\226\248\227\251\249\250\234\255\234\251\129\128\194\128\128\128\213\235\226\54\42\39\48\226\43\25\248\18\15\24\49\12\16\59\14\35\52\49\55\255\43\25\248\18\15\24\49\12\16\59\14\35\52\49\55\237\234\234\251\236\243\235\237\234\244\242\239\244\242\235\235\226\39\48\38\204\226\226\226\226\226\226\36\52\39\35\45\204\226\226\226\226\39\46\53\39\204\226\226\226\226\226\129\130\47\139\35\128\217\143\101\21\134\90\200\157\143\143\143\143\134\233\123\157\143\143\134\233\123\157\134\233\123\157\21\134\255\134\90\43\143\211\244\112\90\211\143\76\178\107\5\134\140\178\181\156\247\82\255\192\178\184\143\123\244\143\211\244\112\90\211\143\10\162\162\225\93\162\85\200\76\118\206\231\231\63\8\74\140\242\30\74\140\242\184\143\76\178\129\128\175\128\128\128\218\227\241\20\230\24\1\22\7\248\31\2\24\236\32\232\232\5\249\232\225\26\38\228\207\20\29\19\234\207\38\24\227\241\20\230\24\1\22\7\248\31\2\24\236\38\24\227\241\20\230\24\1\22\7\248\31\2\24\218\215\215\215\224\218\224\225\216\220\224\225\216\218\215\232\220\232\216\216\207\36\29\35\24\27\207\38\24\227\241\20\129\130\215\131\43\128\169\124\18\205\12\223\178\39\208\18\145\79\79\79\103\88\118\82\94\118\82\88\79\127\94\127\82\82\245\27\36\0\250\27\55\6\127\157\15\24\250\21\129\130\16\135\55\128\198\169\96\64\169\78\173\240\204\25\240\4\25\197\183\4\240\197\22\53\106\117\67\39\99\18\197\60\253\187\99\92\60\169\36\96\106\32\124\204\25\60\40\40\103\96\61\159\138\75\159\138\47\47\173\240\211\152\222\232\253\183\246\169\96\64\169\78\187\197\22\129\130\87\151\39\128\171\172\17\236\218\126\250\57\60\195\244\55\106\57\83\61\11\80\60\14\11\55\14\244\109\227\112\57\8\213\190\77\49\164\55\83\80\55\11\80\60\14\11\55\129\130\208\139\35\128\187\130\39\155\9\45\177\237\152\83\3\53\111\25\141\20\45\182\177\9\166\108\14\61\138\136\141\20\45\182\177\9\166\108\14\61\138\136\229\221\180\136\50\215\138\17\204\83\149\138\136\147\116\149\17\251\116\48\105\111\129\128\151\128\128\128\173\191\191\191\201\204\194\200\201\192\196\200\201\192\194\191\200\208\196\200\208\192\192\210\3\6\250\248\3\183\249\212\18\191\191\191\200\203\199\194\200\202\192\196\200\202\129\129\71\128\128\128\165\110\108\111\116\106\116\110\110\107\118\115\118\107\111\111\111\118\116\126\108\113\110\106\113\110\108\111\118\127\106\118\127\110\110\107\111\111\129\129\216\128\128\128\189\233\235\232\242\233\241\243\240\233\237\245\233\237\241\241\244\240\240\233\235\237\243\233\236\241\245\233\236\241\244\240\240\240\233\234\224\243\225\241\245\225\241\243\240\239\245\239\241\241\165\227\190\183\170\248\177\229\240\240\233\243\129\130\161\131\43\128\184\67\28\40\67\28\37\10\199\1\205\238\1\229\238\202\196\229\1\3\88\199\178\220\184\40\226\82\1\220\211\1\3\85\49\1\253\217\208\235\1\3\88\3\34\25\25\55\64\67\31\52\28\34\25\76\40\129\130\39\141\69\128\206\12\60\60\199\72\189\59\38\199\33\198\124\224\64\254\11\241\124\189\98\125\46\111\20\241\47\37\60\199\72\189\59\38\199\241\72\11\24\241\189\199\11\20\33\163\72\125\46\202\189\46\20\11\47\33\60\199\72\189\59\60\47\60\60\99\47\85\24\189\46\11\124\202\189\47\60\163\202\129\130\204\145\113\128\176\95\61\248\236\231\217\13\13\64\183\248\43\95\61\248\236\78\217\247\116\116\116\30\13\30\167\30\133\201\30\133\167\116\13\81\201\13\81\133\133\184\116\116\30\47\81\150\13\129\130\100\145\113\128\210\29\63\12\199\97\199\29\29\80\12\12\12\182\199\148\63\28\29\97\28\29\63\12\182\182\97\182\182\29\29\80\12\12\12\182\165\233\63\165\250\29\97\165\250\29\63\12\45\97\45\29\29\177\79\42\195\246\132\93\113\12\12\12\165\63\165\28\29\97\165\28\29\63\12\165\250\97\165\250\29\29\80\129\130\83\133\77\128\164\2\61\243\71\126\243\111\126\66\56\111\243\161\132\61\26\96\36\52\106\122\243\96\81\243\161\127\27\27\27\67\42\102\32\52\102\129\128\18\128\128\128\198\59\61\58\67\71\63\67\71\59\59\50\134\122\119\128\50\136\79\136\61\58\58\68\71\72\61\67\73\59\63\67\73\59\50\119\128\118\77\50\116\109\123\111\79\133\134\132\123\128\121\64\117\122\115\132\58\136\59\50\119\128\118\77\50\132\119\134\135\132\128\129\129\214\128\128\128\187\246\162\183\180\186\179\248\181\185\184\181\183\162\254\180\255\246\179\184\178\255\254\255\255\254\179\238\148\190\189\183\188\137\230\134\137\132\250\254\254\254\231\253\231\231\255\251\231\231\255\253\254\231\225\251\231\225\255\255\129\129\43\128\128\128\194\7\8\78\19\105\67\64\74\65\116\27\123\116\121\2\86\16\11\74\64\113\127\100\69\92\25\26\81\29\22\125\78\106\96\28\104\92\115\66\82\100\11\78\69\79\33\77\68\89\11\71\126\65\116\122\91\71\97\122\24\22\26\7\8\74\64\129\128\46\128\128\128\205\136\130\125\156\165\96\95\168\100\78\146\157\56\78\78\154\157\145\143\154\78\141\154\136\131\147\113\162\119\128\145\167\115\128\115\161\107\143\153\136\130\125\156\165\96\95\168\100\137\154\131\152\141\127\158\154\120\127\97\139\91\86\86\96\96\98\89\100\87\91\100\87\56\78\78\151\148\129\128\45\128\128\128\194\77\140\153\135\130\146\112\161\118\127\144\166\114\127\114\160\105\85\85\85\93\88\100\86\90\100\86\88\85\94\102\90\94\102\86\86\77\161\149\146\155\77\140\153\135\130\146\112\161\118\127\144\166\114\127\114\160\106\140\153\135\130\146\112\161\118\129\130\9\135\55\128\197\71\190\88\236\71\236\46\54\33\33\103\124\131\54\96\145\40\68\96\145\40\233\204\11\197\79\233\233\176\246\127\85\50\11\74\103\96\95\131\134\253\92\239\162\64\25\253\15\64\110\148\180\162\253\127\92\204\222\53\8\71\190\88\236\71\236\46\79\204\129\128\7\128\128\128\182\117\107\17\115\118\106\104\115\39\102\88\120\112\57\126\90\121\111\108\74\122\17\107\118\17\39\39\115\118\106\104\115\39\121\90\109\96\93\81\84\113\82\78\77\68\109\124\117\106\123\112\118\117\47\129\128\162\128\128\128\218\234\250\216\1\9\17\246\250\6\27\206\5\13\19\17\218\229\210\211\17\238\6\227\5\28\6\203\172\14\17\5\3\14\194\240\17\233\22\235\12\26\238\4\228\27\212\245\22\241\223\234\250\216\1\9\17\246\250\6\27\253\5\13\19\17\218\229\210\211\17\238\6\227\5\28\6\255\172\194\194\20\7\22\23\20\16\194\240\17\233\129\130\165\139\35\128\200\161\200\51\205\233\219\123\216\203\54\161\10\137\230\62\128\106\13\134\181\192\106\233\241\112\230\227\241\126\93\93\93\192\126\192\225\104\148\192\225\104\126\93\203\203\148\203\203\104\104\19\5\5\252\95\241\19\5\5\73\106\230\208\73\5\156\189\24\167\241\76\131\129\130\234\147\155\128\217\76\219\248\96\75\74\86\39\74\238\39\67\29\238\74\104\124\37\20\20\86\133\248\236\218\105\113\226\226\141\27\198\245\65\198\245\75\74\9\66\37\28\86\57\152\76\219\248\96\113\104\124\37\20\20\86\133\248\236\218\105\74\105\20\86\168\74\74\238\39\67\29\238\74\238\217\181\9\19\200\210\37\236\9\76\38\141\37\75\129\128\229\128\128\128\171\5\73\84\5\81\84\72\70\81\5\62\50\82\47\26\38\78\47\54\50\34\96\98\32\5\81\26\78\42\56\79\93\30\27\42\59\57\22\30\34\62\50\82\129\128\156\128\128\128\176\230\209\221\5\230\237\233\188\1\10\0\166\188\188\8\209\5\225\239\6\20\213\210\225\242\240\205\213\247\196\196\196\205\199\205\206\197\201\205\206\197\199\196\213\201\213\197\197\129\130\83\139\35\128\169\82\242\181\90\13\148\79\214\24\13\11\77\77\77\22\179\57\170\79\90\57\13\179\57\228\181\38\5\129\162\225\140\96\85\11\77\77\77\22\179\170\129\129\144\128\128\128\200\254\244\154\176\176\207\193\225\249\162\231\195\226\248\245\211\227\173\246\229\254\243\228\249\255\254\184\190\190\190\185\154\176\176\176\176\252\255\243\241\252\176\210\232\218\219\248\162\207\166\222\254\213\173\161\154\176\176\176\176\231\248\249\252\245\176\228\226\229\245\176\244\129\128\249\128\128\128\208\104\3\25\25\25\25\25\25\98\95\25\59\113\67\68\97\43\88\47\71\103\62\54\54\33\33\42\35\42\34\36\33\42\41\38\42\41\34\34\25\109\97\94\103\3\25\25\25\25\25\25\25\25\107\94\109\110\107\103\25\101\46\98\62\76\99\113\50\47\62\79\77\42\50\84\62\65\50\63\93\129\130\207\133\77\128\216\120\145\125\230\49\9\160\151\181\181\181\156\1\111\111\111\111\111\111\200\235\14\200\1\111\111\111\111\111\111\111\111\9\200\19\24\9\245\111\245\220\235\1\111\111\111\111\111\111\200\245\195\1\111\111\111\111\200\245\195\1\111\111\200\245\195\1\200\245\195\1\235\250\190\180\235\111\105\120\110\40\135\180\191\250\130\75\210\129\130\212\131\43\128\164\139\69\75\242\0\33\242\52\52\24\33\253\247\24\52\154\157\66\66\193\109\60\151\241\154\9\160\139\76\76\103\82\103\79\85\76\129\129\192\128\128\128\173\242\242\237\242\242\233\233\202\224\224\183\168\169\172\165\224\130\131\186\186\143\243\184\129\159\130\167\132\252\253\227\161\171\154\148\143\174\183\242\241\186\246\224\164\175\129\129\85\128\128\128\186\95\117\117\117\117\57\58\54\52\57\117\15\55\39\38\48\1\32\96\10\109\99\31\110\117\15\55\39\38\48\1\32\96\10\109\99\31\121\23\22\47\47\26\102\45\20\10\23\50\17\104\10\4\36\60\103\34\6\129\129\201\128\128\128\205\187\161\172\138\186\225\168\162\147\157\134\167\190\251\248\179\255\229\139\138\179\179\134\250\177\136\150\139\174\141\224\195\233\233\233\233\160\175\233\147\171\187\186\172\157\188\252\150\241\255\131\244\244\225\225\251\226\251\224\228\251\224\233\189\161\172\167\195\233\233\233\233\233\233\155\156\154\129\129\61\128\128\128\169\120\101\92\13\82\106\113\90\102\30\111\104\110\120\101\92\13\82\106\113\90\22\12\96\0\70\82\77\0\103\95\79\78\88\105\72\8\98\5\11\119\129\129\249\128\128\128\214\132\243\217\217\217\217\156\149\138\156\144\159\217\163\155\139\138\156\173\140\204\166\193\207\179\196\196\209\209\200\211\200\208\210\209\203\202\212\203\202\208\208\217\141\145\156\151\243\217\217\217\217\217\217\149\150\154\152\149\217\183\181\160\178\137\207\146\147\206\207\147\213\151\139\188\169\140\136\207\148\172\179\186\213\177\145\129\130\23\139\35\128\173\44\154\135\127\116\251\66\72\190\30\127\138\102\154\176\248\251\124\179\157\176\25\52\52\14\253\85\138\143\251\8\220\242\124\187\85\63\58\242\133\119\119\119\119\119\129\129\64\128\128\128\181\96\14\12\25\11\48\118\43\42\119\118\42\108\2\3\58\58\15\115\56\1\31\2\39\4\125\31\17\49\41\114\55\19\50\40\37\3\51\104\33\43\26\20\15\46\55\114\113\58\118\108\2\3\129\128\188\128\128\128\188\54\54\11\239\52\253\27\254\35\0\229\198\220\220\220\220\220\220\42\46\1\12\49\45\242\41\17\6\255\232\254\255\54\54\11\239\52\253\27\254\35\0\249\27\13\45\37\238\51\15\46\36\33\255\47\228\29\39\22\16\129\130\58\141\69\128\204\61\208\69\196\183\108\248\118\148\161\108\108\61\209\82\135\13\148\117\174\79\188\218\218\218\218\218\218\226\130\13\143\74\18\5\118\148\161\108\108\61\209\82\135\13\148\117\174\83\13\87\247\143\196\69\113\4\130\91\161\17\66\39\169\204\126\61\208\69\196\183\108\248\118\148\161\129\129\19\128\128\128\206\105\105\92\32\107\82\76\81\116\87\58\25\51\51\51\51\51\51\114\32\70\102\43\42\94\122\120\80\63\81\80\105\105\92\32\107\82\76\81\116\87\46\76\66\98\122\33\100\64\97\123\118\80\96\59\114\120\73\71\92\125\100\33\34\105\37\63\81\80\105\105\92\32\107\82\76\81\116\129\130\25\139\35\128\214\5\220\135\121\121\121\121\121\121\126\181\159\178\27\54\54\16\255\87\140\145\253\239\250\87\87\126\74\65\228\46\239\134\5\184\46\148\244\156\63\54\170\255\145\112\250\10\209\68\178\247\181\126\211\54\63\52\87\107\253\239\250\87\87\126\74\65\228\46\239\134\5\220\135\121\121\121\121\121\121\10\222\244\126\189\87\129\130\195\145\113\128\169\187\156\68\175\37\54\221\221\2\38\187\20\18\37\154\71\208\18\36\68\188\21\170\70\85\171\120\54\102\107\52\222\189\87\2\17\170\21\4\221\89\129\130\62\149\189\128\199\218\168\189\64\64\185\109\22\147\9\168\177\210\155\16\222\222\222\222\222\222\26\89\93\51\26\222\97\156\147\231\47\38\185\101\101\64\206\21\222\114\89\222\26\89\93\51\26\222\231\143\9\9\38\109\89\13\63\134\185\34\248\5\252\1\1\231\152\64\235\198\129\129\254\128\128\128\167\212\204\203\200\215\213\141\145\143\177\146\132\134\183\143\197\222\169\152\191\187\147\182\177\181\181\132\174\195\187\179\161\161\182\205\145\173\222\155\129\129\211\128\128\128\205\189\183\217\243\243\243\243\243\243\191\188\176\178\191\243\140\129\133\145\132\178\161\166\230\150\232\243\183\188\243\191\188\176\178\191\243\167\166\156\162\133\158\167\161\144\148\185\226\225\238\168\174\232\243\140\129\133\145\132\178\161\166\230\150\238\167\166\156\162\133\158\167\161\144\148\185\226\129\130\173\141\69\128\165\55\77\206\67\193\47\77\77\77\77\77\77\219\80\119\77\80\67\63\15\241\33\193\198\181\181\42\220\42\146\194\246\42\146\194\233\24\129\129\98\128\128\128\185\4\35\39\15\42\45\41\41\24\50\66\6\13\104\66\66\66\66\66\66\66\66\61\48\52\32\53\3\16\23\87\39\57\13\12\56\8\54\38\6\63\78\32\33\24\24\45\81\26\35\61\32\5\38\95\61\51\129\129\22\128\128\128\169\103\127\36\97\69\100\126\115\85\101\62\119\125\76\66\89\120\97\36\39\108\32\58\84\85\108\108\89\37\110\87\73\84\113\82\63\28\54\54\54\54\129\130\171\139\35\128\215\11\11\2\101\247\25\11\11\11\11\11\11\49\82\60\162\115\214\187\112\104\239\24\148\44\49\82\60\162\115\214\187\112\104\239\24\132\198\170\74\244\112\123\74\137\225\145\156\2\71\178\242\192\19\253\217\143\90\74\5\239\126\228\123\253\68\57\8\253\57\143\68\74\101\145\162\27\178\134\253\90\82\217\140\143\214\74\129\128\209\128\128\128\198\25\57\48\58\33\9\8\253\58\50\14\50\4\38\70\9\10\30\58\60\20\253\51\14\48\35\39\19\40\50\67\70\6\22\78\219\241\241\241\241\54\61\68\54\219\241\241\241\241\241\241\51\67\54\50\60\219\241\241\241\241\54\63\53\219\241\241\54\63\53\129\128\49\128\128\128\210\59\150\159\149\59\157\160\148\146\157\81\151\166\159\148\165\154\160\159\81\135\152\118\162\156\126\126\126\101\167\89\136\153\98\123\106\127\126\114\105\106\144\118\118\101\167\93\118\102\118\155\116\117\139\125\158\136\136\119\148\90\59\81\81\157\160\148\146\157\81\137\116\100\158\165\101\166\127\162\148\128\108\129\129\150\128\128\128\192\182\242\249\182\250\249\245\247\250\182\245\253\165\160\193\175\226\230\211\171\166\173\182\206\213\165\251\226\162\227\216\231\245\217\171\245\253\165\160\193\175\226\230\211\182\243\248\242\156\182\182\250\249\245\247\250\182\216\216\226\208\221\249\239\129\129\5\128\128\128\170\117\113\66\116\62\37\97\106\37\105\106\102\100\105\37\118\111\97\55\108\110\73\95\77\99\51\56\45\45\45\52\46\54\44\40\54\44\46\45\61\40\61\129\130\145\131\43\128\178\12\12\66\241\123\123\237\99\114\222\252\225\237\102\228\72\234\207\189\39\204\210\117\159\105\195\51\241\192\219\189\175\241\241\246\201\204\213\192\241\150\201\36\111\60\123\120\84\57\60\129\128\48\128\128\128\194\143\117\117\100\166\110\88\88\96\91\105\89\93\105\89\80\159\162\80\117\101\117\154\115\116\138\124\157\135\135\118\147\110\88\88\88\96\91\97\99\89\93\97\99\89\91\88\98\98\93\98\98\89\89\80\148\159\58\80\80\80\80\156\159\147\145\129\128\78\128\128\128\196\186\110\162\147\197\180\155\143\151\168\167\160\196\195\137\110\178\189\110\186\189\177\175\186\110\190\135\179\188\148\149\175\166\139\165\182\127\152\135\156\155\143\134\135\173\147\147\130\196\115\118\118\118\128\121\130\119\123\130\119\121\118\128\127\123\128\127\119\129\130\46\147\155\128\176\57\143\142\106\77\3\192\229\1\153\220\201\68\240\221\181\126\105\173\88\96\115\97\182\142\173\88\154\236\142\142\142\142\50\107\135\97\50\142\20\191\249\1\228\173\97\3\249\129\129\254\128\128\128\206\182\202\197\222\154\145\222\146\145\157\159\146\222\145\167\152\146\152\154\186\205\182\195\187\203\187\148\189\186\164\178\147\169\169\184\157\219\214\214\204\213\207\202\215\211\207\202\215\197\222\188\181\151\191\204\155\159\137\151\182\202\195\145\167\152\146\152\154\186\205\182\222\155\144\154\244\222\222\129\130\193\151\39\128\177\161\161\48\235\161\77\244\114\235\172\152\80\215\192\31\91\68\19\60\175\126\48\152\63\212\120\114\48\57\109\161\45\25\212\163\161\169\198\86\140\45\109\68\195\232\166\218\60\169\129\128\141\128\128\128\166\208\192\250\1\193\2\219\254\240\220\184\219\219\1\211\216\252\6\253\1\212\254\173\242\251\241\151\173\173\173\173\228\245\190\215\198\219\218\129\129\188\128\128\128\211\253\132\133\227\249\249\136\202\129\148\235\212\141\246\133\242\241\253\132\133\227\249\249\136\202\145\232\249\203\218\241\253\245\230\229\238\202\201\149\147\148\148\148\142\151\137\149\145\137\149\151\148\141\140\145\141\140\149\149\182\156\156\156\156\249\137\249\214\255\248\230\240\209\235\235\250\223\129\148\249\137\249\214\129\129\47\128\128\128\208\108\107\117\99\66\120\120\105\76\2\109\100\70\110\29\74\78\88\70\103\27\6\0\7\7\7\29\4\30\26\6\2\30\26\6\4\7\27\2\27\6\6\37\15\15\15\15\97\97\91\105\100\64\86\95\91\104\94\18\97\97\91\105\100\64\86\95\91\104\94\5\7\7\29\4\29\6\2\29\6\129\130\247\151\39\128\182\221\215\215\10\217\243\221\215\215\53\10\99\122\53\217\215\223\252\140\194\99\163\122\249\30\220\16\221\10\217\243\221\171\240\220\174\171\215\145\203\62\33\33\226\255\88\125\134\255\217\114\33\122\217\129\129\9\128\128\128\199\106\125\96\102\103\33\94\97\56\67\48\71\68\72\49\48\86\76\76\61\127\37\76\60\76\99\74\77\83\69\100\94\94\79\106\32\3\101\102\106\104\101\41\81\74\58\100\125\61\124\71\120\106\70\52\33\33\57\34\58\32\36\58\32\3\41\41\101\102\106\104\129\128\203\128\128\128\208\55\235\25\25\63\17\22\58\68\59\63\18\60\8\243\243\243\252\246\252\2\244\248\252\2\244\246\243\252\251\248\252\251\244\244\213\235\235\66\51\52\55\48\235\34\51\252\21\4\25\24\12\3\4\42\16\16\255\65\9\243\243\251\245\252\244\246\243\253\252\248\253\252\244\244\235\58\61\235\16\129\129\67\128\128\128\178\118\6\41\0\7\25\15\46\20\20\5\32\125\107\107\107\115\104\114\118\106\110\114\118\106\104\107\114\116\110\114\116\106\106\99\39\44\73\99\99\99\99\47\44\32\34\47\99\23\6\129\130\75\147\155\128\202\32\221\2\30\182\249\230\97\13\250\210\192\3\238\201\134\21\2\30\115\134\88\106\106\39\13\10\67\67\1\105\238\86\124\67\238\238\162\238\238\86\86\9\171\171\171\171\79\136\164\126\79\171\49\220\22\30\1\202\126\32\22\163\39\210\106\58\106\41\68\87\249\239\98\129\128\176\128\128\128\201\7\7\246\19\213\216\216\226\218\225\217\219\216\225\230\221\225\230\217\217\186\208\208\208\208\25\22\208\4\245\39\22\253\241\249\10\9\2\38\37\46\237\242\251\25\241\226\21\17\39\25\248\228\208\36\24\21\30\208\8\243\227\29\36\228\37\254\33\19\255\237\8\243\129\130\154\133\77\128\180\153\187\222\158\227\32\207\137\37\113\32\32\222\248\17\197\247\202\222\253\207\58\147\192\142\204\58\58\58\58\77\162\143\12\183\32\27\223\178\183\117\243\243\158\232\203\98\77\162\143\12\183\129\130\28\147\155\128\167\230\211\239\68\87\41\59\59\248\222\115\88\59\241\174\211\239\135\202\183\50\222\203\39\153\20\20\210\77\49\39\115\49\39\218\124\124\124\124\129\129\85\128\128\128\190\16\96\16\63\22\17\15\25\56\2\2\19\54\104\125\16\96\16\63\22\17\15\25\56\2\2\19\54\120\23\30\60\20\103\48\52\34\60\29\97\124\122\125\125\103\126\99\124\120\99\124\95\117\117\117\117\27\27\33\19\30\58\129\130\178\139\35\128\220\229\130\174\191\141\81\12\12\174\180\235\119\229\130\174\191\141\128\106\106\216\139\205\4\117\161\205\4\117\32\18\18\9\108\254\32\18\18\152\9\174\185\152\108\18\122\147\227\97\174\238\185\12\141\243\23\32\9\108\254\32\86\119\243\221\86\18\20\31\133\26\26\23\235\238\207\229\89\229\32\254\119\32\18\18\86\119\243\221\86\18\9\129\129\228\128\128\128\205\143\211\161\141\175\174\141\178\139\190\217\130\145\138\135\144\141\139\138\204\136\178\143\161\176\134\136\213\213\148\190\142\187\175\148\173\205\238\136\139\135\133\136\196\179\150\163\129\210\130\163\158\178\169\157\141\217\159\153\238\196\196\130\139\150\196\170\209\147\138\174\137\214\136\217\204\204\129\129\207\128\128\128\170\254\228\249\230\226\249\230\227\236\163\153\164\138\155\173\163\254\254\191\149\165\144\132\191\134\225\173\239\171\160\197\239\239\239\239\163\160\172\174\163\239\137\129\129\10\128\128\128\200\82\103\51\60\51\61\60\0\42\42\42\42\99\108\42\102\92\97\79\94\104\102\59\59\122\80\96\85\65\122\67\36\103\55\55\34\34\34\59\33\59\58\35\39\59\58\35\33\34\59\58\39\59\58\35\35\42\126\98\111\100\0\42\42\42\42\42\42\76\82\103\51\129\129\10\128\128\128\167\60\51\61\60\55\92\109\79\123\97\71\71\71\62\124\34\102\92\97\79\94\104\102\59\59\122\80\96\85\65\122\67\36\104\81\68\63\125\100\129\128\96\128\128\128\196\170\205\146\204\189\140\204\182\203\165\180\194\204\145\145\208\186\202\191\171\208\169\142\203\137\106\128\128\128\128\197\204\211\197\201\198\128\204\182\203\165\180\194\204\145\145\208\186\202\191\171\208\169\142\205\157\157\136\136\136\146\139\147\137\141\147\137\139\129\128\160\128\128\128\175\200\217\205\217\201\201\192\20\8\5\14\170\192\192\192\192\192\192\230\248\13\217\214\217\215\214\221\200\200\12\246\11\229\244\2\12\209\209\16\250\10\255\235\16\233\206\2\129\128\4\128\128\128\208\95\82\57\123\114\78\113\54\112\97\49\112\90\111\73\88\102\112\53\53\116\94\110\99\79\116\77\50\111\45\46\112\90\111\73\88\102\112\53\53\116\94\110\99\79\116\77\50\109\101\45\41\54\57\58\14\36\36\36\36\36\36\109\106\36\74\92\113\61\58\61\59\58\64\52\36\120\108\105\114\129\130\11\135\55\128\175\235\245\115\6\154\133\154\140\133\182\245\115\6\154\133\154\140\133\56\35\35\35\105\126\133\56\98\126\42\70\98\126\42\56\35\119\70\119\42\42\235\206\13\199\81\235\235\129\129\2\128\128\128\169\34\34\103\110\113\103\8\34\34\34\34\34\34\68\90\111\59\52\59\53\52\63\110\84\105\71\86\96\110\51\51\114\88\104\93\73\114\75\44\96\89\129\130\249\131\43\128\181\227\152\94\67\215\64\143\61\16\128\61\251\58\200\245\31\61\140\140\73\7\55\22\218\73\212\131\58\23\89\89\89\89\89\89\52\43\89\203\1\64\164\155\164\158\155\173\113\113\137\119\140\116\129\129\65\128\128\128\164\106\105\112\114\108\112\114\104\104\97\53\41\36\47\97\7\25\44\120\119\120\118\119\124\7\25\44\120\119\120\118\119\106\105\105\115\129\129\189\128\128\128\191\136\139\150\140\140\148\144\140\140\148\157\216\211\217\183\157\157\157\157\216\211\217\183\157\157\157\157\234\207\250\216\139\219\250\199\235\240\196\212\230\243\136\202\211\247\208\143\209\224\128\234\241\138\207\254\246\255\233\199\218\211\149\234\129\130\20\141\69\128\208\240\223\222\123\227\110\88\70\79\170\28\231\175\80\206\192\145\145\197\192\145\145\210\192\145\145\184\192\145\132\197\192\145\145\132\192\145\132\171\206\41\80\28\66\5\170\27\248\105\183\170\28\41\144\183\27\1\144\180\131\45\28\28\145\249\145\67\145\184\41\93\145\184\41\19\144\183\27\1\144\129\128\195\128\128\128\192\227\37\0\62\235\235\246\247\238\250\236\240\250\236\239\235\235\235\246\252\238\249\236\240\249\236\238\235\249\240\249\236\236\239\235\235\246\245\237\244\236\238\235\246\240\246\236\236\239\235\235\247\252\238\244\252\236\240\244\252\236\64\254\41\129\129\174\128\128\128\187\193\220\142\199\147\134\134\134\159\133\159\157\135\131\159\157\135\133\134\159\154\131\159\154\135\135\130\141\204\142\202\193\142\194\193\205\207\194\142\216\147\204\245\199\243\131\197\149\142\199\200\142\216\146\134\134\134\158\133\129\128\231\128\128\128\191\24\26\16\20\24\26\16\18\15\24\25\20\24\25\16\16\7\91\79\76\85\7\93\36\93\18\25\28\29\7\76\85\75\34\7\73\66\80\68\36\90\91\89\80\85\78\21\74\79\72\89\15\93\16\7\76\85\75\34\7\89\76\91\129\130\165\151\39\128\201\40\227\135\133\17\92\115\89\184\199\138\158\135\138\92\17\61\115\84\133\184\135\161\84\61\84\84\61\239\141\112\196\127\196\150\127\84\139\133\133\184\135\161\139\133\133\227\184\17\40\227\135\133\118\121\150\227\170\98\147\49\155\230\135\61\46\6\210\250\17\227\20\135\129\129\235\128\128\128\170\140\197\136\131\138\153\195\195\195\218\218\221\192\223\194\198\223\194\199\195\195\210\220\193\218\194\192\195\218\219\198\218\219\194\194\199\195\195\210\211\192\211\129\128\65\128\128\128\204\106\110\121\106\109\105\105\114\113\121\107\114\106\108\105\114\122\110\114\122\106\106\109\105\105\114\113\114\107\114\106\108\105\121\110\121\106\106\106\158\109\105\167\182\175\164\181\170\176\175\105\106\173\176\164\162\173\97\172\126\105\105\105\114\113\119\108\114\116\106\110\114\116\106\108\105\129\129\40\128\128\128\218\25\29\5\25\29\1\1\19\68\71\75\73\68\8\74\21\83\26\24\29\4\0\0\26\25\31\3\25\27\1\5\25\27\1\4\0\0\0\26\25\30\3\16\1\5\16\1\3\0\25\25\5\25\25\1\1\4\0\0\0\26\24\29\3\25\25\1\5\25\25\1\3\0\25\30\5\25\30\1\1\4\26\24\27\4\0\0\0\26\26\129\130\44\149\189\128\182\70\179\49\49\137\221\49\49\137\179\116\70\28\221\70\28\137\137\109\3\138\71\134\204\201\45\116\116\49\179\49\175\137\221\49\175\137\200\11\54\204\96\71\204\8\71\75\33\8\204\218\45\54\163\129\128\4\128\128\128\175\109\97\49\111\63\36\109\106\36\122\64\44\44\52\47\53\56\45\49\53\56\45\36\120\108\105\114\36\122\65\122\47\44\44\54\57\58\47\53\54\45\49\53\54\45\36\105\129\130\16\131\43\128\184\90\60\193\112\54\33\75\39\199\105\108\102\75\90\69\154\57\72\51\102\136\114\139\112\63\90\60\193\112\102\63\108\111\102\90\112\108\51\54\84\63\154\57\93\90\57\51\108\136\54\139\112\63\90\60\139\129\128\29\128\128\128\176\69\70\70\69\116\143\100\130\83\131\100\151\115\106\150\134\70\39\61\61\130\139\129\39\61\61\137\140\128\126\137\61\139\78\108\133\94\110\131\143\86\107\105\112\88\61\129\140\129\128\30\128\128\128\211\62\138\141\129\127\138\62\106\83\117\96\138\110\134\81\79\91\70\70\79\72\79\71\73\70\79\81\75\79\81\71\71\89\62\140\79\109\134\95\111\132\144\87\108\106\113\91\106\83\117\96\138\110\134\81\79\62\131\140\130\40\62\62\138\141\129\127\138\62\113\114\115\138\99\85\125\152\142\111\136\98\100\145\129\129\82\128\128\128\196\105\114\54\61\114\62\61\49\51\62\114\8\62\42\1\26\53\34\97\0\52\61\111\41\47\105\114\1\6\7\62\23\101\13\40\34\3\56\22\20\33\111\8\62\42\1\26\53\34\97\0\52\61\114\55\60\54\88\114\114\1\6\7\62\23\101\13\40\129\130\64\133\77\128\194\112\213\82\148\158\127\7\8\8\53\23\53\63\13\33\53\63\13\17\113\62\137\102\47\132\77\107\102\8\38\38\38\13\224\122\57\132\137\122\102\224\57\87\83\153\77\183\178\77\238\107\2\8\38\38\38\13\224\57\102\52\114\224\224\62\67\129\128\22\128\128\128\186\111\78\78\101\97\74\141\143\107\143\83\124\139\132\121\138\127\133\132\62\68\68\68\63\32\54\54\54\54\130\133\121\119\130\54\103\75\78\131\110\103\94\95\120\132\106\83\71\32\54\54\54\54\141\126\127\130\123\129\128\196\128\128\128\192\228\56\54\57\41\228\40\51\206\228\228\228\228\228\228\45\42\228\21\249\252\49\28\21\12\13\38\50\24\1\1\236\236\245\238\245\237\239\236\245\249\241\245\249\237\237\228\56\44\41\50\206\228\228\228\228\228\228\228\228\54\41\56\57\129\128\250\128\128\128\190\108\104\26\77\78\79\102\63\49\89\116\106\75\100\62\64\109\85\104\43\73\98\59\75\96\108\51\72\70\77\87\34\40\40\40\35\4\26\26\26\26\26\26\95\102\109\95\4\26\26\26\26\26\26\26\26\108\95\110\111\108\104\129\130\182\141\69\128\214\86\76\11\50\56\86\86\86\86\86\86\215\76\202\56\86\86\86\86\215\76\202\56\86\86\215\76\202\56\215\76\202\56\50\89\189\163\50\86\94\55\202\189\29\76\232\77\241\241\51\72\250\142\90\56\202\89\56\86\86\50\89\189\163\50\86\59\167\107\68\154\224\128\102\37\159\228\189\207\228\167\76\189\154\11\89\129\130\228\139\35\128\186\158\156\92\125\252\235\1\70\249\81\62\84\241\169\202\48\167\82\136\169\37\15\136\68\34\103\106\81\70\23\219\29\147\213\70\54\131\45\67\82\68\68\70\169\202\68\81\40\15\7\21\34\70\21\246\136\18\40\129\128\62\128\128\128\169\123\102\102\102\111\105\112\103\107\112\103\105\102\113\107\113\103\103\106\97\166\169\134\179\181\164\157\165\140\142\133\173\176\162\94\162\173\94\184\167\144\129\129\245\128\128\128\193\146\147\140\176\190\152\134\147\195\174\146\185\148\188\198\143\147\198\131\153\191\185\168\200\162\185\194\135\182\190\183\161\143\146\155\221\170\178\174\221\147\128\155\150\129\156\154\155\221\220\153\154\150\148\153\213\158\200\221\221\196\194\193\223\196\129\129\178\128\128\128\194\155\153\154\138\159\138\155\155\137\222\221\209\211\222\146\208\143\201\154\154\154\129\129\153\133\155\159\133\155\153\154\129\159\129\155\155\158\154\154\129\134\153\131\135\155\159\131\135\155\158\129\128\158\154\154\128\129\152\131\155\153\154\129\159\129\155\129\128\31\128\128\128\215\72\75\71\71\81\87\74\85\72\76\85\72\75\71\71\81\80\74\80\86\72\76\80\86\72\156\90\133\142\145\63\136\92\80\75\66\129\63\131\142\63\139\142\130\128\139\63\149\92\129\122\136\124\76\138\90\63\136\133\63\149\91\71\71\79\74\80\88\72\76\80\88\72\63\147\135\132\141\63\149\92\149\74\71\71\81\84\129\128\174\128\128\128\206\228\217\223\230\215\219\223\230\215\206\19\28\18\233\206\16\9\23\11\235\33\34\32\23\28\21\220\17\22\15\32\214\36\215\206\19\28\18\233\206\32\19\34\35\32\28\206\34\15\16\26\19\220\17\29\28\17\15\34\214\16\215\206\19\28\18\215\214\215\11\218\214\20\35\28\17\34\23\129\129\173\128\128\128\174\194\195\133\132\193\194\206\204\193\141\198\144\133\133\156\158\154\134\159\132\128\159\132\150\193\194\206\204\193\141\207\144\214\133\133\133\159\158\155\134\149\132\128\149\132\134\129\128\183\128\128\128\193\223\232\233\228\232\233\224\224\227\223\223\233\235\232\226\232\232\224\228\232\232\224\227\223\223\233\234\235\225\232\224\226\223\233\231\228\233\231\224\224\227\223\223\223\233\236\232\226\232\232\224\228\232\232\224\226\223\232\239\228\232\239\224\224\52\129\128\243\128\128\128\185\46\89\98\101\19\92\48\27\27\36\29\36\28\30\27\36\37\32\36\37\28\28\31\22\85\19\87\98\19\95\98\86\84\95\19\105\48\85\78\92\80\32\94\46\19\92\89\19\105\47\27\27\35\30\36\40\28\129\128\27\128\128\128\189\72\76\80\68\59\143\131\128\137\59\145\88\145\70\67\67\77\80\81\70\82\68\72\82\68\59\128\137\127\86\59\125\118\132\120\88\142\143\141\132\137\130\73\126\131\124\141\67\145\68\59\128\137\127\86\59\141\128\143\144\141\129\130\217\141\69\128\185\111\121\189\198\211\85\250\47\224\124\111\224\198\189\225\211\238\121\250\111\237\238\225\238\238\225\33\72\129\202\228\7\172\20\207\233\116\124\163\237\120\20\181\198\142\112\11\7\112\215\85\155\181\146\238\121\250\129\130\236\131\43\128\219\54\24\10\76\76\66\27\72\75\66\54\76\241\208\145\66\181\205\178\232\90\33\54\100\9\193\253\100\30\75\54\21\72\39\57\54\100\103\48\57\21\15\48\76\45\163\100\100\127\136\148\109\148\103\115\148\103\157\48\57\21\15\48\76\18\163\93\100\100\148\109\142\103\115\142\103\112\100\100\100\130\136\139\109\139\103\115\139\103\109\100\129\130\200\147\155\128\203\164\31\164\211\211\12\192\192\126\164\202\230\107\211\249\192\107\240\31\107\240\211\211\12\192\192\88\249\107\202\211\31\107\202\211\12\192\192\126\164\3\230\107\211\249\192\107\126\31\107\126\211\211\15\41\90\5\62\40\147\79\192\192\107\249\107\183\211\31\107\183\211\12\97\14\129\129\15\128\128\128\207\47\107\96\47\99\96\108\110\99\47\121\50\109\84\102\82\34\100\52\47\102\105\47\121\51\39\39\63\37\62\38\36\39\62\63\34\62\63\38\38\47\123\103\106\97\47\121\50\121\36\61\58\57\47\106\97\107\52\47\109\84\102\82\50\124\123\125\102\97\104\33\108\103\110\125\39\121\38\47\129\129\55\128\128\128\183\82\89\83\12\23\69\82\67\66\69\89\23\67\86\85\91\82\25\84\88\89\84\86\67\31\85\30\23\82\89\83\30\31\30\106\27\31\81\66\89\84\67\94\88\89\31\30\91\88\84\86\91\23\92\10\129\128\78\128\128\128\196\118\118\118\131\128\121\127\128\119\123\127\128\119\121\118\127\133\123\127\133\119\119\137\186\189\177\175\186\110\176\139\201\118\118\127\131\127\121\135\119\123\135\119\122\118\118\127\132\129\120\127\119\121\118\127\126\123\127\126\119\119\122\118\118\127\132\128\120\129\130\37\131\43\128\180\184\160\166\157\190\172\190\160\160\169\157\157\184\196\184\166\202\160\172\202\160\169\157\157\157\184\193\208\166\199\160\172\199\160\166\157\190\172\190\160\160\169\157\157\157\184\199\205\166\184\205\160\129\129\138\128\128\128\197\167\187\178\163\161\162\187\184\167\187\184\163\163\247\177\236\229\248\170\227\183\162\162\162\187\161\191\163\167\191\163\161\162\187\187\167\187\187\163\163\166\169\232\170\238\229\170\230\229\233\235\230\170\252\183\232\209\227\215\167\225\177\170\227\236\170\252\182\186\129\130\255\131\43\128\201\95\91\55\46\73\95\97\182\97\128\119\119\149\158\161\128\152\122\134\152\122\95\46\73\43\176\95\37\16\58\22\182\88\91\85\58\73\52\137\40\55\34\85\119\97\122\95\46\73\43\176\95\85\46\91\94\85\73\95\91\34\37\67\46\137\40\76\73\40\34\91\119\37\129\128\59\128\128\128\177\100\91\160\169\159\100\99\100\100\99\181\164\141\162\161\180\128\134\168\174\161\113\100\69\91\91\160\169\159\69\91\91\167\170\158\156\167\91\180\115\160\109\146\168\159\178\142\180\107\129\129\87\128\128\128\172\34\96\96\108\119\51\56\119\59\56\52\54\59\119\34\48\15\34\50\36\7\17\17\106\127\127\102\125\102\126\124\127\102\103\122\102\103\126\126\108\119\46\111\50\129\129\91\128\128\128\174\105\12\54\63\44\8\34\107\46\108\108\102\46\60\3\46\62\40\11\29\29\123\62\53\63\81\123\123\55\52\56\58\55\123\35\30\9\51\107\52\26\40\110\43\41\29\129\130\80\145\113\128\211\194\89\59\112\244\175\112\124\175\227\193\124\112\143\193\8\145\74\158\106\41\74\21\158\41\93\123\157\59\112\72\229\194\56\128\175\161\243\213\192\226\246\194\89\93\143\193\8\145\74\158\106\41\74\21\158\41\112\5\158\244\250\112\112\72\229\194\56\128\175\161\243\213\192\226\246\194\89\91\248\248\248\145\129\128\86\128\128\128\211\129\138\127\131\138\127\129\126\135\140\131\135\140\127\127\179\147\188\203\196\185\202\191\197\196\126\132\132\132\127\118\200\187\202\203\200\196\118\175\203\159\156\202\168\200\198\193\163\188\185\126\132\132\132\127\118\187\196\186\96\118\118\158\155\186\185\153\196\208\137\189\189\135\176\170\142\138\147\188\203\196\185\202\129\130\8\145\113\128\188\1\103\86\176\22\22\22\193\178\40\40\40\40\52\103\155\121\52\40\35\34\37\174\206\18\172\223\241\90\0\35\106\21\176\176\73\227\209\193\5\209\193\178\40\40\40\40\239\240\1\52\189\40\188\154\205\189\40\172\103\129\130\198\135\55\128\210\12\166\166\166\166\166\166\165\144\166\179\28\225\176\144\172\130\151\53\36\14\179\148\113\113\222\222\29\236\29\229\243\222\85\1\85\229\229\166\242\158\137\200\12\166\166\166\166\166\166\166\166\228\137\242\249\228\200\166\14\169\4\158\22\207\141\235\57\214\228\176\4\21\67\21\78\137\36\39\193\130\7\129\128\40\128\128\128\168\123\161\88\157\95\95\133\80\86\86\86\81\50\72\72\72\72\72\72\141\148\155\141\50\72\72\72\72\72\72\72\72\154\141\156\157\154\150\72\150\129\129\95\128\128\128\197\54\51\85\127\127\127\127\127\127\58\49\59\85\127\127\127\127\58\49\59\85\127\127\58\49\59\85\58\49\59\85\51\48\60\62\51\127\52\58\107\9\25\44\103\110\57\14\28\22\38\100\127\59\48\127\51\48\60\62\51\127\47\56\47\56\60\54\104\10\129\128\196\128\128\128\169\38\1\35\11\255\228\47\41\248\26\10\55\252\245\42\21\7\13\61\1\52\43\52\43\39\45\251\25\38\228\41\50\40\206\48\51\39\37\48\228\30\129\128\78\128\128\128\171\175\196\183\181\200\178\186\186\134\187\191\149\149\161\139\180\195\188\177\194\183\189\188\118\166\186\179\184\191\165\199\129\143\168\161\144\122\179\168\152\149\194\150\129\129\192\128\128\128\204\244\148\140\183\178\134\148\244\233\224\178\165\180\181\178\174\224\152\172\165\170\177\151\185\243\129\154\147\130\155\165\154\138\135\180\136\244\148\140\183\178\134\148\244\157\224\165\174\164\202\172\175\163\161\172\224\133\135\145\144\142\167\173\248\248\153\243\245\253\171\165\244\150\134\179\248\129\129\52\128\128\128\218\5\82\101\119\125\77\111\124\113\80\87\119\90\78\7\83\83\5\110\96\12\0\28\79\28\28\5\4\7\30\5\29\31\28\5\5\25\5\5\29\29\24\28\28\5\4\5\30\5\29\31\28\7\25\7\29\29\24\28\28\28\5\5\2\31\5\5\29\25\5\5\29\31\28\6\5\25\6\5\29\29\24\28\28\28\5\4\6\31\5\129\130\166\135\55\128\220\32\197\225\253\32\197\211\190\253\32\225\253\32\197\197\218\190\190\253\246\253\211\253\32\197\225\253\32\197\218\253\253\246\218\190\190\253\253\46\211\46\197\225\46\197\17\197\49\236\133\112\134\137\151\221\214\200\119\161\46\46\21\11\25\134\210\126\105\168\236\134\134\147\105\18\0\144\203\46\253\112\221\123\165\245\81\137\151\221\214\200\119\129\129\91\128\128\128\187\54\99\99\2\104\110\115\114\81\62\55\40\62\50\61\123\4\30\21\13\123\47\51\62\53\81\123\123\48\62\111\13\29\40\99\106\61\10\24\18\34\102\4\30\21\13\81\62\53\63\81\55\52\56\58\55\123\58\16\129\130\90\149\189\128\207\75\137\92\37\125\222\104\150\129\41\54\167\66\49\250\142\117\250\54\117\121\79\54\250\125\146\184\7\37\37\7\37\37\7\217\91\113\44\250\250\66\3\142\121\217\96\92\137\205\205\95\188\62\242\158\162\113\162\162\95\74\242\204\95\183\225\162\158\11\158\183\183\246\162\162\162\95\95\95\129\129\232\128\128\128\167\195\217\217\193\197\217\217\193\195\192\217\221\197\217\221\193\193\196\192\192\209\223\195\217\222\193\197\217\222\193\196\192\192\192\217\216\216\195\220\129\129\147\128\128\128\181\186\190\167\186\184\187\162\170\190\162\170\186\186\238\186\191\153\179\179\219\214\247\240\208\253\233\160\244\244\162\201\199\171\167\187\232\162\162\166\191\187\187\187\162\162\165\184\167\186\190\167\186\184\129\128\222\128\128\128\200\6\19\11\19\7\7\10\6\6\6\15\15\18\9\17\7\11\17\7\9\6\19\11\19\7\7\10\15\14\19\10\6\6\6\15\15\14\9\23\7\11\23\7\9\6\15\22\11\15\22\7\7\10\6\6\15\14\17\9\15\17\7\11\15\17\7\91\7\10\232\254\254\129\128\193\128\128\128\217\9\6\37\36\4\47\59\244\40\40\242\27\21\249\245\233\60\233\233\242\242\247\236\242\249\234\238\242\249\234\237\233\233\233\250\248\236\242\244\234\238\242\244\234\236\233\242\243\238\242\243\234\234\237\250\249\237\233\233\242\241\249\236\242\250\234\238\242\250\234\237\233\233\233\242\241\242\236\249\234\238\249\234\236\233\242\245\238\242\129\128\53\128\128\128\212\105\94\94\178\94\97\63\85\85\125\122\153\152\120\163\175\104\156\156\102\143\137\109\105\93\176\93\93\93\110\110\96\102\109\94\98\102\109\94\96\93\108\98\108\94\94\97\93\93\102\101\105\95\102\94\96\93\103\102\98\103\102\94\94\97\93\93\93\110\108\96\107\94\98\107\94\96\93\108\98\108\94\94\97\129\128\84\128\128\128\218\124\124\124\133\133\136\127\133\133\125\129\133\133\125\127\124\133\140\129\133\140\125\125\209\125\128\94\116\116\156\153\184\183\151\194\206\135\187\187\133\174\168\140\136\124\207\124\124\124\141\141\127\138\125\129\138\125\127\124\134\133\129\134\133\125\125\128\124\124\124\133\133\133\127\140\125\129\140\125\127\124\133\134\129\133\134\125\125\128\124\129\129\181\128\128\128\217\157\132\132\133\158\140\156\152\140\156\153\157\157\140\140\158\128\156\152\128\156\153\157\157\140\130\158\132\134\156\152\132\134\156\153\132\132\131\200\156\191\200\142\149\212\254\216\134\207\234\226\193\227\249\254\230\217\236\253\136\226\237\211\140\234\234\140\234\234\140\246\149\208\219\209\191\217\218\214\212\217\149\251\236\130\198\218\214\222\129\130\3\135\55\128\180\40\86\170\160\227\191\12\227\247\12\184\170\247\227\184\114\114\100\191\30\44\209\174\121\170\61\226\212\89\191\247\247\139\254\26\244\244\72\27\240\198\111\93\237\40\139\90\205\58\216\2\82\129\130\190\139\35\128\166\162\233\247\109\239\252\211\123\186\112\2\247\79\98\145\214\167\118\118\118\217\151\217\250\129\173\217\250\129\151\118\250\173\250\129\129\189\129\129\129\154\128\128\128\178\161\186\212\195\173\233\245\249\241\233\207\251\167\249\195\195\205\254\215\213\216\186\255\244\254\144\246\245\249\251\246\186\202\240\233\173\226\220\233\239\210\239\200\248\201\205\243\168\161\186\129\128\44\128\128\128\206\144\155\76\152\155\143\141\152\76\148\143\121\139\161\147\95\151\139\92\105\134\141\162\149\147\166\144\152\152\100\153\157\115\115\127\84\151\145\96\130\114\159\100\93\146\125\111\117\165\88\141\119\153\95\166\139\131\160\130\120\119\127\152\133\116\135\84\84\84\94\87\93\92\85\89\93\92\85\129\128\55\128\128\128\171\98\95\108\100\108\96\96\148\96\87\166\169\87\170\171\169\160\165\158\114\87\135\161\170\110\175\125\170\172\127\172\137\153\138\142\160\105\116\159\154\132\150\172\129\129\3\128\128\128\181\100\48\104\92\51\35\102\109\103\9\111\108\96\98\111\35\91\115\49\118\64\83\78\48\87\117\52\96\103\108\92\56\35\103\108\35\111\108\96\98\111\35\87\108\72\103\103\86\89\92\86\79\104\129\129\36\128\128\128\183\73\25\126\69\82\77\67\94\64\72\72\28\73\85\99\99\119\12\79\65\16\114\98\87\28\21\66\117\103\109\93\8\69\111\73\23\94\123\115\80\114\104\111\119\72\125\108\127\12\12\23\14\21\13\15\129\130\75\147\155\128\193\67\1\238\162\1\238\86\86\50\86\171\136\193\171\231\126\145\79\202\172\171\211\155\1\250\68\59\2\20\135\13\96\164\183\136\88\210\135\136\220\183\183\154\249\88\154\239\60\98\171\202\117\183\9\79\136\164\126\79\171\59\164\13\78\60\129\130\36\145\113\128\166\11\168\168\234\84\13\134\15\68\200\131\68\80\131\183\149\80\68\114\28\167\30\233\166\217\217\116\49\30\149\250\29\251\62\200\80\80\220\129\128\66\128\128\128\191\175\179\137\137\149\106\146\172\181\121\186\136\181\183\138\183\148\164\149\153\171\116\110\163\141\175\117\188\161\153\182\152\142\141\149\174\155\138\157\106\106\118\109\115\114\107\111\115\114\107\159\107\125\98\146\165\184\147\173\185\134\134\168\129\129\150\128\128\128\182\166\207\212\171\248\238\197\204\227\244\243\243\198\182\243\248\242\156\250\249\245\247\250\182\199\241\253\244\244\231\250\201\161\220\239\173\182\242\249\182\250\249\245\247\250\182\210\196\220\166\217\210\221\211\129\129\211\128\128\128\173\140\238\137\178\165\186\180\169\183\191\191\235\190\162\148\148\128\251\139\163\225\166\144\131\158\224\135\165\228\176\183\188\140\255\178\152\190\224\169\140\132\167\133\159\152\129\128\80\128\128\128\179\163\188\169\152\171\120\120\133\122\129\121\123\120\129\131\125\129\131\121\121\173\121\139\112\161\183\187\178\178\193\188\175\135\154\201\141\148\162\154\128\159\148\155\149\175\112\181\190\180\90\188\129\129\1\128\128\128\178\110\98\96\109\33\111\57\56\121\87\107\119\101\121\88\108\54\64\75\107\104\58\33\101\110\33\109\110\98\96\109\33\103\117\76\81\68\89\104\104\60\122\124\58\33\111\57\56\121\87\129\129\248\128\128\128\209\146\142\156\128\161\149\207\185\178\146\145\197\158\140\181\168\189\160\145\145\216\157\150\156\242\148\151\155\153\148\216\150\204\186\145\160\176\181\147\156\168\188\169\148\195\216\156\151\216\148\151\155\153\148\216\178\176\185\180\151\158\143\138\197\208\208\201\210\201\209\211\208\202\203\213\202\203\209\209\195\216\129\130\96\131\43\128\183\170\252\38\155\104\56\71\161\140\80\44\83\164\23\62\56\35\68\173\146\197\182\192\143\170\140\126\164\173\137\131\164\192\185\2\56\134\62\134\158\68\146\38\101\17\192\140\173\192\164\173\137\131\164\192\129\128\144\128\128\128\186\254\226\251\223\234\226\192\216\224\254\0\243\205\254\249\252\203\176\3\198\216\242\218\242\250\220\246\210\231\205\254\226\251\223\234\226\192\216\224\254\0\243\176\245\254\244\154\252\255\243\241\252\176\252\226\228\229\253\129\128\186\128\128\128\207\46\238\239\6\39\49\15\15\245\218\30\41\218\38\41\29\27\38\218\17\242\33\19\43\237\235\41\30\247\226\226\235\229\241\227\231\241\227\245\218\38\12\14\15\39\46\238\239\6\39\49\15\15\247\17\242\33\19\43\237\235\41\30\218\31\40\30\196\38\41\29\27\38\218\10\235\5\43\52\129\129\234\128\128\128\178\188\210\181\131\139\130\187\166\215\218\224\134\133\137\139\134\202\153\163\160\169\154\222\162\139\137\141\153\185\130\166\158\209\202\142\133\202\134\133\137\139\134\202\190\163\137\175\167\219\153\129\129\195\128\128\128\173\146\254\184\190\248\227\176\138\137\128\179\247\139\162\160\164\176\144\171\143\183\254\151\138\160\134\142\242\176\146\227\166\173\167\201\175\172\160\162\175\227\155\180\154\177\129\129\43\128\128\128\176\96\90\98\101\73\126\93\16\11\79\68\11\71\68\72\74\71\11\81\108\106\79\92\73\120\120\22\80\112\3\3\3\26\0\26\18\2\6\26\18\2\0\3\26\24\6\26\24\129\130\142\135\55\128\208\173\173\25\57\229\22\236\194\11\166\166\166\236\187\250\173\201\250\173\187\166\229\250\201\229\250\173\173\25\57\236\236\236\249\43\110\246\207\253\172\155\165\141\176\60\225\200\57\228\127\85\74\207\60\211\211\110\81\144\74\212\179\141\148\99\158\250\134\53\67\95\179\211\102\162\186\11\246\207\253\129\129\20\128\128\128\164\102\95\101\93\90\118\65\98\79\60\60\37\63\44\61\57\44\61\73\73\41\114\97\122\119\96\125\123\122\60\91\33\125\98\65\76\129\129\215\128\128\128\199\189\191\132\178\129\174\181\226\224\148\254\221\247\247\185\239\238\175\129\189\161\179\175\142\186\224\150\157\189\190\140\244\185\239\238\175\129\189\161\179\175\142\186\224\150\157\189\190\252\255\255\230\253\230\254\252\255\230\225\250\230\225\254\254\138\234\177\176\142\239\239\129\129\11\128\128\128\215\68\64\63\124\114\94\114\35\68\62\98\125\94\83\97\99\88\110\93\114\105\62\60\72\34\1\43\43\101\63\73\98\83\67\70\96\111\91\79\90\103\54\101\63\73\98\83\67\70\96\111\91\79\90\103\32\35\35\58\33\58\34\32\35\57\58\38\57\58\34\34\1\43\43\103\89\95\94\102\127\63\62\71\102\124\94\94\129\128\72\128\128\128\198\133\121\82\173\182\172\82\187\145\146\139\184\124\144\169\171\175\187\155\176\148\188\163\160\191\161\186\147\185\145\150\170\157\190\163\112\112\112\122\115\124\113\117\124\113\115\112\126\117\126\113\113\165\165\133\174\189\182\171\188\177\183\182\112\113\82\104\104\180\183\129\129\247\128\128\128\191\148\150\155\215\131\131\129\197\144\132\173\132\187\165\190\162\197\206\206\202\166\144\156\149\149\134\155\168\192\189\142\223\153\207\206\143\161\157\129\147\143\174\154\192\182\189\157\158\222\253\215\215\155\152\148\150\155\215\154\129\142\174\159\129\129\220\128\128\128\184\144\178\153\176\171\152\152\153\143\182\132\240\169\180\152\159\149\158\172\233\140\172\151\174\234\225\146\133\235\175\179\191\183\175\137\189\244\168\168\170\238\187\175\134\175\144\142\149\137\238\229\229\240\178\181\176\129\130\228\151\39\128\214\216\135\112\80\109\184\52\158\244\144\224\221\80\124\124\75\75\193\75\144\239\75\144\147\147\216\129\247\144\158\46\57\236\75\14\43\233\115\195\147\202\196\196\83\14\196\198\221\80\196\175\126\195\227\60\184\198\23\152\149\0\0\23\89\106\204\196\80\60\247\198\196\109\69\17\124\14\103\198\201\80\83\221\198\124\147\129\129\210\128\128\128\183\190\189\177\179\190\242\185\239\250\250\250\224\227\224\249\231\251\255\231\251\249\250\227\225\255\227\225\251\251\233\190\189\177\179\190\242\176\239\169\231\229\254\250\250\229\226\248\227\251\249\250\234\255\234\251\129\128\202\128\128\128\203\243\246\242\242\1\250\244\251\243\245\242\251\3\247\251\3\243\243\246\242\242\0\1\245\251\1\243\247\251\1\243\246\242\242\1\250\245\0\243\247\0\243\71\5\48\57\60\234\51\7\242\242\251\244\251\243\245\242\251\1\247\251\1\243\243\246\237\44\234\46\57\234\54\57\45\129\129\187\128\128\128\204\218\215\155\205\134\217\224\210\230\150\208\128\155\210\221\155\205\135\147\147\147\139\144\138\136\146\150\138\136\146\144\147\138\139\150\138\139\146\146\155\207\211\222\213\155\205\134\205\144\137\142\141\155\222\213\223\128\155\217\224\210\230\134\200\207\201\210\213\220\149\216\211\218\201\147\205\129\128\93\128\128\128\213\134\125\194\203\193\152\125\207\194\209\210\207\203\125\209\190\191\201\194\139\192\204\203\192\190\209\133\191\134\125\194\203\193\134\133\134\186\133\210\197\161\160\166\159\205\146\173\205\168\207\147\134\125\194\203\193\103\125\125\202\211\214\182\197\169\203\162\201\212\161\161\162\176\199\181\133\134\103\125\125\201\175\177\178\202\129\129\86\128\128\128\164\34\98\99\26\59\33\3\3\107\126\126\111\111\124\103\127\125\126\100\103\123\100\103\127\127\92\51\56\50\92\37\31\28\21\38\98\129\130\75\151\39\128\204\195\2\48\140\160\192\163\31\183\120\227\227\227\155\40\178\83\250\86\178\83\250\40\227\178\178\86\178\178\250\250\166\198\117\206\45\48\183\186\68\45\227\250\49\43\43\255\169\215\238\22\183\247\14\31\22\252\238\238\198\227\227\227\106\106\40\178\247\250\86\178\247\250\40\227\201\129\130\9\149\189\128\207\56\186\35\56\102\102\219\82\15\61\219\204\145\166\229\82\169\141\99\162\82\169\61\36\219\169\169\166\103\169\229\195\237\2\250\141\77\98\69\250\204\2\2\10\10\81\81\14\123\14\102\144\81\14\249\186\14\249\102\102\169\141\145\82\15\219\169\169\169\169\120\119\241\19\27\19\187\69\103\129\129\251\128\128\128\177\185\172\198\169\174\168\190\163\154\203\148\172\183\156\160\149\207\185\146\163\179\182\144\159\171\191\170\151\166\241\219\219\219\219\146\157\219\149\148\143\219\136\205\179\153\177\153\145\183\129\128\65\128\128\128\169\167\131\152\97\181\169\166\175\97\173\147\149\150\174\181\117\118\141\174\184\150\150\126\122\122\97\166\173\180\166\97\173\147\149\150\174\181\117\118\141\174\129\128\253\128\128\128\180\116\82\82\58\37\37\47\39\46\38\40\37\47\46\42\47\46\38\38\29\98\107\97\7\29\29\98\105\112\98\102\99\29\105\79\81\82\106\113\49\50\73\106\116\82\82\58\58\37\37\47\40\129\129\11\128\128\128\212\62\34\38\62\34\43\127\99\110\101\1\43\43\43\43\103\100\104\106\103\43\84\121\99\63\82\102\67\84\66\60\92\105\48\43\111\100\43\103\100\104\106\103\43\98\58\89\122\73\96\113\58\72\54\120\66\65\72\123\63\67\106\104\108\120\88\99\71\127\80\83\124\82\121\64\122\66\69\105\94\125\80\120\61\129\129\172\128\128\128\202\228\206\230\206\198\224\202\238\251\130\195\220\241\140\195\222\140\132\132\156\134\157\133\135\132\157\157\129\157\157\133\133\241\140\195\222\140\223\229\230\239\220\152\228\205\207\203\223\255\196\224\216\247\132\132\132\156\135\157\156\133\129\157\156\133\135\132\157\156\129\157\156\133\133\129\129\144\128\128\128\190\205\171\176\207\226\248\164\201\253\216\207\217\167\199\242\173\249\161\194\225\210\251\234\161\211\176\245\254\244\154\176\176\176\176\207\226\248\164\201\253\216\207\217\167\199\242\184\227\166\216\242\218\242\250\220\246\210\199\185\154\176\176\129\129\57\128\128\128\195\92\85\74\92\80\95\25\85\107\109\108\84\77\13\12\117\84\78\108\108\4\4\17\17\10\19\8\16\18\17\15\20\15\16\16\25\77\81\92\87\51\25\25\25\25\87\1\0\65\111\83\79\93\65\96\84\14\120\115\83\80\98\26\87\1\0\65\129\130\183\131\43\128\185\185\245\25\227\31\194\254\92\122\149\245\242\56\47\47\47\74\56\74\98\50\62\74\98\50\56\47\77\74\62\77\74\50\50\206\110\233\236\194\95\95\164\152\83\28\34\182\34\47\16\89\143\221\149\221\245\155\129\128\157\128\128\128\168\3\223\244\198\167\189\189\189\189\11\209\223\6\245\229\234\8\1\237\225\238\9\218\11\209\223\6\245\229\234\8\1\237\225\238\9\200\197\197\206\129\128\148\128\128\128\206\190\197\189\191\188\197\197\193\197\197\189\189\158\180\180\180\180\0\230\232\233\1\8\200\201\224\1\11\233\233\209\197\158\180\180\249\0\7\249\253\250\180\0\230\232\233\1\8\200\201\224\1\11\233\233\209\209\200\180\8\252\249\2\158\180\180\180\180\0\230\232\233\1\8\200\201\224\1\129\128\164\128\128\128\220\27\249\249\225\213\174\196\196\9\16\23\9\13\10\196\16\246\248\249\17\24\216\217\240\17\27\249\249\225\225\204\204\219\207\213\217\205\209\213\217\205\196\24\12\9\18\174\196\196\196\196\244\213\239\21\30\250\220\3\13\5\12\245\240\225\244\213\239\21\30\250\220\3\13\5\12\245\240\207\213\174\196\196\196\196\13\10\196\244\213\239\21\129\130\235\131\43\128\164\89\237\147\8\38\14\35\222\207\165\99\99\129\105\126\102\108\99\126\141\114\126\141\102\102\75\71\35\26\53\75\47\225\231\234\50\129\130\222\145\113\128\202\146\82\99\234\27\197\131\131\235\134\134\31\168\31\151\185\134\48\48\219\48\48\151\151\254\147\10\129\147\254\10\80\114\131\27\146\82\99\234\27\197\131\131\235\134\134\134\133\185\31\14\151\219\31\14\151\185\134\31\99\219\31\99\151\151\254\147\44\130\136\254\254\147\10\129\129\182\128\128\128\188\197\211\188\150\150\150\150\212\196\211\215\221\188\150\150\211\216\210\188\150\150\223\208\150\158\216\130\244\223\238\254\251\221\210\230\242\231\218\147\158\158\143\129\156\135\159\157\158\135\135\155\135\135\159\159\159\139\139\135\133\129\129\181\128\128\128\174\149\212\219\209\149\217\231\225\224\216\193\129\128\249\216\194\224\224\136\136\157\157\132\159\132\156\158\157\128\152\128\156\156\149\212\219\209\149\229\132\254\196\207\227\141\234\129\130\208\151\39\128\219\63\135\40\23\164\75\75\104\104\104\32\173\78\127\219\78\127\173\104\55\101\219\55\101\127\127\176\60\40\227\178\176\132\46\92\115\155\60\124\147\164\155\129\115\115\75\104\104\104\193\173\170\127\219\170\127\173\104\55\124\219\55\124\127\127\176\227\178\204\182\227\178\204\182\132\201\181\135\132\176\26\198\132\158\247\178\213\181\213\40\115\129\129\175\128\128\128\176\194\213\231\148\143\203\192\143\195\192\204\206\195\143\215\154\245\213\151\157\254\237\152\205\235\251\202\146\212\244\250\251\219\240\227\159\249\223\155\203\192\219\135\135\158\157\132\155\129\129\244\128\128\128\168\192\217\192\192\221\221\169\201\130\184\165\146\146\185\204\179\158\189\204\154\137\207\212\178\142\152\150\133\154\183\151\183\156\161\153\142\188\201\140\193\129\130\56\151\39\128\200\78\46\64\182\127\38\41\6\84\196\75\24\75\26\52\30\236\49\29\239\236\24\98\187\26\29\164\167\49\26\24\150\61\9\193\144\193\15\9\222\41\12\251\208\213\44\90\90\90\231\30\24\24\236\49\29\239\236\24\98\133\24\52\49\24\236\49\29\239\236\24\127\129\130\232\133\77\128\186\64\125\140\95\55\155\115\170\4\34\25\70\74\4\210\29\14\55\215\55\240\145\9\74\80\175\255\185\15\136\230\25\125\64\125\140\95\55\155\115\170\4\34\136\225\14\220\26\136\136\245\230\136\230\136\205\14\220\129\128\16\128\128\128\210\48\56\56\56\56\71\58\65\57\59\56\67\61\67\57\57\58\56\56\65\65\58\65\57\59\56\71\61\71\57\57\57\61\56\56\56\71\59\66\57\61\66\57\58\65\65\57\57\77\77\56\56\56\64\59\69\57\61\69\57\59\56\65\72\61\65\72\57\57\48\132\120\117\126\48\130\117\132\133\130\126\48\129\129\225\128\128\128\188\190\166\186\195\189\208\209\211\195\188\201\207\207\207\200\193\132\143\133\235\193\193\147\132\149\148\147\143\193\143\136\141\235\132\143\133\235\136\135\193\135\128\141\146\132\193\149\137\132\143\193\179\162\182\190\137\190\160\182\171\129\129\75\128\128\128\204\124\7\126\99\30\31\63\20\7\123\29\59\127\47\36\63\99\99\122\121\96\115\102\115\98\98\98\107\46\37\47\65\107\107\107\107\12\4\126\9\26\125\58\1\62\33\20\57\8\118\114\127\114\65\107\107\46\39\56\46\65\107\107\107\107\41\57\46\42\32\65\107\107\46\37\47\129\130\190\147\155\128\186\124\30\30\137\80\30\42\240\13\183\117\192\99\194\145\88\116\30\241\232\42\30\3\155\173\164\193\192\33\60\109\156\203\52\183\69\69\192\249\211\30\90\118\61\232\30\3\155\173\164\193\192\33\60\109\156\203\52\129\128\60\128\128\128\169\127\121\117\112\117\92\161\170\160\70\161\170\160\70\92\92\161\168\175\161\165\162\92\100\100\100\139\141\160\110\134\173\162\133\134\112\137\105\139\141\160\129\128\224\128\128\128\193\18\42\81\70\41\42\20\45\9\11\17\9\29\29\18\9\0\84\72\69\78\234\0\0\0\0\76\79\67\65\76\0\35\20\90\86\76\80\33\85\77\81\29\16\234\0\0\0\0\87\72\73\76\69\0\35\20\90\86\76\80\33\85\77\81\129\129\204\128\128\128\216\240\253\236\168\163\236\143\248\182\186\160\188\141\185\161\189\241\143\248\182\186\160\188\141\185\161\189\231\253\236\169\162\168\198\236\236\169\160\191\169\198\236\236\236\236\160\163\175\173\160\236\143\248\182\186\160\188\141\185\161\189\241\228\255\250\231\255\245\229\225\228\255\250\231\255\245\229\198\236\236\236\236\165\170\236\143\248\182\129\129\23\128\128\128\181\97\123\103\86\98\122\102\105\42\39\55\99\127\114\121\55\84\35\109\97\123\103\86\98\122\102\42\84\35\109\97\123\103\86\98\122\102\60\38\55\114\121\115\29\55\55\114\121\115\29\114\121\115\130"
local HtyUuAbWu={string.byte(Ik4NW1TU3K5,1,#Ik4NW1TU3K5)}
for i=1,#HtyUuAbWu do
  local v=HtyUuAbWu[i]-128
  if v<0 then v=v+256 end
  HtyUuAbWu[i]=v
end
local function ZH1OmCkpAJvbi8(s,p)
  local v=s[p]
  return v,p+1
end
local fUPApMfIVS={}
do
  local p=1
  while p<=#HtyUuAbWu do
    local op; op,p=ZH1OmCkpAJvbi8(HtyUuAbWu,p)
    if op==2 then
      fUPApMfIVS[#fUPApMfIVS+1]={op=op}
    elseif op==1 then
      local m,k,a,ia,lh,ll
      m,p=ZH1OmCkpAJvbi8(HtyUuAbWu,p)
      k,p=ZH1OmCkpAJvbi8(HtyUuAbWu,p)
      a,p=ZH1OmCkpAJvbi8(HtyUuAbWu,p)
      ia,p=ZH1OmCkpAJvbi8(HtyUuAbWu,p)
      lh,p=ZH1OmCkpAJvbi8(HtyUuAbWu,p)
      ll,p=ZH1OmCkpAJvbi8(HtyUuAbWu,p)
      local len=(lh*256)+ll
      local b={}
      for i=1,len do
        b[i],p=ZH1OmCkpAJvbi8(HtyUuAbWu,p)
      end
      fUPApMfIVS[#fUPApMfIVS+1]={op=op,m=m,k=k,a=a,ia=ia,b=b}
    else
      break
    end
  end
end
local function __vm_bxor(a,b)
  local r=0
  local bit=1
  while a>0 or b>0 do
    local aa=a%2
    local bb=b%2
    if aa~=bb then r=r+bit end
    a=(a-aa)/2
    b=(b-bb)/2
    bit=bit*2
  end
  return r
end
local function Ul4Nrfm2uy(e)
  local t={}
  for i=1,#e.b do
    local v
    if e.m==1 then
      v=__vm_bxor(e.b[i],e.k)
    elseif e.m==2 then
      v=((e.b[i]-e.k)*e.ia)%256
      if v<0 then v=v+256 end
    else
      v=e.b[i]-e.k
      if v<0 then v=v+256 end
    end
    t[i]=string.char(v)
  end
  return table.concat(t)
end
local function ziqqP6fyu(t)
  local s={}
  for i=1,#t do s[i]=string.char(t[i]) end
  return table.concat(s)
end
local hfXs4fyaAizG=_G
local Y4xsB0WYt2d2=function(a,b) return a[b] end
local OXyhRwbkT7=hfXs4fyaAizG[ziqqP6fyu({103,101,116,102,101,110,118})]
if OXyhRwbkT7 then
  hfXs4fyaAizG=OXyhRwbkT7()
elseif _ENV then
  hfXs4fyaAizG=_ENV
end
local B_IpxwXE={
  ziqqP6fyu({108,111,97,100}),
  ziqqP6fyu({115,116,114,105,110,103}),
  ziqqP6fyu({116,97,98,108,101}),
  ziqqP6fyu({99,104,97,114}),
  ziqqP6fyu({99,111,110,99,97,116})
}
local OP3eRje9d=Y4xsB0WYt2d2(hfXs4fyaAizG,B_IpxwXE[1])
local We_I_YCYaT5K=Y4xsB0WYt2d2(hfXs4fyaAizG,B_IpxwXE[2]) or string
local J454_Yvw=Y4xsB0WYt2d2(hfXs4fyaAizG,B_IpxwXE[3]) or table
local t3Ze8UByw=Y4xsB0WYt2d2(We_I_YCYaT5K,B_IpxwXE[4])
local aQXeCbLn2R1=Y4xsB0WYt2d2(J454_Yvw,B_IpxwXE[5])
local YVlYTCNR={}
local f9SCDsuqEemjX=1
local ukmCGQ6m=nil
local Sm8zPKZfjJ9=1
local _WQOwtVSVjY=0
local FBfUOwIjk7FcR={}
local __vm_op_alias={[1]=152,[2]=204}
FBfUOwIjk7FcR[__vm_op_alias[1]]=function(ins)
  YVlYTCNR[#YVlYTCNR+1]=Ul4Nrfm2uy(ins)
  f9SCDsuqEemjX=f9SCDsuqEemjX+1
  Sm8zPKZfjJ9=1
end
FBfUOwIjk7FcR[__vm_op_alias[2]]=function()
  local boiHMmV_We=aQXeCbLn2R1(YVlYTCNR)
  local lIXdE6D8v,_RFvlA8ZOb=OP3eRje9d(boiHMmV_We,nil,"t",hfXs4fyaAizG)
  if not lIXdE6D8v then error(_RFvlA8ZOb) end
  lIXdE6D8v()
  Sm8zPKZfjJ9=99
end
FBfUOwIjk7FcR[0]=function()
  Sm8zPKZfjJ9=99
end
while true do
  if Sm8zPKZfjJ9==1 then
    ukmCGQ6m=fUPApMfIVS[f9SCDsuqEemjX]
    if not ukmCGQ6m then Sm8zPKZfjJ9=99 else Sm8zPKZfjJ9=2 end
  elseif Sm8zPKZfjJ9==2 then
    local __h=FBfUOwIjk7FcR[__vm_op_alias[ukmCGQ6m.op] or 0] or FBfUOwIjk7FcR[0]
    __h(ukmCGQ6m)
  elseif Sm8zPKZfjJ9==3 then
    YVlYTCNR[#YVlYTCNR+1]=Ul4Nrfm2uy(ukmCGQ6m)
    f9SCDsuqEemjX=f9SCDsuqEemjX+1
    Sm8zPKZfjJ9=1
  elseif Sm8zPKZfjJ9==4 then
    Sm8zPKZfjJ9=1
  elseif Sm8zPKZfjJ9==7 then
    _WQOwtVSVjY=_WQOwtVSVjY+1
    if _WQOwtVSVjY>2 then Sm8zPKZfjJ9=1 else Sm8zPKZfjJ9=7 end
  else
    break
  end
  if (f9SCDsuqEemjX%97)==13 and Sm8zPKZfjJ9==1 and _WQOwtVSVjY==0 then Sm8zPKZfjJ9=7 end
end
